start 2026-10-05T23:28:52+00:00 commit dbaabc8 n=10000 workers=3
2026-10-05 23:28:55,622 INFO     league_010 — manifest verified: 7 checkpoints
2026-10-05 23:28:55,624 INFO     league_010 — league league: 36 pairings to play (n=10000, seed=20261005, workers=3)
2026-10-05 23:29:25,459 INFO     league_010 — C10__vs__C20 100/10000  C10 wins 45.0%  3.69 matches/s
2026-10-05 23:29:25,859 INFO     league_010 — C10__vs__M10 100/10000  C10 wins 40.0%  3.57 matches/s
2026-10-05 23:29:32,815 INFO     league_010 — C10__vs__C5 100/10000  C10 wins 53.0%  2.90 matches/s
2026-10-05 23:29:51,471 INFO     league_010 — C10__vs__C20 200/10000  C10 wins 49.5%  3.77 matches/s
2026-10-05 23:29:58,685 INFO     league_010 — C10__vs__M10 200/10000  C10 wins 44.0%  3.29 matches/s
2026-10-05 23:30:02,519 INFO     league_010 — C10__vs__C5 200/10000  C10 wins 52.0%  3.12 matches/s
2026-10-05 23:30:25,200 INFO     league_010 — C10__vs__C20 300/10000  C10 wins 53.3%  3.46 matches/s
2026-10-05 23:30:28,260 INFO     league_010 — C10__vs__C5 300/10000  C10 wins 49.7%  3.34 matches/s
2026-10-05 23:30:31,652 INFO     league_010 — C10__vs__M10 300/10000  C10 wins 42.0%  3.20 matches/s
2026-10-05 23:30:53,467 INFO     league_010 — C10__vs__C5 400/10000  C10 wins 49.2%  3.48 matches/s
2026-10-05 23:30:57,515 INFO     league_010 — C10__vs__C20 400/10000  C10 wins 51.0%  3.36 matches/s
2026-10-05 23:31:02,638 INFO     league_010 — C10__vs__M10 400/10000  C10 wins 40.0%  3.21 matches/s
2026-10-05 23:31:27,501 INFO     league_010 — C10__vs__C5 500/10000  C10 wins 51.8%  3.35 matches/s
2026-10-05 23:31:27,569 INFO     league_010 — C10__vs__M10 500/10000  C10 wins 39.2%  3.34 matches/s
2026-10-05 23:31:30,280 INFO     league_010 — C10__vs__C20 500/10000  C10 wins 50.4%  3.29 matches/s
2026-10-05 23:31:51,899 INFO     league_010 — C10__vs__M10 600/10000  C10 wins 40.5%  3.45 matches/s
2026-10-05 23:32:02,160 INFO     league_010 — C10__vs__C5 600/10000  C10 wins 53.7%  3.26 matches/s
2026-10-05 23:32:02,361 INFO     league_010 — C10__vs__C20 600/10000  C10 wins 49.8%  3.26 matches/s
2026-10-05 23:32:16,159 INFO     league_010 — C10__vs__M10 700/10000  C10 wins 41.4%  3.53 matches/s
2026-10-05 23:32:35,614 INFO     league_010 — C10__vs__C20 700/10000  C10 wins 50.7%  3.22 matches/s
2026-10-05 23:32:38,076 INFO     league_010 — C10__vs__C5 700/10000  C10 wins 53.1%  3.19 matches/s
2026-10-05 23:32:39,855 INFO     league_010 — C10__vs__M10 800/10000  C10 wins 41.8%  3.60 matches/s
2026-10-05 23:33:04,663 INFO     league_010 — C10__vs__M10 900/10000  C10 wins 41.6%  3.65 matches/s
2026-10-05 23:33:08,866 INFO     league_010 — C10__vs__C20 800/10000  C10 wins 50.4%  3.19 matches/s
2026-10-05 23:33:13,426 INFO     league_010 — C10__vs__C5 800/10000  C10 wins 53.4%  3.14 matches/s
2026-10-05 23:33:29,515 INFO     league_010 — C10__vs__M10 1000/10000  C10 wins 42.2%  3.68 matches/s
2026-10-05 23:33:42,551 INFO     league_010 — C10__vs__C20 900/10000  C10 wins 50.8%  3.17 matches/s
2026-10-05 23:33:46,969 INFO     league_010 — C10__vs__C5 900/10000  C10 wins 52.7%  3.12 matches/s
2026-10-05 23:33:56,995 INFO     league_010 — C10__vs__M10 1100/10000  C10 wins 42.5%  3.68 matches/s
2026-10-05 23:34:13,487 INFO     league_010 — C10__vs__C5 1000/10000  C10 wins 52.5%  3.17 matches/s
2026-10-05 23:34:14,253 INFO     league_010 — C10__vs__C20 1000/10000  C10 wins 52.0%  3.17 matches/s
2026-10-05 23:34:28,853 INFO     league_010 — C10__vs__M10 1200/10000  C10 wins 42.5%  3.63 matches/s
2026-10-05 23:34:38,862 INFO     league_010 — C10__vs__C5 1100/10000  C10 wins 52.8%  3.23 matches/s
2026-10-05 23:34:45,630 INFO     league_010 — C10__vs__C20 1100/10000  C10 wins 51.4%  3.17 matches/s
2026-10-05 23:34:58,306 INFO     league_010 — C10__vs__M10 1300/10000  C10 wins 42.5%  3.61 matches/s
2026-10-05 23:35:09,792 INFO     league_010 — C10__vs__C5 1200/10000  C10 wins 53.1%  3.23 matches/s
2026-10-05 23:35:18,560 INFO     league_010 — C10__vs__C20 1200/10000  C10 wins 51.6%  3.16 matches/s
2026-10-05 23:35:22,360 INFO     league_010 — C10__vs__M10 1400/10000  C10 wins 42.4%  3.64 matches/s
2026-10-05 23:35:45,261 INFO     league_010 — C10__vs__C5 1300/10000  C10 wins 53.2%  3.20 matches/s
2026-10-05 23:35:47,273 INFO     league_010 — C10__vs__M10 1500/10000  C10 wins 41.9%  3.66 matches/s
2026-10-05 23:35:51,918 INFO     league_010 — C10__vs__C20 1300/10000  C10 wins 51.6%  3.14 matches/s
2026-10-05 23:36:10,952 INFO     league_010 — C10__vs__M10 1600/10000  C10 wins 42.1%  3.69 matches/s
2026-10-05 23:36:17,952 INFO     league_010 — C10__vs__C5 1400/10000  C10 wins 53.4%  3.18 matches/s
2026-10-05 23:36:24,735 INFO     league_010 — C10__vs__C20 1400/10000  C10 wins 51.6%  3.14 matches/s
2026-10-05 23:36:34,850 INFO     league_010 — C10__vs__M10 1700/10000  C10 wins 42.2%  3.72 matches/s
2026-10-05 23:36:52,056 INFO     league_010 — C10__vs__C5 1500/10000  C10 wins 53.7%  3.17 matches/s
2026-10-05 23:36:58,131 INFO     league_010 — C10__vs__C20 1500/10000  C10 wins 51.5%  3.13 matches/s
2026-10-05 23:36:59,390 INFO     league_010 — C10__vs__M10 1800/10000  C10 wins 42.8%  3.74 matches/s
2026-10-05 23:37:24,155 INFO     league_010 — C10__vs__M10 1900/10000  C10 wins 42.5%  3.75 matches/s
2026-10-05 23:37:27,150 INFO     league_010 — C10__vs__C5 1600/10000  C10 wins 53.5%  3.14 matches/s
2026-10-05 23:37:29,832 INFO     league_010 — C10__vs__C20 1600/10000  C10 wins 51.0%  3.13 matches/s
2026-10-05 23:37:48,891 INFO     league_010 — C10__vs__M10 2000/10000  C10 wins 42.2%  3.77 matches/s
2026-10-05 23:38:02,588 INFO     league_010 — C10__vs__C5 1700/10000  C10 wins 53.6%  3.12 matches/s
2026-10-05 23:38:03,552 INFO     league_010 — C10__vs__C20 1700/10000  C10 wins 50.9%  3.12 matches/s
2026-10-05 23:38:13,774 INFO     league_010 — C10__vs__M10 2100/10000  C10 wins 42.3%  3.78 matches/s
2026-10-05 23:38:35,846 INFO     league_010 — C10__vs__C20 1800/10000  C10 wins 50.5%  3.12 matches/s
2026-10-05 23:38:37,608 INFO     league_010 — C10__vs__C5 1800/10000  C10 wins 54.0%  3.11 matches/s
2026-10-05 23:38:38,273 INFO     league_010 — C10__vs__M10 2200/10000  C10 wins 42.9%  3.79 matches/s
2026-10-05 23:39:02,822 INFO     league_010 — C10__vs__M10 2300/10000  C10 wins 42.9%  3.80 matches/s
2026-10-05 23:39:08,122 INFO     league_010 — C10__vs__C20 1900/10000  C10 wins 50.3%  3.12 matches/s
2026-10-05 23:39:12,061 INFO     league_010 — C10__vs__C5 1900/10000  C10 wins 53.9%  3.10 matches/s
2026-10-05 23:39:27,212 INFO     league_010 — C10__vs__M10 2400/10000  C10 wins 43.1%  3.81 matches/s
2026-10-05 23:39:40,537 INFO     league_010 — C10__vs__C20 2000/10000  C10 wins 50.3%  3.11 matches/s
2026-10-05 23:39:46,386 INFO     league_010 — C10__vs__C5 2000/10000  C10 wins 54.0%  3.09 matches/s
2026-10-05 23:39:52,676 INFO     league_010 — C10__vs__M10 2500/10000  C10 wins 43.0%  3.82 matches/s
2026-10-05 23:40:13,429 INFO     league_010 — C10__vs__C20 2100/10000  C10 wins 50.2%  3.11 matches/s
2026-10-05 23:40:16,958 INFO     league_010 — C10__vs__M10 2600/10000  C10 wins 43.2%  3.83 matches/s
2026-10-05 23:40:19,191 INFO     league_010 — C10__vs__C5 2100/10000  C10 wins 54.2%  3.08 matches/s
2026-10-05 23:40:41,353 INFO     league_010 — C10__vs__M10 2700/10000  C10 wins 43.4%  3.84 matches/s
2026-10-05 23:40:46,439 INFO     league_010 — C10__vs__C20 2200/10000  C10 wins 50.2%  3.11 matches/s
2026-10-05 23:40:53,651 INFO     league_010 — C10__vs__C5 2200/10000  C10 wins 54.3%  3.08 matches/s
2026-10-05 23:41:05,612 INFO     league_010 — C10__vs__M10 2800/10000  C10 wins 43.4%  3.85 matches/s
2026-10-05 23:41:19,190 INFO     league_010 — C10__vs__C20 2300/10000  C10 wins 50.9%  3.10 matches/s
2026-10-05 23:41:28,691 INFO     league_010 — C10__vs__C5 2300/10000  C10 wins 54.0%  3.07 matches/s
2026-10-05 23:41:30,048 INFO     league_010 — C10__vs__M10 2900/10000  C10 wins 43.4%  3.86 matches/s
2026-10-05 23:41:51,995 INFO     league_010 — C10__vs__C20 2400/10000  C10 wins 51.0%  3.10 matches/s
2026-10-05 23:41:54,355 INFO     league_010 — C10__vs__M10 3000/10000  C10 wins 43.4%  3.86 matches/s
2026-10-05 23:42:02,865 INFO     league_010 — C10__vs__C5 2400/10000  C10 wins 54.0%  3.06 matches/s
2026-10-05 23:42:18,508 INFO     league_010 — C10__vs__M10 3100/10000  C10 wins 43.5%  3.87 matches/s
2026-10-05 23:42:22,832 INFO     league_010 — C10__vs__C20 2500/10000  C10 wins 50.7%  3.11 matches/s
2026-10-05 23:42:35,811 INFO     league_010 — C10__vs__C5 2500/10000  C10 wins 54.0%  3.06 matches/s
2026-10-05 23:42:46,398 INFO     league_010 — C10__vs__C20 2600/10000  C10 wins 51.1%  3.14 matches/s
2026-10-05 23:42:52,024 INFO     league_010 — C10__vs__M10 3200/10000  C10 wins 43.4%  3.84 matches/s
2026-10-05 23:43:10,028 INFO     league_010 — C10__vs__C5 2600/10000  C10 wins 54.2%  3.05 matches/s
2026-10-05 23:43:15,931 INFO     league_010 — C10__vs__M10 3300/10000  C10 wins 43.2%  3.85 matches/s
2026-10-05 23:43:16,958 INFO     league_010 — C10__vs__C20 2700/10000  C10 wins 50.6%  3.14 matches/s
2026-10-05 23:43:39,829 INFO     league_010 — C10__vs__M10 3400/10000  C10 wins 43.4%  3.85 matches/s
2026-10-05 23:43:44,521 INFO     league_010 — C10__vs__C5 2700/10000  C10 wins 54.3%  3.05 matches/s
2026-10-05 23:43:47,791 INFO     league_010 — C10__vs__C20 2800/10000  C10 wins 50.8%  3.15 matches/s
2026-10-05 23:44:02,899 INFO     league_010 — C10__vs__M10 3500/10000  C10 wins 43.2%  3.87 matches/s
2026-10-05 23:44:18,717 INFO     league_010 — C10__vs__C5 2800/10000  C10 wins 54.0%  3.04 matches/s
2026-10-05 23:44:21,333 INFO     league_010 — C10__vs__C20 2900/10000  C10 wins 50.6%  3.14 matches/s
2026-10-05 23:44:27,018 INFO     league_010 — C10__vs__M10 3600/10000  C10 wins 43.1%  3.87 matches/s
2026-10-05 23:44:52,477 INFO     league_010 — C10__vs__M10 3700/10000  C10 wins 43.1%  3.88 matches/s
2026-10-05 23:44:52,525 INFO     league_010 — C10__vs__C5 2900/10000  C10 wins 54.0%  3.04 matches/s
2026-10-05 23:44:53,711 INFO     league_010 — C10__vs__C20 3000/10000  C10 wins 50.7%  3.14 matches/s
2026-10-05 23:45:16,496 INFO     league_010 — C10__vs__M10 3800/10000  C10 wins 42.9%  3.88 matches/s
2026-10-05 23:45:26,425 INFO     league_010 — C10__vs__C20 3100/10000  C10 wins 50.9%  3.14 matches/s
2026-10-05 23:45:27,315 INFO     league_010 — C10__vs__C5 3000/10000  C10 wins 54.1%  3.03 matches/s
2026-10-05 23:45:42,173 INFO     league_010 — C10__vs__M10 3900/10000  C10 wins 42.8%  3.88 matches/s
2026-10-05 23:45:58,080 INFO     league_010 — C10__vs__C20 3200/10000  C10 wins 50.9%  3.14 matches/s
2026-10-05 23:46:01,097 INFO     league_010 — C10__vs__C5 3100/10000  C10 wins 53.9%  3.03 matches/s
2026-10-05 23:46:05,791 INFO     league_010 — C10__vs__M10 4000/10000  C10 wins 42.8%  3.89 matches/s
2026-10-05 23:46:29,719 INFO     league_010 — C10__vs__M10 4100/10000  C10 wins 42.8%  3.90 matches/s
2026-10-05 23:46:30,468 INFO     league_010 — C10__vs__C20 3300/10000  C10 wins 50.8%  3.14 matches/s
2026-10-05 23:46:34,780 INFO     league_010 — C10__vs__C5 3200/10000  C10 wins 53.5%  3.03 matches/s
2026-10-05 23:46:54,529 INFO     league_010 — C10__vs__M10 4200/10000  C10 wins 42.9%  3.90 matches/s
2026-10-05 23:47:03,390 INFO     league_010 — C10__vs__C20 3400/10000  C10 wins 50.6%  3.13 matches/s
2026-10-05 23:47:09,035 INFO     league_010 — C10__vs__C5 3300/10000  C10 wins 53.4%  3.03 matches/s
2026-10-05 23:47:18,436 INFO     league_010 — C10__vs__M10 4300/10000  C10 wins 42.9%  3.91 matches/s
2026-10-05 23:47:36,657 INFO     league_010 — C10__vs__C20 3500/10000  C10 wins 50.3%  3.13 matches/s
2026-10-05 23:47:43,024 INFO     league_010 — C10__vs__M10 4400/10000  C10 wins 42.8%  3.91 matches/s
2026-10-05 23:47:43,066 INFO     league_010 — C10__vs__C5 3400/10000  C10 wins 53.4%  3.02 matches/s
2026-10-05 23:48:07,005 INFO     league_010 — C10__vs__M10 4500/10000  C10 wins 42.6%  3.92 matches/s
2026-10-05 23:48:08,271 INFO     league_010 — C10__vs__C20 3600/10000  C10 wins 50.3%  3.13 matches/s
2026-10-05 23:48:17,710 INFO     league_010 — C10__vs__C5 3500/10000  C10 wins 53.6%  3.02 matches/s
2026-10-05 23:48:31,779 INFO     league_010 — C10__vs__M10 4600/10000  C10 wins 42.7%  3.92 matches/s
2026-10-05 23:48:39,325 INFO     league_010 — C10__vs__C20 3700/10000  C10 wins 50.3%  3.13 matches/s
2026-10-05 23:48:51,700 INFO     league_010 — C10__vs__C5 3600/10000  C10 wins 53.6%  3.02 matches/s
2026-10-05 23:48:55,186 INFO     league_010 — C10__vs__M10 4700/10000  C10 wins 42.6%  3.93 matches/s
2026-10-05 23:49:13,069 INFO     league_010 — C10__vs__C20 3800/10000  C10 wins 50.6%  3.13 matches/s
2026-10-05 23:49:19,719 INFO     league_010 — C10__vs__M10 4800/10000  C10 wins 42.7%  3.93 matches/s
2026-10-05 23:49:26,415 INFO     league_010 — C10__vs__C5 3700/10000  C10 wins 53.4%  3.01 matches/s
2026-10-05 23:49:43,314 INFO     league_010 — C10__vs__M10 4900/10000  C10 wins 42.7%  3.93 matches/s
2026-10-05 23:49:47,144 INFO     league_010 — C10__vs__C20 3900/10000  C10 wins 50.4%  3.12 matches/s
2026-10-05 23:50:01,790 INFO     league_010 — C10__vs__C5 3800/10000  C10 wins 53.3%  3.01 matches/s
2026-10-05 23:50:08,118 INFO     league_010 — C10__vs__M10 5000/10000  C10 wins 42.8%  3.94 matches/s
2026-10-05 23:50:20,996 INFO     league_010 — C10__vs__C20 4000/10000  C10 wins 50.4%  3.12 matches/s
2026-10-05 23:50:32,194 INFO     league_010 — C10__vs__M10 5100/10000  C10 wins 42.8%  3.94 matches/s
2026-10-05 23:50:37,641 INFO     league_010 — C10__vs__C5 3900/10000  C10 wins 53.5%  3.00 matches/s
2026-10-05 23:50:53,652 INFO     league_010 — C10__vs__C20 4100/10000  C10 wins 50.2%  3.12 matches/s
2026-10-05 23:50:55,669 INFO     league_010 — C10__vs__M10 5200/10000  C10 wins 42.9%  3.95 matches/s
2026-10-05 23:51:12,881 INFO     league_010 — C10__vs__C5 4000/10000  C10 wins 53.4%  3.00 matches/s
2026-10-05 23:51:20,438 INFO     league_010 — C10__vs__M10 5300/10000  C10 wins 42.8%  3.95 matches/s
2026-10-05 23:51:24,250 INFO     league_010 — C10__vs__C20 4200/10000  C10 wins 50.2%  3.12 matches/s
2026-10-05 23:51:44,247 INFO     league_010 — C10__vs__M10 5400/10000  C10 wins 43.0%  3.95 matches/s
2026-10-05 23:51:47,484 INFO     league_010 — C10__vs__C5 4100/10000  C10 wins 53.5%  2.99 matches/s
2026-10-05 23:51:55,895 INFO     league_010 — C10__vs__C20 4300/10000  C10 wins 50.1%  3.12 matches/s
2026-10-05 23:52:08,362 INFO     league_010 — C10__vs__M10 5500/10000  C10 wins 43.0%  3.96 matches/s
2026-10-05 23:52:21,902 INFO     league_010 — C10__vs__C5 4200/10000  C10 wins 53.5%  2.99 matches/s
2026-10-05 23:52:28,184 INFO     league_010 — C10__vs__C20 4400/10000  C10 wins 50.2%  3.12 matches/s
2026-10-05 23:52:32,614 INFO     league_010 — C10__vs__M10 5600/10000  C10 wins 43.1%  3.96 matches/s
2026-10-05 23:52:55,768 INFO     league_010 — C10__vs__C5 4300/10000  C10 wins 53.2%  2.99 matches/s
2026-10-05 23:52:57,526 INFO     league_010 — C10__vs__M10 5700/10000  C10 wins 43.2%  3.96 matches/s
2026-10-05 23:53:01,761 INFO     league_010 — C10__vs__C20 4500/10000  C10 wins 50.3%  3.12 matches/s
2026-10-05 23:53:22,316 INFO     league_010 — C10__vs__M10 5800/10000  C10 wins 43.2%  3.96 matches/s
2026-10-05 23:53:29,262 INFO     league_010 — C10__vs__C5 4400/10000  C10 wins 53.2%  2.99 matches/s
2026-10-05 23:53:33,917 INFO     league_010 — C10__vs__C20 4600/10000  C10 wins 50.5%  3.12 matches/s
2026-10-05 23:53:47,017 INFO     league_010 — C10__vs__M10 5900/10000  C10 wins 43.2%  3.96 matches/s
2026-10-05 23:54:03,402 INFO     league_010 — C10__vs__C5 4500/10000  C10 wins 53.3%  2.99 matches/s
2026-10-05 23:54:05,395 INFO     league_010 — C10__vs__C20 4700/10000  C10 wins 50.4%  3.12 matches/s
2026-10-05 23:54:12,523 INFO     league_010 — C10__vs__M10 6000/10000  C10 wins 43.3%  3.96 matches/s
2026-10-05 23:54:36,348 INFO     league_010 — C10__vs__M10 6100/10000  C10 wins 43.3%  3.96 matches/s
2026-10-05 23:54:37,128 INFO     league_010 — C10__vs__C5 4600/10000  C10 wins 53.3%  2.99 matches/s
2026-10-05 23:54:38,400 INFO     league_010 — C10__vs__C20 4800/10000  C10 wins 50.4%  3.12 matches/s
2026-10-05 23:54:59,961 INFO     league_010 — C10__vs__M10 6200/10000  C10 wins 43.2%  3.97 matches/s
2026-10-05 23:55:10,140 INFO     league_010 — C10__vs__C20 4900/10000  C10 wins 50.4%  3.12 matches/s
2026-10-05 23:55:10,887 INFO     league_010 — C10__vs__C5 4700/10000  C10 wins 53.1%  2.99 matches/s
2026-10-05 23:55:23,945 INFO     league_010 — C10__vs__M10 6300/10000  C10 wins 43.2%  3.97 matches/s
2026-10-05 23:55:42,439 INFO     league_010 — C10__vs__C20 5000/10000  C10 wins 50.5%  3.12 matches/s
2026-10-05 23:55:45,581 INFO     league_010 — C10__vs__C5 4800/10000  C10 wins 53.1%  2.99 matches/s
2026-10-05 23:55:48,796 INFO     league_010 — C10__vs__M10 6400/10000  C10 wins 43.2%  3.97 matches/s
2026-10-05 23:56:13,221 INFO     league_010 — C10__vs__M10 6500/10000  C10 wins 43.2%  3.97 matches/s
2026-10-05 23:56:13,616 INFO     league_010 — C10__vs__C20 5100/10000  C10 wins 50.5%  3.12 matches/s
2026-10-05 23:56:19,581 INFO     league_010 — C10__vs__C5 4900/10000  C10 wins 52.9%  2.99 matches/s
2026-10-05 23:56:37,264 INFO     league_010 — C10__vs__M10 6600/10000  C10 wins 43.3%  3.98 matches/s
2026-10-05 23:56:45,957 INFO     league_010 — C10__vs__C20 5200/10000  C10 wins 50.5%  3.12 matches/s
2026-10-05 23:56:53,018 INFO     league_010 — C10__vs__C5 5000/10000  C10 wins 53.0%  2.99 matches/s
2026-10-05 23:57:00,678 INFO     league_010 — C10__vs__M10 6700/10000  C10 wins 43.2%  3.98 matches/s
2026-10-05 23:57:19,192 INFO     league_010 — C10__vs__C20 5300/10000  C10 wins 50.5%  3.12 matches/s
2026-10-05 23:57:24,911 INFO     league_010 — C10__vs__M10 6800/10000  C10 wins 43.3%  3.98 matches/s
2026-10-05 23:57:25,200 INFO     league_010 — C10__vs__C5 5100/10000  C10 wins 52.9%  2.99 matches/s
2026-10-05 23:57:48,822 INFO     league_010 — C10__vs__M10 6900/10000  C10 wins 43.2%  3.99 matches/s
2026-10-05 23:57:51,427 INFO     league_010 — C10__vs__C20 5400/10000  C10 wins 50.5%  3.12 matches/s
2026-10-05 23:57:59,198 INFO     league_010 — C10__vs__C5 5200/10000  C10 wins 52.8%  2.99 matches/s
2026-10-05 23:58:13,656 INFO     league_010 — C10__vs__M10 7000/10000  C10 wins 43.1%  3.99 matches/s
2026-10-05 23:58:23,905 INFO     league_010 — C10__vs__C20 5500/10000  C10 wins 50.5%  3.12 matches/s
2026-10-05 23:58:33,643 INFO     league_010 — C10__vs__C5 5300/10000  C10 wins 52.8%  2.99 matches/s
2026-10-05 23:58:36,869 INFO     league_010 — C10__vs__M10 7100/10000  C10 wins 43.2%  3.99 matches/s
2026-10-05 23:58:55,919 INFO     league_010 — C10__vs__C20 5600/10000  C10 wins 50.4%  3.12 matches/s
2026-10-05 23:59:01,616 INFO     league_010 — C10__vs__M10 7200/10000  C10 wins 43.2%  3.99 matches/s
2026-10-05 23:59:06,385 INFO     league_010 — C10__vs__C5 5400/10000  C10 wins 52.9%  2.99 matches/s
2026-10-05 23:59:25,665 INFO     league_010 — C10__vs__M10 7300/10000  C10 wins 43.2%  3.99 matches/s
2026-10-05 23:59:29,163 INFO     league_010 — C10__vs__C20 5700/10000  C10 wins 50.5%  3.11 matches/s
2026-10-05 23:59:40,021 INFO     league_010 — C10__vs__C5 5500/10000  C10 wins 52.8%  2.99 matches/s
2026-10-05 23:59:50,425 INFO     league_010 — C10__vs__M10 7400/10000  C10 wins 43.1%  3.99 matches/s
2026-10-06 00:00:02,094 INFO     league_010 — C10__vs__C20 5800/10000  C10 wins 50.6%  3.11 matches/s
2026-10-06 00:00:14,627 INFO     league_010 — C10__vs__C5 5600/10000  C10 wins 52.9%  2.98 matches/s
2026-10-06 00:00:15,090 INFO     league_010 — C10__vs__M10 7500/10000  C10 wins 43.1%  4.00 matches/s
2026-10-06 00:00:31,344 INFO     league_010 — C10__vs__C20 5900/10000  C10 wins 50.8%  3.12 matches/s
2026-10-06 00:00:47,559 INFO     league_010 — C10__vs__M10 7600/10000  C10 wins 43.1%  3.98 matches/s
2026-10-06 00:00:49,628 INFO     league_010 — C10__vs__C5 5700/10000  C10 wins 52.9%  2.98 matches/s
2026-10-06 00:00:54,846 INFO     league_010 — C10__vs__C20 6000/10000  C10 wins 50.8%  3.13 matches/s
2026-10-06 00:01:18,210 INFO     league_010 — C10__vs__C20 6100/10000  C10 wins 50.8%  3.14 matches/s
2026-10-06 00:01:21,162 INFO     league_010 — C10__vs__M10 7700/10000  C10 wins 43.0%  3.96 matches/s
2026-10-06 00:01:23,811 INFO     league_010 — C10__vs__C5 5800/10000  C10 wins 52.9%  2.98 matches/s
2026-10-06 00:01:41,741 INFO     league_010 — C10__vs__C20 6200/10000  C10 wins 50.8%  3.16 matches/s
2026-10-06 00:01:53,989 INFO     league_010 — C10__vs__M10 7800/10000  C10 wins 42.9%  3.95 matches/s
2026-10-06 00:01:57,204 INFO     league_010 — C10__vs__C5 5900/10000  C10 wins 52.9%  2.98 matches/s
2026-10-06 00:02:06,243 INFO     league_010 — C10__vs__C20 6300/10000  C10 wins 51.0%  3.17 matches/s
2026-10-06 00:02:27,095 INFO     league_010 — C10__vs__M10 7900/10000  C10 wins 43.0%  3.93 matches/s
2026-10-06 00:02:31,020 INFO     league_010 — C10__vs__C5 6000/10000  C10 wins 52.8%  2.98 matches/s
2026-10-06 00:02:31,080 INFO     league_010 — C10__vs__C20 6400/10000  C10 wins 51.0%  3.18 matches/s
2026-10-06 00:02:55,456 INFO     league_010 — C10__vs__C20 6500/10000  C10 wins 51.0%  3.19 matches/s
2026-10-06 00:02:58,916 INFO     league_010 — C10__vs__M10 8000/10000  C10 wins 42.9%  3.92 matches/s
2026-10-06 00:03:04,356 INFO     league_010 — C10__vs__C5 6100/10000  C10 wins 52.9%  2.98 matches/s
2026-10-06 00:03:20,691 INFO     league_010 — C10__vs__C20 6600/10000  C10 wins 51.1%  3.20 matches/s
2026-10-06 00:03:31,554 INFO     league_010 — C10__vs__M10 8100/10000  C10 wins 43.0%  3.91 matches/s
2026-10-06 00:03:39,173 INFO     league_010 — C10__vs__C5 6200/10000  C10 wins 52.7%  2.98 matches/s
2026-10-06 00:03:44,439 INFO     league_010 — C10__vs__C20 6700/10000  C10 wins 51.1%  3.21 matches/s
2026-10-06 00:04:04,624 INFO     league_010 — C10__vs__M10 8200/10000  C10 wins 43.0%  3.89 matches/s
2026-10-06 00:04:08,586 INFO     league_010 — C10__vs__C20 6800/10000  C10 wins 51.2%  3.22 matches/s
2026-10-06 00:04:12,767 INFO     league_010 — C10__vs__C5 6300/10000  C10 wins 52.8%  2.98 matches/s
2026-10-06 00:04:32,092 INFO     league_010 — C10__vs__C20 6900/10000  C10 wins 51.1%  3.23 matches/s
2026-10-06 00:04:34,631 INFO     league_010 — C10__vs__M10 8300/10000  C10 wins 43.0%  3.88 matches/s
2026-10-06 00:04:47,095 INFO     league_010 — C10__vs__C5 6400/10000  C10 wins 52.9%  2.98 matches/s
2026-10-06 00:04:58,623 INFO     league_010 — C10__vs__C20 7000/10000  C10 wins 51.1%  3.24 matches/s
2026-10-06 00:05:06,976 INFO     league_010 — C10__vs__M10 8400/10000  C10 wins 43.0%  3.87 matches/s
2026-10-06 00:05:21,652 INFO     league_010 — C10__vs__C5 6500/10000  C10 wins 53.0%  2.98 matches/s
2026-10-06 00:05:22,647 INFO     league_010 — C10__vs__C20 7100/10000  C10 wins 51.1%  3.25 matches/s
2026-10-06 00:05:40,036 INFO     league_010 — C10__vs__M10 8500/10000  C10 wins 43.0%  3.86 matches/s
2026-10-06 00:05:46,438 INFO     league_010 — C10__vs__C20 7200/10000  C10 wins 51.0%  3.26 matches/s
2026-10-06 00:05:56,165 INFO     league_010 — C10__vs__C5 6600/10000  C10 wins 53.0%  2.98 matches/s
2026-10-06 00:06:10,548 INFO     league_010 — C10__vs__C20 7300/10000  C10 wins 51.0%  3.27 matches/s
2026-10-06 00:06:12,035 INFO     league_010 — C10__vs__M10 8600/10000  C10 wins 43.0%  3.85 matches/s
2026-10-06 00:06:31,175 INFO     league_010 — C10__vs__C5 6700/10000  C10 wins 53.2%  2.97 matches/s
2026-10-06 00:06:34,780 INFO     league_010 — C10__vs__C20 7400/10000  C10 wins 51.1%  3.28 matches/s
2026-10-06 00:06:45,263 INFO     league_010 — C10__vs__M10 8700/10000  C10 wins 43.0%  3.84 matches/s
2026-10-06 00:06:57,961 INFO     league_010 — C10__vs__C20 7500/10000  C10 wins 51.0%  3.29 matches/s
2026-10-06 00:07:05,908 INFO     league_010 — C10__vs__C5 6800/10000  C10 wins 53.2%  2.97 matches/s
2026-10-06 00:07:17,568 INFO     league_010 — C10__vs__M10 8800/10000  C10 wins 43.0%  3.83 matches/s
2026-10-06 00:07:21,614 INFO     league_010 — C10__vs__C20 7600/10000  C10 wins 50.9%  3.30 matches/s
2026-10-06 00:07:41,091 INFO     league_010 — C10__vs__C5 6900/10000  C10 wins 53.1%  2.97 matches/s
2026-10-06 00:07:45,840 INFO     league_010 — C10__vs__C20 7700/10000  C10 wins 51.0%  3.31 matches/s
2026-10-06 00:07:51,127 INFO     league_010 — C10__vs__M10 8900/10000  C10 wins 42.9%  3.81 matches/s
2026-10-06 00:08:10,463 INFO     league_010 — C10__vs__C20 7800/10000  C10 wins 51.0%  3.32 matches/s
2026-10-06 00:08:15,996 INFO     league_010 — C10__vs__C5 7000/10000  C10 wins 53.2%  2.97 matches/s
2026-10-06 00:08:24,829 INFO     league_010 — C10__vs__M10 9000/10000  C10 wins 42.8%  3.80 matches/s
2026-10-06 00:08:33,979 INFO     league_010 — C10__vs__C20 7900/10000  C10 wins 50.9%  3.33 matches/s
2026-10-06 00:08:49,998 INFO     league_010 — C10__vs__C5 7100/10000  C10 wins 53.1%  2.97 matches/s
2026-10-06 00:08:56,775 INFO     league_010 — C10__vs__M10 9100/10000  C10 wins 42.9%  3.79 matches/s
2026-10-06 00:08:58,754 INFO     league_010 — C10__vs__C20 8000/10000  C10 wins 50.9%  3.33 matches/s
2026-10-06 00:09:23,137 INFO     league_010 — C10__vs__C5 7200/10000  C10 wins 53.1%  2.97 matches/s
2026-10-06 00:09:23,199 INFO     league_010 — C10__vs__C20 8100/10000  C10 wins 50.9%  3.34 matches/s
2026-10-06 00:09:30,374 INFO     league_010 — C10__vs__M10 9200/10000  C10 wins 42.9%  3.78 matches/s
2026-10-06 00:09:46,644 INFO     league_010 — C10__vs__C20 8200/10000  C10 wins 50.8%  3.35 matches/s
2026-10-06 00:09:57,721 INFO     league_010 — C10__vs__C5 7300/10000  C10 wins 53.1%  2.97 matches/s
2026-10-06 00:09:59,289 INFO     league_010 — C10__vs__M10 9300/10000  C10 wins 42.9%  3.78 matches/s
2026-10-06 00:10:16,862 INFO     league_010 — C10__vs__C20 8300/10000  C10 wins 50.8%  3.35 matches/s
2026-10-06 00:10:23,334 INFO     league_010 — C10__vs__M10 9400/10000  C10 wins 43.0%  3.78 matches/s
2026-10-06 00:10:32,186 INFO     league_010 — C10__vs__C5 7400/10000  C10 wins 53.1%  2.97 matches/s
2026-10-06 00:10:46,888 INFO     league_010 — C10__vs__M10 9500/10000  C10 wins 43.1%  3.79 matches/s
2026-10-06 00:10:49,307 INFO     league_010 — C10__vs__C20 8400/10000  C10 wins 50.8%  3.35 matches/s
2026-10-06 00:11:02,272 INFO     league_010 — C10__vs__C5 7500/10000  C10 wins 53.1%  2.97 matches/s
2026-10-06 00:11:18,419 INFO     league_010 — C10__vs__M10 9600/10000  C10 wins 43.1%  3.78 matches/s
2026-10-06 00:11:21,917 INFO     league_010 — C10__vs__C20 8500/10000  C10 wins 50.7%  3.34 matches/s
2026-10-06 00:11:27,485 INFO     league_010 — C10__vs__C5 7600/10000  C10 wins 53.1%  2.98 matches/s
2026-10-06 00:11:52,434 INFO     league_010 — C10__vs__C5 7700/10000  C10 wins 53.1%  2.99 matches/s
2026-10-06 00:11:52,837 INFO     league_010 — C10__vs__M10 9700/10000  C10 wins 43.0%  3.77 matches/s
2026-10-06 00:11:54,520 INFO     league_010 — C10__vs__C20 8600/10000  C10 wins 50.8%  3.34 matches/s
2026-10-06 00:12:18,582 INFO     league_010 — C10__vs__C5 7800/10000  C10 wins 53.1%  3.00 matches/s
2026-10-06 00:12:26,710 INFO     league_010 — C10__vs__M10 9800/10000  C10 wins 43.0%  3.76 matches/s
2026-10-06 00:12:28,054 INFO     league_010 — C10__vs__C20 8700/10000  C10 wins 50.7%  3.33 matches/s
2026-10-06 00:12:50,135 INFO     league_010 — C10__vs__C5 7900/10000  C10 wins 53.1%  3.00 matches/s
2026-10-06 00:12:53,632 INFO     league_010 — C10__vs__C20 8800/10000  C10 wins 50.7%  3.34 matches/s
2026-10-06 00:12:57,302 INFO     league_010 — C10__vs__M10 9900/10000  C10 wins 43.0%  3.75 matches/s
2026-10-06 00:13:17,582 INFO     league_010 — C10__vs__C20 8900/10000  C10 wins 50.7%  3.35 matches/s
2026-10-06 00:13:24,562 INFO     league_010 — C10__vs__C5 8000/10000  C10 wins 53.2%  3.00 matches/s
2026-10-06 00:13:30,031 INFO     league_010 — C10__vs__M10 10000/10000  C10 wins 43.0%  3.74 matches/s
2026-10-06 00:13:30,033 INFO     league_010 — C10__vs__M10 winners_sha256=cad300474cabab51f7ba85982008e0c33d96e8088d98d9b596fe4dbdd752f361
2026-10-06 00:13:41,774 INFO     league_010 — C10__vs__C20 9000/10000  C10 wins 50.7%  3.35 matches/s
2026-10-06 00:13:58,680 INFO     league_010 — C10__vs__C5 8100/10000  C10 wins 53.2%  3.00 matches/s
2026-10-06 00:14:02,601 INFO     league_010 — C10__vs__M20 100/10000  C10 wins 44.0%  3.10 matches/s
2026-10-06 00:14:06,620 INFO     league_010 — C10__vs__C20 9100/10000  C10 wins 50.7%  3.36 matches/s
2026-10-06 00:14:31,026 INFO     league_010 — C10__vs__C20 9200/10000  C10 wins 50.7%  3.37 matches/s
2026-10-06 00:14:32,495 INFO     league_010 — C10__vs__C5 8200/10000  C10 wins 53.2%  3.00 matches/s
2026-10-06 00:14:36,100 INFO     league_010 — C10__vs__M20 200/10000  C10 wins 45.0%  3.04 matches/s
2026-10-06 00:14:55,213 INFO     league_010 — C10__vs__C20 9300/10000  C10 wins 50.7%  3.37 matches/s
2026-10-06 00:15:06,002 INFO     league_010 — C10__vs__C5 8300/10000  C10 wins 53.1%  3.00 matches/s
2026-10-06 00:15:06,400 INFO     league_010 — C10__vs__M20 300/10000  C10 wins 43.0%  3.12 matches/s
2026-10-06 00:15:19,546 INFO     league_010 — C10__vs__C20 9400/10000  C10 wins 50.6%  3.38 matches/s
2026-10-06 00:15:38,459 INFO     league_010 — C10__vs__M20 400/10000  C10 wins 42.5%  3.12 matches/s
2026-10-06 00:15:41,445 INFO     league_010 — C10__vs__C5 8400/10000  C10 wins 53.1%  3.00 matches/s
2026-10-06 00:15:43,496 INFO     league_010 — C10__vs__C20 9500/10000  C10 wins 50.7%  3.39 matches/s
2026-10-06 00:16:07,966 INFO     league_010 — C10__vs__C20 9600/10000  C10 wins 50.7%  3.39 matches/s
2026-10-06 00:16:11,164 INFO     league_010 — C10__vs__M20 500/10000  C10 wins 42.0%  3.11 matches/s
2026-10-06 00:16:15,962 INFO     league_010 — C10__vs__C5 8500/10000  C10 wins 53.1%  3.00 matches/s
2026-10-06 00:16:32,725 INFO     league_010 — C10__vs__C20 9700/10000  C10 wins 50.6%  3.40 matches/s
2026-10-06 00:16:42,117 INFO     league_010 — C10__vs__M20 600/10000  C10 wins 42.2%  3.13 matches/s
2026-10-06 00:16:49,573 INFO     league_010 — C10__vs__C5 8600/10000  C10 wins 53.2%  3.00 matches/s
2026-10-06 00:16:58,007 INFO     league_010 — C10__vs__C20 9800/10000  C10 wins 50.6%  3.40 matches/s
2026-10-06 00:17:13,479 INFO     league_010 — C10__vs__M20 700/10000  C10 wins 43.4%  3.14 matches/s
2026-10-06 00:17:23,081 INFO     league_010 — C10__vs__C20 9900/10000  C10 wins 50.6%  3.41 matches/s
2026-10-06 00:17:24,777 INFO     league_010 — C10__vs__C5 8700/10000  C10 wins 53.3%  2.99 matches/s
2026-10-06 00:17:44,454 INFO     league_010 — C10__vs__M20 800/10000  C10 wins 43.2%  3.15 matches/s
2026-10-06 00:17:47,763 INFO     league_010 — C10__vs__C20 10000/10000  C10 wins 50.8%  3.41 matches/s
2026-10-06 00:17:47,766 INFO     league_010 — C10__vs__C20 winners_sha256=8c142e32b5f9219d55421046167b7db28d419b56530a183312e4535f2076a6dc
2026-10-06 00:17:47,812 INFO     league_010 — finished C10__vs__C20
2026-10-06 00:17:58,494 INFO     league_010 — C10__vs__C5 8800/10000  C10 wins 53.2%  2.99 matches/s
2026-10-06 00:18:13,238 INFO     league_010 — C10__vs__M5 100/10000  C10 wins 50.0%  3.97 matches/s
2026-10-06 00:18:16,351 INFO     league_010 — C10__vs__M20 900/10000  C10 wins 43.1%  3.15 matches/s
2026-10-06 00:18:31,939 INFO     league_010 — C10__vs__C5 8900/10000  C10 wins 53.2%  2.99 matches/s
2026-10-06 00:18:37,787 INFO     league_010 — C10__vs__M5 200/10000  C10 wins 47.0%  4.02 matches/s
2026-10-06 00:18:47,650 INFO     league_010 — C10__vs__M20 1000/10000  C10 wins 42.6%  3.15 matches/s
2026-10-06 00:19:02,548 INFO     league_010 — C10__vs__M5 300/10000  C10 wins 46.3%  4.03 matches/s
2026-10-06 00:19:05,896 INFO     league_010 — C10__vs__C5 9000/10000  C10 wins 53.2%  2.99 matches/s
2026-10-06 00:19:20,645 INFO     league_010 — C10__vs__M20 1100/10000  C10 wins 43.3%  3.14 matches/s
2026-10-06 00:19:28,022 INFO     league_010 — C10__vs__M5 400/10000  C10 wins 48.0%  4.00 matches/s
2026-10-06 00:19:41,365 INFO     league_010 — C10__vs__C5 9100/10000  C10 wins 53.2%  2.99 matches/s
2026-10-06 00:19:51,989 INFO     league_010 — C10__vs__M20 1200/10000  C10 wins 44.1%  3.14 matches/s
2026-10-06 00:19:53,455 INFO     league_010 — C10__vs__M5 500/10000  C10 wins 47.4%  3.99 matches/s
2026-10-06 00:20:16,222 INFO     league_010 — C10__vs__C5 9200/10000  C10 wins 53.2%  2.99 matches/s
2026-10-06 00:20:18,425 INFO     league_010 — C10__vs__M5 600/10000  C10 wins 46.5%  3.99 matches/s
2026-10-06 00:20:23,779 INFO     league_010 — C10__vs__M20 1300/10000  C10 wins 44.2%  3.14 matches/s
2026-10-06 00:20:42,778 INFO     league_010 — C10__vs__M5 700/10000  C10 wins 47.1%  4.01 matches/s
2026-10-06 00:20:50,164 INFO     league_010 — C10__vs__C5 9300/10000  C10 wins 53.2%  2.99 matches/s
2026-10-06 00:20:55,471 INFO     league_010 — C10__vs__M20 1400/10000  C10 wins 43.5%  3.15 matches/s
2026-10-06 00:21:08,469 INFO     league_010 — C10__vs__M5 800/10000  C10 wins 46.8%  3.99 matches/s
2026-10-06 00:21:23,667 INFO     league_010 — C10__vs__C5 9400/10000  C10 wins 53.2%  2.99 matches/s
2026-10-06 00:21:27,753 INFO     league_010 — C10__vs__M20 1500/10000  C10 wins 43.4%  3.14 matches/s
2026-10-06 00:21:33,153 INFO     league_010 — C10__vs__M5 900/10000  C10 wins 46.9%  4.00 matches/s
2026-10-06 00:21:57,582 INFO     league_010 — C10__vs__M5 1000/10000  C10 wins 47.4%  4.01 matches/s
2026-10-06 00:21:58,285 INFO     league_010 — C10__vs__C5 9500/10000  C10 wins 53.2%  2.99 matches/s
2026-10-06 00:21:59,031 INFO     league_010 — C10__vs__M20 1600/10000  C10 wins 43.3%  3.15 matches/s
2026-10-06 00:22:21,922 INFO     league_010 — C10__vs__M5 1100/10000  C10 wins 47.4%  4.02 matches/s
2026-10-06 00:22:31,132 INFO     league_010 — C10__vs__M20 1700/10000  C10 wins 42.9%  3.14 matches/s
2026-10-06 00:22:32,959 INFO     league_010 — C10__vs__C5 9600/10000  C10 wins 53.1%  2.99 matches/s
2026-10-06 00:22:45,844 INFO     league_010 — C10__vs__M5 1200/10000  C10 wins 47.2%  4.03 matches/s
2026-10-06 00:23:02,717 INFO     league_010 — C10__vs__M20 1800/10000  C10 wins 43.1%  3.15 matches/s
2026-10-06 00:23:06,274 INFO     league_010 — C10__vs__C5 9700/10000  C10 wins 53.1%  2.99 matches/s
2026-10-06 00:23:10,604 INFO     league_010 — C10__vs__M5 1300/10000  C10 wins 47.2%  4.03 matches/s
2026-10-06 00:23:35,586 INFO     league_010 — C10__vs__M20 1900/10000  C10 wins 43.0%  3.14 matches/s
2026-10-06 00:23:35,666 INFO     league_010 — C10__vs__M5 1400/10000  C10 wins 47.0%  4.03 matches/s
2026-10-06 00:23:41,274 INFO     league_010 — C10__vs__C5 9800/10000  C10 wins 53.1%  2.99 matches/s
2026-10-06 00:23:59,766 INFO     league_010 — C10__vs__M5 1500/10000  C10 wins 47.5%  4.04 matches/s
2026-10-06 00:24:09,097 INFO     league_010 — C10__vs__M20 2000/10000  C10 wins 42.8%  3.13 matches/s
2026-10-06 00:24:16,191 INFO     league_010 — C10__vs__C5 9900/10000  C10 wins 53.2%  2.98 matches/s
2026-10-06 00:24:23,073 INFO     league_010 — C10__vs__M5 1600/10000  C10 wins 47.8%  4.05 matches/s
2026-10-06 00:24:41,613 INFO     league_010 — C10__vs__M20 2100/10000  C10 wins 42.7%  3.13 matches/s
2026-10-06 00:24:48,429 INFO     league_010 — C10__vs__M5 1700/10000  C10 wins 47.4%  4.04 matches/s
2026-10-06 00:24:49,344 INFO     league_010 — C10__vs__C5 10000/10000  C10 wins 53.2%  2.98 matches/s
2026-10-06 00:24:49,346 INFO     league_010 — C10__vs__C5 winners_sha256=d5a3f023d6a311c76d6c9ce87867c54d44fafbc4e49bbdd0cc1852a02926410d
2026-10-06 00:24:49,404 INFO     league_010 — finished C10__vs__C5
2026-10-06 00:24:49,404 INFO     league_010 — finished C10__vs__M10
2026-10-06 00:25:13,299 INFO     league_010 — C10__vs__M20 2200/10000  C10 wins 42.8%  3.13 matches/s
2026-10-06 00:25:14,168 INFO     league_010 — C10__vs__M5 1800/10000  C10 wins 47.7%  4.03 matches/s
2026-10-06 00:25:17,857 INFO     league_010 — C10__vs__bc_init 100/10000  C10 wins 78.0%  3.55 matches/s
2026-10-06 00:25:38,484 INFO     league_010 — C10__vs__M5 1900/10000  C10 wins 47.4%  4.04 matches/s
2026-10-06 00:25:45,967 INFO     league_010 — C10__vs__M20 2300/10000  C10 wins 42.8%  3.13 matches/s
2026-10-06 00:25:46,522 INFO     league_010 — C10__vs__bc_init 200/10000  C10 wins 84.0%  3.52 matches/s
2026-10-06 00:26:02,996 INFO     league_010 — C10__vs__M5 2000/10000  C10 wins 47.7%  4.04 matches/s
2026-10-06 00:26:14,215 INFO     league_010 — C10__vs__bc_init 300/10000  C10 wins 86.3%  3.55 matches/s
2026-10-06 00:26:17,516 INFO     league_010 — C10__vs__M20 2400/10000  C10 wins 42.5%  3.13 matches/s
2026-10-06 00:26:27,437 INFO     league_010 — C10__vs__M5 2100/10000  C10 wins 47.7%  4.04 matches/s
2026-10-06 00:26:42,955 INFO     league_010 — C10__vs__bc_init 400/10000  C10 wins 86.2%  3.53 matches/s
2026-10-06 00:26:50,162 INFO     league_010 — C10__vs__M20 2500/10000  C10 wins 42.6%  3.13 matches/s
2026-10-06 00:26:52,535 INFO     league_010 — C10__vs__M5 2200/10000  C10 wins 47.9%  4.04 matches/s
2026-10-06 00:27:11,612 INFO     league_010 — C10__vs__bc_init 500/10000  C10 wins 87.0%  3.52 matches/s
2026-10-06 00:27:17,297 INFO     league_010 — C10__vs__M5 2300/10000  C10 wins 47.8%  4.04 matches/s
2026-10-06 00:27:24,178 INFO     league_010 — C10__vs__M20 2600/10000  C10 wins 42.7%  3.12 matches/s
2026-10-06 00:27:40,461 INFO     league_010 — C10__vs__bc_init 600/10000  C10 wins 86.5%  3.51 matches/s
2026-10-06 00:27:41,435 INFO     league_010 — C10__vs__M5 2400/10000  C10 wins 48.3%  4.04 matches/s
2026-10-06 00:27:55,136 INFO     league_010 — C10__vs__M20 2700/10000  C10 wins 42.6%  3.12 matches/s
2026-10-06 00:28:06,207 INFO     league_010 — C10__vs__M5 2500/10000  C10 wins 48.0%  4.04 matches/s
2026-10-06 00:28:09,750 INFO     league_010 — C10__vs__bc_init 700/10000  C10 wins 87.1%  3.50 matches/s
2026-10-06 00:28:28,731 INFO     league_010 — C10__vs__M20 2800/10000  C10 wins 42.7%  3.12 matches/s
2026-10-06 00:28:30,758 INFO     league_010 — C10__vs__M5 2600/10000  C10 wins 48.1%  4.05 matches/s
2026-10-06 00:28:37,848 INFO     league_010 — C10__vs__bc_init 800/10000  C10 wins 87.9%  3.51 matches/s
2026-10-06 00:28:55,835 INFO     league_010 — C10__vs__M5 2700/10000  C10 wins 48.4%  4.04 matches/s
2026-10-06 00:29:01,643 INFO     league_010 — C10__vs__M20 2900/10000  C10 wins 42.8%  3.11 matches/s
2026-10-06 00:29:06,410 INFO     league_010 — C10__vs__bc_init 900/10000  C10 wins 88.4%  3.51 matches/s
2026-10-06 00:29:21,739 INFO     league_010 — C10__vs__M5 2800/10000  C10 wins 48.6%  4.04 matches/s
2026-10-06 00:29:34,063 INFO     league_010 — C10__vs__M20 3000/10000  C10 wins 42.5%  3.11 matches/s
2026-10-06 00:29:34,439 INFO     league_010 — C10__vs__bc_init 1000/10000  C10 wins 88.6%  3.51 matches/s
2026-10-06 00:29:46,126 INFO     league_010 — C10__vs__M5 2900/10000  C10 wins 48.6%  4.04 matches/s
2026-10-06 00:30:02,654 INFO     league_010 — C10__vs__bc_init 1100/10000  C10 wins 88.6%  3.51 matches/s
2026-10-06 00:30:05,646 INFO     league_010 — C10__vs__M20 3100/10000  C10 wins 42.3%  3.11 matches/s
2026-10-06 00:30:10,040 INFO     league_010 — C10__vs__M5 3000/10000  C10 wins 48.5%  4.04 matches/s
2026-10-06 00:30:27,874 INFO     league_010 — C10__vs__bc_init 1200/10000  C10 wins 88.5%  3.55 matches/s
2026-10-06 00:30:39,673 INFO     league_010 — C10__vs__M20 3200/10000  C10 wins 42.2%  3.11 matches/s
2026-10-06 00:30:41,033 INFO     league_010 — C10__vs__M5 3100/10000  C10 wins 48.3%  4.01 matches/s
2026-10-06 00:30:51,343 INFO     league_010 — C10__vs__bc_init 1300/10000  C10 wins 87.8%  3.59 matches/s
2026-10-06 00:31:05,742 INFO     league_010 — C10__vs__M5 3200/10000  C10 wins 48.6%  4.01 matches/s
2026-10-06 00:31:10,857 INFO     league_010 — C10__vs__M20 3300/10000  C10 wins 42.4%  3.11 matches/s
2026-10-06 00:31:19,454 INFO     league_010 — C10__vs__bc_init 1400/10000  C10 wins 88.1%  3.59 matches/s
2026-10-06 00:31:30,654 INFO     league_010 — C10__vs__M5 3300/10000  C10 wins 48.7%  4.01 matches/s
2026-10-06 00:31:43,215 INFO     league_010 — C10__vs__M20 3400/10000  C10 wins 42.4%  3.11 matches/s
2026-10-06 00:31:48,166 INFO     league_010 — C10__vs__bc_init 1500/10000  C10 wins 88.1%  3.58 matches/s
2026-10-06 00:31:55,908 INFO     league_010 — C10__vs__M5 3400/10000  C10 wins 48.6%  4.01 matches/s
2026-10-06 00:32:14,362 INFO     league_010 — C10__vs__M20 3500/10000  C10 wins 42.3%  3.11 matches/s
2026-10-06 00:32:16,726 INFO     league_010 — C10__vs__bc_init 1600/10000  C10 wins 88.3%  3.58 matches/s
2026-10-06 00:32:20,099 INFO     league_010 — C10__vs__M5 3500/10000  C10 wins 48.6%  4.01 matches/s
2026-10-06 00:32:45,111 INFO     league_010 — C10__vs__bc_init 1700/10000  C10 wins 88.2%  3.58 matches/s
2026-10-06 00:32:45,245 INFO     league_010 — C10__vs__M20 3600/10000  C10 wins 42.3%  3.12 matches/s
2026-10-06 00:32:45,642 INFO     league_010 — C10__vs__M5 3600/10000  C10 wins 48.6%  4.01 matches/s
2026-10-06 00:33:10,429 INFO     league_010 — C10__vs__M5 3700/10000  C10 wins 48.3%  4.01 matches/s
2026-10-06 00:33:12,163 INFO     league_010 — C10__vs__bc_init 1800/10000  C10 wins 88.3%  3.58 matches/s
2026-10-06 00:33:17,019 INFO     league_010 — C10__vs__M20 3700/10000  C10 wins 42.4%  3.12 matches/s
2026-10-06 00:33:35,291 INFO     league_010 — C10__vs__M5 3800/10000  C10 wins 48.1%  4.01 matches/s
2026-10-06 00:33:41,325 INFO     league_010 — C10__vs__bc_init 1900/10000  C10 wins 87.9%  3.57 matches/s
2026-10-06 00:33:48,451 INFO     league_010 — C10__vs__M20 3800/10000  C10 wins 42.2%  3.12 matches/s
2026-10-06 00:34:00,375 INFO     league_010 — C10__vs__M5 3900/10000  C10 wins 48.4%  4.01 matches/s
2026-10-06 00:34:08,387 INFO     league_010 — C10__vs__bc_init 2000/10000  C10 wins 87.8%  3.58 matches/s
2026-10-06 00:34:21,658 INFO     league_010 — C10__vs__M20 3900/10000  C10 wins 42.3%  3.12 matches/s
2026-10-06 00:34:25,204 INFO     league_010 — C10__vs__M5 4000/10000  C10 wins 48.4%  4.01 matches/s
2026-10-06 00:34:37,303 INFO     league_010 — C10__vs__bc_init 2100/10000  C10 wins 87.9%  3.57 matches/s
2026-10-06 00:34:49,151 INFO     league_010 — C10__vs__M5 4100/10000  C10 wins 48.5%  4.02 matches/s
2026-10-06 00:34:53,283 INFO     league_010 — C10__vs__M20 4000/10000  C10 wins 42.2%  3.12 matches/s
2026-10-06 00:35:05,599 INFO     league_010 — C10__vs__bc_init 2200/10000  C10 wins 87.9%  3.57 matches/s
2026-10-06 00:35:13,594 INFO     league_010 — C10__vs__M5 4200/10000  C10 wins 48.3%  4.02 matches/s
2026-10-06 00:35:24,488 INFO     league_010 — C10__vs__M20 4100/10000  C10 wins 42.1%  3.12 matches/s
2026-10-06 00:35:33,656 INFO     league_010 — C10__vs__bc_init 2300/10000  C10 wins 88.1%  3.57 matches/s
2026-10-06 00:35:37,577 INFO     league_010 — C10__vs__M5 4300/10000  C10 wins 48.4%  4.02 matches/s
2026-10-06 00:35:57,057 INFO     league_010 — C10__vs__M20 4200/10000  C10 wins 42.2%  3.12 matches/s
2026-10-06 00:36:01,117 INFO     league_010 — C10__vs__bc_init 2400/10000  C10 wins 88.2%  3.57 matches/s
2026-10-06 00:36:02,461 INFO     league_010 — C10__vs__M5 4400/10000  C10 wins 48.6%  4.02 matches/s
2026-10-06 00:36:27,744 INFO     league_010 — C10__vs__M5 4500/10000  C10 wins 48.5%  4.02 matches/s
2026-10-06 00:36:29,133 INFO     league_010 — C10__vs__M20 4300/10000  C10 wins 42.1%  3.12 matches/s
2026-10-06 00:36:29,596 INFO     league_010 — C10__vs__bc_init 2500/10000  C10 wins 88.2%  3.57 matches/s
2026-10-06 00:36:52,624 INFO     league_010 — C10__vs__M5 4600/10000  C10 wins 48.4%  4.02 matches/s
2026-10-06 00:36:57,825 INFO     league_010 — C10__vs__bc_init 2600/10000  C10 wins 88.1%  3.57 matches/s
2026-10-06 00:37:02,275 INFO     league_010 — C10__vs__M20 4400/10000  C10 wins 42.1%  3.12 matches/s
2026-10-06 00:37:17,260 INFO     league_010 — C10__vs__M5 4700/10000  C10 wins 48.3%  4.02 matches/s
2026-10-06 00:37:26,910 INFO     league_010 — C10__vs__bc_init 2700/10000  C10 wins 87.6%  3.57 matches/s
2026-10-06 00:37:34,744 INFO     league_010 — C10__vs__M20 4500/10000  C10 wins 42.0%  3.12 matches/s
2026-10-06 00:37:42,503 INFO     league_010 — C10__vs__M5 4800/10000  C10 wins 48.3%  4.02 matches/s
2026-10-06 00:37:55,263 INFO     league_010 — C10__vs__bc_init 2800/10000  C10 wins 87.6%  3.56 matches/s
2026-10-06 00:38:06,880 INFO     league_010 — C10__vs__M5 4900/10000  C10 wins 48.3%  4.02 matches/s
2026-10-06 00:38:07,296 INFO     league_010 — C10__vs__M20 4600/10000  C10 wins 42.1%  3.11 matches/s
2026-10-06 00:38:24,504 INFO     league_010 — C10__vs__bc_init 2900/10000  C10 wins 87.7%  3.56 matches/s
2026-10-06 00:38:32,576 INFO     league_010 — C10__vs__M5 5000/10000  C10 wins 48.3%  4.02 matches/s
2026-10-06 00:38:39,674 INFO     league_010 — C10__vs__M20 4700/10000  C10 wins 42.1%  3.11 matches/s
2026-10-06 00:38:52,921 INFO     league_010 — C10__vs__bc_init 3000/10000  C10 wins 87.5%  3.56 matches/s
2026-10-06 00:38:56,785 INFO     league_010 — C10__vs__M5 5100/10000  C10 wins 48.4%  4.02 matches/s
2026-10-06 00:39:11,598 INFO     league_010 — C10__vs__M20 4800/10000  C10 wins 42.1%  3.11 matches/s
2026-10-06 00:39:21,061 INFO     league_010 — C10__vs__M5 5200/10000  C10 wins 48.4%  4.02 matches/s
2026-10-06 00:39:21,730 INFO     league_010 — C10__vs__bc_init 3100/10000  C10 wins 87.6%  3.55 matches/s
2026-10-06 00:39:44,843 INFO     league_010 — C10__vs__M20 4900/10000  C10 wins 42.0%  3.11 matches/s
2026-10-06 00:39:45,621 INFO     league_010 — C10__vs__M5 5300/10000  C10 wins 48.3%  4.02 matches/s
2026-10-06 00:39:50,249 INFO     league_010 — C10__vs__bc_init 3200/10000  C10 wins 87.5%  3.55 matches/s
2026-10-06 00:40:10,578 INFO     league_010 — C10__vs__M5 5400/10000  C10 wins 48.2%  4.02 matches/s
2026-10-06 00:40:17,514 INFO     league_010 — C10__vs__M20 5000/10000  C10 wins 41.9%  3.11 matches/s
2026-10-06 00:40:17,942 INFO     league_010 — C10__vs__bc_init 3300/10000  C10 wins 87.5%  3.55 matches/s
2026-10-06 00:40:35,565 INFO     league_010 — C10__vs__M5 5500/10000  C10 wins 48.1%  4.02 matches/s
2026-10-06 00:40:46,130 INFO     league_010 — C10__vs__bc_init 3400/10000  C10 wins 87.5%  3.55 matches/s
2026-10-06 00:40:49,582 INFO     league_010 — C10__vs__M20 5100/10000  C10 wins 41.9%  3.11 matches/s
2026-10-06 00:41:00,482 INFO     league_010 — C10__vs__M5 5600/10000  C10 wins 48.1%  4.02 matches/s
2026-10-06 00:41:15,015 INFO     league_010 — C10__vs__bc_init 3500/10000  C10 wins 87.6%  3.55 matches/s
2026-10-06 00:41:20,779 INFO     league_010 — C10__vs__M20 5200/10000  C10 wins 42.1%  3.11 matches/s
2026-10-06 00:41:24,383 INFO     league_010 — C10__vs__M5 5700/10000  C10 wins 48.1%  4.02 matches/s
2026-10-06 00:41:44,071 INFO     league_010 — C10__vs__bc_init 3600/10000  C10 wins 87.6%  3.55 matches/s
2026-10-06 00:41:49,382 INFO     league_010 — C10__vs__M5 5800/10000  C10 wins 48.1%  4.02 matches/s
2026-10-06 00:41:53,062 INFO     league_010 — C10__vs__M20 5300/10000  C10 wins 42.0%  3.11 matches/s
2026-10-06 00:42:12,126 INFO     league_010 — C10__vs__bc_init 3700/10000  C10 wins 87.5%  3.55 matches/s
2026-10-06 00:42:13,224 INFO     league_010 — C10__vs__M5 5900/10000  C10 wins 48.1%  4.03 matches/s
2026-10-06 00:42:25,339 INFO     league_010 — C10__vs__M20 5400/10000  C10 wins 42.1%  3.11 matches/s
2026-10-06 00:42:38,375 INFO     league_010 — C10__vs__M5 6000/10000  C10 wins 48.0%  4.03 matches/s
2026-10-06 00:42:40,087 INFO     league_010 — C10__vs__bc_init 3800/10000  C10 wins 87.6%  3.55 matches/s
2026-10-06 00:42:56,753 INFO     league_010 — C10__vs__M20 5500/10000  C10 wins 41.9%  3.11 matches/s
2026-10-06 00:43:04,008 INFO     league_010 — C10__vs__M5 6100/10000  C10 wins 48.0%  4.02 matches/s
2026-10-06 00:43:08,270 INFO     league_010 — C10__vs__bc_init 3900/10000  C10 wins 87.7%  3.55 matches/s
2026-10-06 00:43:27,960 INFO     league_010 — C10__vs__M20 5600/10000  C10 wins 42.0%  3.12 matches/s
2026-10-06 00:43:28,869 INFO     league_010 — C10__vs__M5 6200/10000  C10 wins 47.9%  4.02 matches/s
2026-10-06 00:43:36,745 INFO     league_010 — C10__vs__bc_init 4000/10000  C10 wins 87.8%  3.55 matches/s
2026-10-06 00:43:52,638 INFO     league_010 — C10__vs__M5 6300/10000  C10 wins 48.0%  4.03 matches/s
2026-10-06 00:44:00,378 INFO     league_010 — C10__vs__M20 5700/10000  C10 wins 42.0%  3.11 matches/s
2026-10-06 00:44:04,801 INFO     league_010 — C10__vs__bc_init 4100/10000  C10 wins 87.9%  3.55 matches/s
2026-10-06 00:44:17,215 INFO     league_010 — C10__vs__M5 6400/10000  C10 wins 47.9%  4.03 matches/s
2026-10-06 00:44:32,119 INFO     league_010 — C10__vs__M20 5800/10000  C10 wins 42.1%  3.12 matches/s
2026-10-06 00:44:33,543 INFO     league_010 — C10__vs__bc_init 4200/10000  C10 wins 87.8%  3.55 matches/s
2026-10-06 00:44:40,729 INFO     league_010 — C10__vs__M5 6500/10000  C10 wins 48.0%  4.03 matches/s
2026-10-06 00:45:02,045 INFO     league_010 — C10__vs__bc_init 4300/10000  C10 wins 87.9%  3.55 matches/s
2026-10-06 00:45:04,340 INFO     league_010 — C10__vs__M20 5900/10000  C10 wins 42.0%  3.12 matches/s
2026-10-06 00:45:05,224 INFO     league_010 — C10__vs__M5 6600/10000  C10 wins 47.9%  4.03 matches/s
2026-10-06 00:45:29,304 INFO     league_010 — C10__vs__M5 6700/10000  C10 wins 48.0%  4.03 matches/s
2026-10-06 00:45:30,547 INFO     league_010 — C10__vs__bc_init 4400/10000  C10 wins 87.9%  3.55 matches/s
2026-10-06 00:45:35,336 INFO     league_010 — C10__vs__M20 6000/10000  C10 wins 42.0%  3.12 matches/s
2026-10-06 00:45:53,785 INFO     league_010 — C10__vs__M5 6800/10000  C10 wins 47.9%  4.03 matches/s
2026-10-06 00:45:58,887 INFO     league_010 — C10__vs__bc_init 4500/10000  C10 wins 87.9%  3.55 matches/s
2026-10-06 00:46:06,888 INFO     league_010 — C10__vs__M20 6100/10000  C10 wins 41.8%  3.12 matches/s
2026-10-06 00:46:18,307 INFO     league_010 — C10__vs__M5 6900/10000  C10 wins 47.9%  4.03 matches/s
2026-10-06 00:46:26,192 INFO     league_010 — C10__vs__bc_init 4600/10000  C10 wins 87.8%  3.55 matches/s
2026-10-06 00:46:39,735 INFO     league_010 — C10__vs__M20 6200/10000  C10 wins 41.8%  3.12 matches/s
2026-10-06 00:46:42,314 INFO     league_010 — C10__vs__M5 7000/10000  C10 wins 47.8%  4.04 matches/s
2026-10-06 00:46:54,917 INFO     league_010 — C10__vs__bc_init 4700/10000  C10 wins 87.8%  3.55 matches/s
2026-10-06 00:47:07,156 INFO     league_010 — C10__vs__M5 7100/10000  C10 wins 47.9%  4.04 matches/s
2026-10-06 00:47:12,107 INFO     league_010 — C10__vs__M20 6300/10000  C10 wins 41.8%  3.12 matches/s
2026-10-06 00:47:22,222 INFO     league_010 — C10__vs__bc_init 4800/10000  C10 wins 87.9%  3.55 matches/s
2026-10-06 00:47:32,229 INFO     league_010 — C10__vs__M5 7200/10000  C10 wins 47.8%  4.04 matches/s
2026-10-06 00:47:45,199 INFO     league_010 — C10__vs__M20 6400/10000  C10 wins 41.7%  3.11 matches/s
2026-10-06 00:47:49,659 INFO     league_010 — C10__vs__bc_init 4900/10000  C10 wins 88.0%  3.55 matches/s
2026-10-06 00:47:55,988 INFO     league_010 — C10__vs__M5 7300/10000  C10 wins 47.9%  4.04 matches/s
2026-10-06 00:48:17,160 INFO     league_010 — C10__vs__M20 6500/10000  C10 wins 41.7%  3.11 matches/s
2026-10-06 00:48:18,211 INFO     league_010 — C10__vs__bc_init 5000/10000  C10 wins 88.1%  3.55 matches/s
2026-10-06 00:48:20,466 INFO     league_010 — C10__vs__M5 7400/10000  C10 wins 47.9%  4.04 matches/s
2026-10-06 00:48:45,243 INFO     league_010 — C10__vs__M5 7500/10000  C10 wins 47.8%  4.04 matches/s
2026-10-06 00:48:47,663 INFO     league_010 — C10__vs__bc_init 5100/10000  C10 wins 87.9%  3.55 matches/s
2026-10-06 00:48:49,656 INFO     league_010 — C10__vs__M20 6600/10000  C10 wins 41.9%  3.11 matches/s
2026-10-06 00:49:10,502 INFO     league_010 — C10__vs__M5 7600/10000  C10 wins 47.8%  4.04 matches/s
2026-10-06 00:49:16,015 INFO     league_010 — C10__vs__bc_init 5200/10000  C10 wins 87.9%  3.55 matches/s
2026-10-06 00:49:21,203 INFO     league_010 — C10__vs__M20 6700/10000  C10 wins 41.8%  3.12 matches/s
2026-10-06 00:49:36,459 INFO     league_010 — C10__vs__M5 7700/10000  C10 wins 47.9%  4.03 matches/s
2026-10-06 00:49:44,798 INFO     league_010 — C10__vs__bc_init 5300/10000  C10 wins 88.0%  3.54 matches/s
2026-10-06 00:49:53,422 INFO     league_010 — C10__vs__M20 6800/10000  C10 wins 41.7%  3.11 matches/s
2026-10-06 00:50:00,531 INFO     league_010 — C10__vs__M5 7800/10000  C10 wins 47.9%  4.04 matches/s
2026-10-06 00:50:13,646 INFO     league_010 — C10__vs__bc_init 5400/10000  C10 wins 88.0%  3.54 matches/s
2026-10-06 00:50:24,964 INFO     league_010 — C10__vs__M5 7900/10000  C10 wins 47.9%  4.04 matches/s
2026-10-06 00:50:26,279 INFO     league_010 — C10__vs__M20 6900/10000  C10 wins 41.6%  3.11 matches/s
2026-10-06 00:50:41,837 INFO     league_010 — C10__vs__bc_init 5500/10000  C10 wins 88.0%  3.54 matches/s
2026-10-06 00:50:48,631 INFO     league_010 — C10__vs__M5 8000/10000  C10 wins 48.0%  4.04 matches/s
2026-10-06 00:50:58,562 INFO     league_010 — C10__vs__M20 7000/10000  C10 wins 41.4%  3.11 matches/s
2026-10-06 00:51:09,558 INFO     league_010 — C10__vs__bc_init 5600/10000  C10 wins 88.1%  3.54 matches/s
2026-10-06 00:51:13,245 INFO     league_010 — C10__vs__M5 8100/10000  C10 wins 48.0%  4.04 matches/s
2026-10-06 00:51:32,192 INFO     league_010 — C10__vs__M20 7100/10000  C10 wins 41.6%  3.11 matches/s
2026-10-06 00:51:37,782 INFO     league_010 — C10__vs__bc_init 5700/10000  C10 wins 88.0%  3.54 matches/s
2026-10-06 00:51:38,216 INFO     league_010 — C10__vs__M5 8200/10000  C10 wins 48.0%  4.04 matches/s
2026-10-06 00:52:01,985 INFO     league_010 — C10__vs__M5 8300/10000  C10 wins 48.0%  4.04 matches/s
2026-10-06 00:52:04,332 INFO     league_010 — C10__vs__M20 7200/10000  C10 wins 41.5%  3.11 matches/s
2026-10-06 00:52:05,829 INFO     league_010 — C10__vs__bc_init 5800/10000  C10 wins 88.0%  3.54 matches/s
2026-10-06 00:52:26,718 INFO     league_010 — C10__vs__M5 8400/10000  C10 wins 48.0%  4.04 matches/s
2026-10-06 00:52:34,267 INFO     league_010 — C10__vs__bc_init 5900/10000  C10 wins 88.0%  3.54 matches/s
2026-10-06 00:52:37,853 INFO     league_010 — C10__vs__M20 7300/10000  C10 wins 41.5%  3.11 matches/s
2026-10-06 00:52:51,005 INFO     league_010 — C10__vs__M5 8500/10000  C10 wins 47.9%  4.04 matches/s
2026-10-06 00:53:03,035 INFO     league_010 — C10__vs__bc_init 6000/10000  C10 wins 88.0%  3.54 matches/s
2026-10-06 00:53:10,327 INFO     league_010 — C10__vs__M20 7400/10000  C10 wins 41.4%  3.11 matches/s
2026-10-06 00:53:15,501 INFO     league_010 — C10__vs__M5 8600/10000  C10 wins 47.8%  4.04 matches/s
2026-10-06 00:53:31,904 INFO     league_010 — C10__vs__bc_init 6100/10000  C10 wins 88.0%  3.54 matches/s
2026-10-06 00:53:39,898 INFO     league_010 — C10__vs__M5 8700/10000  C10 wins 47.9%  4.04 matches/s
2026-10-06 00:53:43,733 INFO     league_010 — C10__vs__M20 7500/10000  C10 wins 41.5%  3.11 matches/s
2026-10-06 00:54:01,362 INFO     league_010 — C10__vs__bc_init 6200/10000  C10 wins 88.0%  3.54 matches/s
2026-10-06 00:54:05,091 INFO     league_010 — C10__vs__M5 8800/10000  C10 wins 47.8%  4.04 matches/s
2026-10-06 00:54:14,842 INFO     league_010 — C10__vs__M20 7600/10000  C10 wins 41.5%  3.11 matches/s
2026-10-06 00:54:29,128 INFO     league_010 — C10__vs__M5 8900/10000  C10 wins 47.9%  4.04 matches/s
2026-10-06 00:54:30,497 INFO     league_010 — C10__vs__bc_init 6300/10000  C10 wins 87.9%  3.54 matches/s
2026-10-06 00:54:47,012 INFO     league_010 — C10__vs__M20 7700/10000  C10 wins 41.5%  3.11 matches/s
2026-10-06 00:54:54,214 INFO     league_010 — C10__vs__M5 9000/10000  C10 wins 47.9%  4.04 matches/s
2026-10-06 00:54:59,431 INFO     league_010 — C10__vs__bc_init 6400/10000  C10 wins 87.7%  3.54 matches/s
2026-10-06 00:55:19,367 INFO     league_010 — C10__vs__M5 9100/10000  C10 wins 47.9%  4.04 matches/s
2026-10-06 00:55:19,780 INFO     league_010 — C10__vs__M20 7800/10000  C10 wins 41.6%  3.11 matches/s
2026-10-06 00:55:27,474 INFO     league_010 — C10__vs__bc_init 6500/10000  C10 wins 87.6%  3.54 matches/s
2026-10-06 00:55:44,034 INFO     league_010 — C10__vs__M5 9200/10000  C10 wins 48.0%  4.04 matches/s
2026-10-06 00:55:52,097 INFO     league_010 — C10__vs__M20 7900/10000  C10 wins 41.6%  3.11 matches/s
2026-10-06 00:55:55,992 INFO     league_010 — C10__vs__bc_init 6600/10000  C10 wins 87.6%  3.54 matches/s
2026-10-06 00:56:08,334 INFO     league_010 — C10__vs__M5 9300/10000  C10 wins 48.0%  4.04 matches/s
2026-10-06 00:56:24,378 INFO     league_010 — C10__vs__bc_init 6700/10000  C10 wins 87.5%  3.54 matches/s
2026-10-06 00:56:24,486 INFO     league_010 — C10__vs__M20 8000/10000  C10 wins 41.7%  3.11 matches/s
2026-10-06 00:56:32,879 INFO     league_010 — C10__vs__M5 9400/10000  C10 wins 48.1%  4.04 matches/s
2026-10-06 00:56:52,702 INFO     league_010 — C10__vs__bc_init 6800/10000  C10 wins 87.5%  3.54 matches/s
2026-10-06 00:56:56,050 INFO     league_010 — C10__vs__M20 8100/10000  C10 wins 41.6%  3.11 matches/s
2026-10-06 00:56:57,356 INFO     league_010 — C10__vs__M5 9500/10000  C10 wins 48.1%  4.04 matches/s
2026-10-06 00:57:20,512 INFO     league_010 — C10__vs__bc_init 6900/10000  C10 wins 87.5%  3.54 matches/s
2026-10-06 00:57:22,920 INFO     league_010 — C10__vs__M5 9600/10000  C10 wins 48.0%  4.04 matches/s
2026-10-06 00:57:28,465 INFO     league_010 — C10__vs__M20 8200/10000  C10 wins 41.6%  3.11 matches/s
2026-10-06 00:57:48,332 INFO     league_010 — C10__vs__bc_init 7000/10000  C10 wins 87.5%  3.54 matches/s
2026-10-06 00:57:48,550 INFO     league_010 — C10__vs__M5 9700/10000  C10 wins 48.0%  4.04 matches/s
2026-10-06 00:58:00,978 INFO     league_010 — C10__vs__M20 8300/10000  C10 wins 41.6%  3.11 matches/s
2026-10-06 00:58:12,428 INFO     league_010 — C10__vs__M5 9800/10000  C10 wins 48.0%  4.04 matches/s
2026-10-06 00:58:16,866 INFO     league_010 — C10__vs__bc_init 7100/10000  C10 wins 87.4%  3.54 matches/s
2026-10-06 00:58:34,128 INFO     league_010 — C10__vs__M20 8400/10000  C10 wins 41.4%  3.11 matches/s
2026-10-06 00:58:36,562 INFO     league_010 — C10__vs__M5 9900/10000  C10 wins 48.0%  4.04 matches/s
2026-10-06 00:58:45,106 INFO     league_010 — C10__vs__bc_init 7200/10000  C10 wins 87.5%  3.54 matches/s
2026-10-06 00:59:01,276 INFO     league_010 — C10__vs__M5 10000/10000  C10 wins 47.9%  4.04 matches/s
2026-10-06 00:59:01,278 INFO     league_010 — C10__vs__M5 winners_sha256=19ec92fa6664484f31fe65f0f93ca313046c38c4957892395e1665fa91585b66
2026-10-06 00:59:06,622 INFO     league_010 — C10__vs__M20 8500/10000  C10 wins 41.4%  3.11 matches/s
2026-10-06 00:59:14,633 INFO     league_010 — C10__vs__bc_init 7300/10000  C10 wins 87.4%  3.54 matches/s
2026-10-06 00:59:26,850 INFO     league_010 — C20__vs__C5 100/10000  C20 wins 55.0%  3.99 matches/s
2026-10-06 00:59:37,329 INFO     league_010 — C10__vs__M20 8600/10000  C10 wins 41.5%  3.11 matches/s
2026-10-06 00:59:42,605 INFO     league_010 — C10__vs__bc_init 7400/10000  C10 wins 87.4%  3.54 matches/s
2026-10-06 00:59:51,266 INFO     league_010 — C20__vs__C5 200/10000  C20 wins 54.5%  4.04 matches/s
2026-10-06 01:00:07,613 INFO     league_010 — C10__vs__M20 8700/10000  C10 wins 41.6%  3.11 matches/s
2026-10-06 01:00:10,327 INFO     league_010 — C10__vs__bc_init 7500/10000  C10 wins 87.4%  3.54 matches/s
2026-10-06 01:00:17,247 INFO     league_010 — C20__vs__C5 300/10000  C20 wins 54.7%  3.98 matches/s
2026-10-06 01:00:37,412 INFO     league_010 — C10__vs__bc_init 7600/10000  C10 wins 87.4%  3.54 matches/s
2026-10-06 01:00:39,519 INFO     league_010 — C10__vs__M20 8800/10000  C10 wins 41.6%  3.11 matches/s
2026-10-06 01:00:41,554 INFO     league_010 — C20__vs__C5 400/10000  C20 wins 52.5%  4.01 matches/s
2026-10-06 01:01:06,435 INFO     league_010 — C10__vs__bc_init 7700/10000  C10 wins 87.4%  3.54 matches/s
2026-10-06 01:01:07,520 INFO     league_010 — C20__vs__C5 500/10000  C20 wins 53.0%  3.98 matches/s
2026-10-06 01:01:11,983 INFO     league_010 — C10__vs__M20 8900/10000  C10 wins 41.7%  3.11 matches/s
2026-10-06 01:01:33,140 INFO     league_010 — C20__vs__C5 600/10000  C20 wins 52.7%  3.96 matches/s
2026-10-06 01:01:35,420 INFO     league_010 — C10__vs__bc_init 7800/10000  C10 wins 87.4%  3.54 matches/s
2026-10-06 01:01:44,749 INFO     league_010 — C10__vs__M20 9000/10000  C10 wins 41.7%  3.11 matches/s
2026-10-06 01:01:58,124 INFO     league_010 — C20__vs__C5 700/10000  C20 wins 51.6%  3.97 matches/s
2026-10-06 01:02:03,833 INFO     league_010 — C10__vs__bc_init 7900/10000  C10 wins 87.5%  3.54 matches/s
2026-10-06 01:02:16,562 INFO     league_010 — C10__vs__M20 9100/10000  C10 wins 41.7%  3.11 matches/s
2026-10-06 01:02:23,328 INFO     league_010 — C20__vs__C5 800/10000  C20 wins 52.0%  3.97 matches/s
2026-10-06 01:02:31,500 INFO     league_010 — C10__vs__bc_init 8000/10000  C10 wins 87.5%  3.54 matches/s
2026-10-06 01:02:48,104 INFO     league_010 — C20__vs__C5 900/10000  C20 wins 51.6%  3.98 matches/s
2026-10-06 01:02:49,629 INFO     league_010 — C10__vs__M20 9200/10000  C10 wins 41.7%  3.11 matches/s
2026-10-06 01:03:00,727 INFO     league_010 — C10__vs__bc_init 8100/10000  C10 wins 87.6%  3.54 matches/s
2026-10-06 01:03:13,756 INFO     league_010 — C20__vs__C5 1000/10000  C20 wins 52.3%  3.97 matches/s
2026-10-06 01:03:21,609 INFO     league_010 — C10__vs__M20 9300/10000  C10 wins 41.8%  3.11 matches/s
2026-10-06 01:03:29,775 INFO     league_010 — C10__vs__bc_init 8200/10000  C10 wins 87.5%  3.53 matches/s
2026-10-06 01:03:38,065 INFO     league_010 — C20__vs__C5 1100/10000  C20 wins 52.5%  3.98 matches/s
2026-10-06 01:03:54,499 INFO     league_010 — C10__vs__M20 9400/10000  C10 wins 41.9%  3.11 matches/s
2026-10-06 01:03:58,162 INFO     league_010 — C10__vs__bc_init 8300/10000  C10 wins 87.5%  3.53 matches/s
2026-10-06 01:04:03,770 INFO     league_010 — C20__vs__C5 1200/10000  C20 wins 52.2%  3.97 matches/s
2026-10-06 01:04:26,160 INFO     league_010 — C10__vs__bc_init 8400/10000  C10 wins 87.4%  3.53 matches/s
2026-10-06 01:04:26,563 INFO     league_010 — C10__vs__M20 9500/10000  C10 wins 41.9%  3.11 matches/s
2026-10-06 01:04:27,100 INFO     league_010 — C20__vs__C5 1300/10000  C20 wins 52.5%  4.00 matches/s
2026-10-06 01:04:52,531 INFO     league_010 — C20__vs__C5 1400/10000  C20 wins 52.4%  3.99 matches/s
2026-10-06 01:04:55,552 INFO     league_010 — C10__vs__bc_init 8500/10000  C10 wins 87.3%  3.53 matches/s
2026-10-06 01:04:57,902 INFO     league_010 — C10__vs__M20 9600/10000  C10 wins 41.9%  3.11 matches/s
2026-10-06 01:05:17,650 INFO     league_010 — C20__vs__C5 1500/10000  C20 wins 52.4%  3.99 matches/s
2026-10-06 01:05:24,499 INFO     league_010 — C10__vs__bc_init 8600/10000  C10 wins 87.4%  3.53 matches/s
2026-10-06 01:05:30,203 INFO     league_010 — C10__vs__M20 9700/10000  C10 wins 41.8%  3.11 matches/s
2026-10-06 01:05:41,935 INFO     league_010 — C20__vs__C5 1600/10000  C20 wins 52.6%  4.00 matches/s
2026-10-06 01:05:52,600 INFO     league_010 — C10__vs__bc_init 8700/10000  C10 wins 87.4%  3.53 matches/s
2026-10-06 01:06:01,869 INFO     league_010 — C10__vs__M20 9800/10000  C10 wins 41.8%  3.11 matches/s
2026-10-06 01:06:08,007 INFO     league_010 — C20__vs__C5 1700/10000  C20 wins 52.7%  3.99 matches/s
2026-10-06 01:06:20,941 INFO     league_010 — C10__vs__bc_init 8800/10000  C10 wins 87.3%  3.53 matches/s
2026-10-06 01:06:32,999 INFO     league_010 — C20__vs__C5 1800/10000  C20 wins 53.1%  3.99 matches/s
2026-10-06 01:06:34,063 INFO     league_010 — C10__vs__M20 9900/10000  C10 wins 41.8%  3.11 matches/s
2026-10-06 01:06:48,683 INFO     league_010 — C10__vs__bc_init 8900/10000  C10 wins 87.4%  3.53 matches/s
2026-10-06 01:06:58,332 INFO     league_010 — C20__vs__C5 1900/10000  C20 wins 53.4%  3.99 matches/s
2026-10-06 01:07:07,147 INFO     league_010 — C10__vs__M20 10000/10000  C10 wins 41.8%  3.11 matches/s
2026-10-06 01:07:07,149 INFO     league_010 — C10__vs__M20 winners_sha256=fd332f4bfed47a6e35b3100d57981a740637e19c90b5516c10df268ce06779c4
2026-10-06 01:07:07,203 INFO     league_010 — finished C10__vs__M20
2026-10-06 01:07:07,203 INFO     league_010 — finished C10__vs__M5
2026-10-06 01:07:17,290 INFO     league_010 — C10__vs__bc_init 9000/10000  C10 wins 87.4%  3.53 matches/s
2026-10-06 01:07:24,060 INFO     league_010 — C20__vs__C5 2000/10000  C20 wins 54.0%  3.98 matches/s
2026-10-06 01:07:40,368 INFO     league_010 — C20__vs__M10 100/10000  C20 wins 42.0%  3.07 matches/s
2026-10-06 01:07:46,547 INFO     league_010 — C10__vs__bc_init 9100/10000  C10 wins 87.4%  3.53 matches/s
2026-10-06 01:07:48,778 INFO     league_010 — C20__vs__C5 2100/10000  C20 wins 54.1%  3.98 matches/s
2026-10-06 01:08:11,740 INFO     league_010 — C20__vs__M10 200/10000  C20 wins 44.5%  3.13 matches/s
2026-10-06 01:08:14,129 INFO     league_010 — C20__vs__C5 2200/10000  C20 wins 53.6%  3.98 matches/s
2026-10-06 01:08:15,348 INFO     league_010 — C10__vs__bc_init 9200/10000  C10 wins 87.5%  3.53 matches/s
2026-10-06 01:08:39,123 INFO     league_010 — C20__vs__C5 2300/10000  C20 wins 53.7%  3.98 matches/s
2026-10-06 01:08:43,165 INFO     league_010 — C10__vs__bc_init 9300/10000  C10 wins 87.4%  3.53 matches/s
2026-10-06 01:08:44,759 INFO     league_010 — C20__vs__M10 300/10000  C20 wins 42.0%  3.09 matches/s
2026-10-06 01:09:03,579 INFO     league_010 — C20__vs__C5 2400/10000  C20 wins 54.0%  3.99 matches/s
2026-10-06 01:09:12,116 INFO     league_010 — C10__vs__bc_init 9400/10000  C10 wins 87.4%  3.53 matches/s
2026-10-06 01:09:17,286 INFO     league_010 — C20__vs__M10 400/10000  C20 wins 43.8%  3.09 matches/s
2026-10-06 01:09:28,130 INFO     league_010 — C20__vs__C5 2500/10000  C20 wins 54.2%  3.99 matches/s
2026-10-06 01:09:41,418 INFO     league_010 — C10__vs__bc_init 9500/10000  C10 wins 87.5%  3.53 matches/s
2026-10-06 01:09:49,760 INFO     league_010 — C20__vs__M10 500/10000  C20 wins 45.0%  3.09 matches/s
2026-10-06 01:09:53,315 INFO     league_010 — C20__vs__C5 2600/10000  C20 wins 54.2%  3.99 matches/s
2026-10-06 01:10:09,855 INFO     league_010 — C10__vs__bc_init 9600/10000  C10 wins 87.4%  3.53 matches/s
2026-10-06 01:10:18,280 INFO     league_010 — C20__vs__C5 2700/10000  C20 wins 54.7%  3.99 matches/s
2026-10-06 01:10:21,614 INFO     league_010 — C20__vs__M10 600/10000  C20 wins 43.8%  3.10 matches/s
2026-10-06 01:10:38,021 INFO     league_010 — C10__vs__bc_init 9700/10000  C10 wins 87.5%  3.53 matches/s
2026-10-06 01:10:44,277 INFO     league_010 — C20__vs__C5 2800/10000  C20 wins 54.5%  3.99 matches/s
2026-10-06 01:10:53,500 INFO     league_010 — C20__vs__M10 700/10000  C20 wins 43.9%  3.10 matches/s
2026-10-06 01:11:05,855 INFO     league_010 — C10__vs__bc_init 9800/10000  C10 wins 87.5%  3.53 matches/s
2026-10-06 01:11:10,186 INFO     league_010 — C20__vs__C5 2900/10000  C20 wins 54.2%  3.98 matches/s
2026-10-06 01:11:25,942 INFO     league_010 — C20__vs__M10 800/10000  C20 wins 44.1%  3.10 matches/s
2026-10-06 01:11:33,736 INFO     league_010 — C10__vs__bc_init 9900/10000  C10 wins 87.5%  3.53 matches/s
2026-10-06 01:11:35,638 INFO     league_010 — C20__vs__C5 3000/10000  C20 wins 54.1%  3.98 matches/s
2026-10-06 01:11:58,461 INFO     league_010 — C20__vs__M10 900/10000  C20 wins 44.8%  3.10 matches/s
2026-10-06 01:12:00,690 INFO     league_010 — C20__vs__C5 3100/10000  C20 wins 54.0%  3.98 matches/s
2026-10-06 01:12:03,453 INFO     league_010 — C10__vs__bc_init 10000/10000  C10 wins 87.5%  3.53 matches/s
2026-10-06 01:12:03,455 INFO     league_010 — C10__vs__bc_init winners_sha256=74488f1ce9ed3567d693c9079a4567994463e51375bfa7080d45678250e24a6c
2026-10-06 01:12:03,523 INFO     league_010 — finished C10__vs__bc_init
2026-10-06 01:12:26,228 INFO     league_010 — C20__vs__C5 3200/10000  C20 wins 54.0%  3.98 matches/s
2026-10-06 01:12:31,115 INFO     league_010 — C20__vs__M10 1000/10000  C20 wins 44.9%  3.09 matches/s
2026-10-06 01:12:35,589 INFO     league_010 — C20__vs__M20 100/10000  C20 wins 41.0%  3.20 matches/s
2026-10-06 01:12:50,722 INFO     league_010 — C20__vs__C5 3300/10000  C20 wins 54.1%  3.98 matches/s
2026-10-06 01:13:03,325 INFO     league_010 — C20__vs__M10 1100/10000  C20 wins 44.9%  3.09 matches/s
2026-10-06 01:13:06,819 INFO     league_010 — C20__vs__M20 200/10000  C20 wins 40.0%  3.20 matches/s
2026-10-06 01:13:15,841 INFO     league_010 — C20__vs__C5 3400/10000  C20 wins 54.0%  3.98 matches/s
2026-10-06 01:13:35,915 INFO     league_010 — C20__vs__M10 1200/10000  C20 wins 44.8%  3.09 matches/s
2026-10-06 01:13:38,537 INFO     league_010 — C20__vs__M20 300/10000  C20 wins 41.3%  3.18 matches/s
2026-10-06 01:13:41,805 INFO     league_010 — C20__vs__C5 3500/10000  C20 wins 53.9%  3.98 matches/s
2026-10-06 01:14:07,330 INFO     league_010 — C20__vs__C5 3600/10000  C20 wins 54.0%  3.98 matches/s
2026-10-06 01:14:08,013 INFO     league_010 — C20__vs__M10 1300/10000  C20 wins 45.2%  3.09 matches/s
2026-10-06 01:14:09,609 INFO     league_010 — C20__vs__M20 400/10000  C20 wins 40.2%  3.19 matches/s
2026-10-06 01:14:32,370 INFO     league_010 — C20__vs__C5 3700/10000  C20 wins 53.9%  3.98 matches/s
2026-10-06 01:14:38,895 INFO     league_010 — C20__vs__M10 1400/10000  C20 wins 45.3%  3.10 matches/s
2026-10-06 01:14:42,135 INFO     league_010 — C20__vs__M20 500/10000  C20 wins 40.8%  3.17 matches/s
2026-10-06 01:14:57,098 INFO     league_010 — C20__vs__C5 3800/10000  C20 wins 53.9%  3.98 matches/s
2026-10-06 01:15:10,440 INFO     league_010 — C20__vs__M10 1500/10000  C20 wins 45.5%  3.11 matches/s
2026-10-06 01:15:12,351 INFO     league_010 — C20__vs__M20 600/10000  C20 wins 41.2%  3.19 matches/s
2026-10-06 01:15:23,053 INFO     league_010 — C20__vs__C5 3900/10000  C20 wins 53.9%  3.97 matches/s
2026-10-06 01:15:41,960 INFO     league_010 — C20__vs__M20 700/10000  C20 wins 41.1%  3.22 matches/s
2026-10-06 01:15:42,812 INFO     league_010 — C20__vs__M10 1600/10000  C20 wins 45.0%  3.11 matches/s
2026-10-06 01:15:48,042 INFO     league_010 — C20__vs__C5 4000/10000  C20 wins 53.9%  3.98 matches/s
2026-10-06 01:16:13,001 INFO     league_010 — C20__vs__C5 4100/10000  C20 wins 53.9%  3.98 matches/s
2026-10-06 01:16:13,450 INFO     league_010 — C20__vs__M20 800/10000  C20 wins 39.6%  3.21 matches/s
2026-10-06 01:16:14,909 INFO     league_010 — C20__vs__M10 1700/10000  C20 wins 45.0%  3.11 matches/s
2026-10-06 01:16:37,597 INFO     league_010 — C20__vs__C5 4200/10000  C20 wins 53.9%  3.98 matches/s
2026-10-06 01:16:44,323 INFO     league_010 — C20__vs__M20 900/10000  C20 wins 39.9%  3.21 matches/s
2026-10-06 01:16:47,162 INFO     league_010 — C20__vs__M10 1800/10000  C20 wins 44.8%  3.11 matches/s
2026-10-06 01:17:01,533 INFO     league_010 — C20__vs__C5 4300/10000  C20 wins 53.8%  3.98 matches/s
2026-10-06 01:17:16,023 INFO     league_010 — C20__vs__M20 1000/10000  C20 wins 40.4%  3.21 matches/s
2026-10-06 01:17:19,800 INFO     league_010 — C20__vs__M10 1900/10000  C20 wins 45.1%  3.10 matches/s
2026-10-06 01:17:26,432 INFO     league_010 — C20__vs__C5 4400/10000  C20 wins 53.9%  3.98 matches/s
2026-10-06 01:17:47,747 INFO     league_010 — C20__vs__M20 1100/10000  C20 wins 41.0%  3.20 matches/s
2026-10-06 01:17:51,937 INFO     league_010 — C20__vs__M10 2000/10000  C20 wins 45.2%  3.10 matches/s
2026-10-06 01:17:51,995 INFO     league_010 — C20__vs__C5 4500/10000  C20 wins 54.0%  3.98 matches/s
2026-10-06 01:18:16,842 INFO     league_010 — C20__vs__C5 4600/10000  C20 wins 54.1%  3.98 matches/s
2026-10-06 01:18:18,761 INFO     league_010 — C20__vs__M20 1200/10000  C20 wins 41.2%  3.20 matches/s
2026-10-06 01:18:23,773 INFO     league_010 — C20__vs__M10 2100/10000  C20 wins 44.8%  3.11 matches/s
2026-10-06 01:18:41,461 INFO     league_010 — C20__vs__C5 4700/10000  C20 wins 54.2%  3.98 matches/s
2026-10-06 01:18:50,507 INFO     league_010 — C20__vs__M20 1300/10000  C20 wins 40.9%  3.20 matches/s
2026-10-06 01:18:57,249 INFO     league_010 — C20__vs__M10 2200/10000  C20 wins 44.8%  3.10 matches/s
2026-10-06 01:19:07,847 INFO     league_010 — C20__vs__C5 4800/10000  C20 wins 54.2%  3.98 matches/s
2026-10-06 01:19:21,548 INFO     league_010 — C20__vs__M20 1400/10000  C20 wins 41.3%  3.20 matches/s
2026-10-06 01:19:29,821 INFO     league_010 — C20__vs__M10 2300/10000  C20 wins 44.8%  3.10 matches/s
2026-10-06 01:19:33,001 INFO     league_010 — C20__vs__C5 4900/10000  C20 wins 54.2%  3.98 matches/s
2026-10-06 01:19:52,671 INFO     league_010 — C20__vs__M20 1500/10000  C20 wins 41.5%  3.20 matches/s
2026-10-06 01:19:58,359 INFO     league_010 — C20__vs__C5 5000/10000  C20 wins 54.0%  3.98 matches/s
2026-10-06 01:20:02,359 INFO     league_010 — C20__vs__M10 2400/10000  C20 wins 44.9%  3.10 matches/s
2026-10-06 01:20:22,958 INFO     league_010 — C20__vs__C5 5100/10000  C20 wins 53.8%  3.98 matches/s
2026-10-06 01:20:25,267 INFO     league_010 — C20__vs__M20 1600/10000  C20 wins 41.1%  3.19 matches/s
2026-10-06 01:20:34,077 INFO     league_010 — C20__vs__M10 2500/10000  C20 wins 44.9%  3.10 matches/s
2026-10-06 01:20:47,679 INFO     league_010 — C20__vs__C5 5200/10000  C20 wins 53.9%  3.98 matches/s
2026-10-06 01:20:56,525 INFO     league_010 — C20__vs__M20 1700/10000  C20 wins 40.5%  3.19 matches/s
2026-10-06 01:21:05,806 INFO     league_010 — C20__vs__M10 2600/10000  C20 wins 44.8%  3.10 matches/s
2026-10-06 01:21:13,026 INFO     league_010 — C20__vs__C5 5300/10000  C20 wins 53.9%  3.98 matches/s
2026-10-06 01:21:27,601 INFO     league_010 — C20__vs__M20 1800/10000  C20 wins 40.4%  3.20 matches/s
2026-10-06 01:21:37,684 INFO     league_010 — C20__vs__C5 5400/10000  C20 wins 54.0%  3.98 matches/s
2026-10-06 01:21:37,821 INFO     league_010 — C20__vs__M10 2700/10000  C20 wins 45.0%  3.10 matches/s
2026-10-06 01:21:58,795 INFO     league_010 — C20__vs__M20 1900/10000  C20 wins 40.6%  3.20 matches/s
2026-10-06 01:22:03,177 INFO     league_010 — C20__vs__C5 5500/10000  C20 wins 54.0%  3.98 matches/s
2026-10-06 01:22:11,566 INFO     league_010 — C20__vs__M10 2800/10000  C20 wins 44.7%  3.10 matches/s
2026-10-06 01:22:28,251 INFO     league_010 — C20__vs__C5 5600/10000  C20 wins 54.1%  3.98 matches/s
2026-10-06 01:22:30,407 INFO     league_010 — C20__vs__M20 2000/10000  C20 wins 40.6%  3.19 matches/s
2026-10-06 01:22:43,233 INFO     league_010 — C20__vs__M10 2900/10000  C20 wins 45.2%  3.10 matches/s
2026-10-06 01:22:53,242 INFO     league_010 — C20__vs__C5 5700/10000  C20 wins 54.1%  3.98 matches/s
2026-10-06 01:23:01,968 INFO     league_010 — C20__vs__M20 2100/10000  C20 wins 41.1%  3.19 matches/s
2026-10-06 01:23:15,506 INFO     league_010 — C20__vs__M10 3000/10000  C20 wins 45.0%  3.10 matches/s
2026-10-06 01:23:17,865 INFO     league_010 — C20__vs__C5 5800/10000  C20 wins 54.1%  3.98 matches/s
2026-10-06 01:23:32,423 INFO     league_010 — C20__vs__M20 2200/10000  C20 wins 41.2%  3.20 matches/s
2026-10-06 01:23:43,331 INFO     league_010 — C20__vs__C5 5900/10000  C20 wins 54.1%  3.98 matches/s
2026-10-06 01:23:47,761 INFO     league_010 — C20__vs__M10 3100/10000  C20 wins 45.2%  3.10 matches/s
2026-10-06 01:24:02,150 INFO     league_010 — C20__vs__M20 2300/10000  C20 wins 40.9%  3.20 matches/s
2026-10-06 01:24:07,416 INFO     league_010 — C20__vs__C5 6000/10000  C20 wins 54.0%  3.99 matches/s
2026-10-06 01:24:20,859 INFO     league_010 — C20__vs__M10 3200/10000  C20 wins 45.3%  3.10 matches/s
2026-10-06 01:24:32,917 INFO     league_010 — C20__vs__C5 6100/10000  C20 wins 53.9%  3.98 matches/s
2026-10-06 01:24:33,062 INFO     league_010 — C20__vs__M20 2400/10000  C20 wins 40.5%  3.21 matches/s
2026-10-06 01:24:52,953 INFO     league_010 — C20__vs__M10 3300/10000  C20 wins 45.2%  3.10 matches/s
2026-10-06 01:24:58,955 INFO     league_010 — C20__vs__C5 6200/10000  C20 wins 54.0%  3.98 matches/s
2026-10-06 01:25:04,683 INFO     league_010 — C20__vs__M20 2500/10000  C20 wins 40.9%  3.20 matches/s
2026-10-06 01:25:24,045 INFO     league_010 — C20__vs__C5 6300/10000  C20 wins 53.9%  3.98 matches/s
2026-10-06 01:25:25,066 INFO     league_010 — C20__vs__M10 3400/10000  C20 wins 45.0%  3.10 matches/s
2026-10-06 01:25:33,614 INFO     league_010 — C20__vs__M20 2600/10000  C20 wins 40.8%  3.21 matches/s
2026-10-06 01:25:48,880 INFO     league_010 — C20__vs__C5 6400/10000  C20 wins 53.9%  3.98 matches/s
2026-10-06 01:25:55,933 INFO     league_010 — C20__vs__M10 3500/10000  C20 wins 45.2%  3.10 matches/s
2026-10-06 01:26:05,620 INFO     league_010 — C20__vs__M20 2700/10000  C20 wins 40.9%  3.21 matches/s
2026-10-06 01:26:13,356 INFO     league_010 — C20__vs__C5 6500/10000  C20 wins 53.7%  3.98 matches/s
2026-10-06 01:26:27,501 INFO     league_010 — C20__vs__M10 3600/10000  C20 wins 44.9%  3.10 matches/s
2026-10-06 01:26:37,265 INFO     league_010 — C20__vs__M20 2800/10000  C20 wins 41.0%  3.21 matches/s
2026-10-06 01:26:37,901 INFO     league_010 — C20__vs__C5 6600/10000  C20 wins 53.7%  3.99 matches/s
2026-10-06 01:27:00,389 INFO     league_010 — C20__vs__M10 3700/10000  C20 wins 45.0%  3.10 matches/s
2026-10-06 01:27:02,606 INFO     league_010 — C20__vs__C5 6700/10000  C20 wins 53.7%  3.99 matches/s
2026-10-06 01:27:08,401 INFO     league_010 — C20__vs__M20 2900/10000  C20 wins 41.0%  3.21 matches/s
2026-10-06 01:27:28,124 INFO     league_010 — C20__vs__C5 6800/10000  C20 wins 53.7%  3.99 matches/s
2026-10-06 01:27:30,955 INFO     league_010 — C20__vs__M10 3800/10000  C20 wins 45.0%  3.11 matches/s
2026-10-06 01:27:38,612 INFO     league_010 — C20__vs__M20 3000/10000  C20 wins 41.1%  3.21 matches/s
2026-10-06 01:27:52,998 INFO     league_010 — C20__vs__C5 6900/10000  C20 wins 53.7%  3.99 matches/s
2026-10-06 01:28:03,392 INFO     league_010 — C20__vs__M10 3900/10000  C20 wins 45.0%  3.11 matches/s
2026-10-06 01:28:08,959 INFO     league_010 — C20__vs__M20 3100/10000  C20 wins 41.4%  3.21 matches/s
2026-10-06 01:28:18,329 INFO     league_010 — C20__vs__C5 7000/10000  C20 wins 53.7%  3.99 matches/s
2026-10-06 01:28:34,972 INFO     league_010 — C20__vs__M10 4000/10000  C20 wins 45.2%  3.11 matches/s
2026-10-06 01:28:40,403 INFO     league_010 — C20__vs__M20 3200/10000  C20 wins 41.5%  3.21 matches/s
2026-10-06 01:28:44,381 INFO     league_010 — C20__vs__C5 7100/10000  C20 wins 53.6%  3.98 matches/s
2026-10-06 01:29:07,131 INFO     league_010 — C20__vs__M10 4100/10000  C20 wins 45.1%  3.11 matches/s
2026-10-06 01:29:09,508 INFO     league_010 — C20__vs__C5 7200/10000  C20 wins 53.6%  3.98 matches/s
2026-10-06 01:29:12,110 INFO     league_010 — C20__vs__M20 3300/10000  C20 wins 41.6%  3.21 matches/s
2026-10-06 01:29:34,033 INFO     league_010 — C20__vs__C5 7300/10000  C20 wins 53.6%  3.98 matches/s
2026-10-06 01:29:39,483 INFO     league_010 — C20__vs__M10 4200/10000  C20 wins 44.9%  3.11 matches/s
2026-10-06 01:29:43,306 INFO     league_010 — C20__vs__M20 3400/10000  C20 wins 41.4%  3.21 matches/s
2026-10-06 01:29:59,247 INFO     league_010 — C20__vs__C5 7400/10000  C20 wins 53.6%  3.98 matches/s
2026-10-06 01:30:11,122 INFO     league_010 — C20__vs__M10 4300/10000  C20 wins 44.6%  3.11 matches/s
2026-10-06 01:30:14,760 INFO     league_010 — C20__vs__M20 3500/10000  C20 wins 41.7%  3.21 matches/s
2026-10-06 01:30:23,533 INFO     league_010 — C20__vs__C5 7500/10000  C20 wins 53.7%  3.99 matches/s
2026-10-06 01:30:42,982 INFO     league_010 — C20__vs__M10 4400/10000  C20 wins 44.7%  3.11 matches/s
2026-10-06 01:30:46,202 INFO     league_010 — C20__vs__M20 3600/10000  C20 wins 41.7%  3.21 matches/s
2026-10-06 01:30:48,668 INFO     league_010 — C20__vs__C5 7600/10000  C20 wins 53.7%  3.99 matches/s
2026-10-06 01:31:13,680 INFO     league_010 — C20__vs__C5 7700/10000  C20 wins 53.7%  3.99 matches/s
2026-10-06 01:31:15,251 INFO     league_010 — C20__vs__M10 4500/10000  C20 wins 44.8%  3.11 matches/s
2026-10-06 01:31:17,523 INFO     league_010 — C20__vs__M20 3700/10000  C20 wins 41.7%  3.21 matches/s
2026-10-06 01:31:38,543 INFO     league_010 — C20__vs__C5 7800/10000  C20 wins 53.7%  3.99 matches/s
2026-10-06 01:31:47,354 INFO     league_010 — C20__vs__M10 4600/10000  C20 wins 44.7%  3.11 matches/s
2026-10-06 01:31:50,043 INFO     league_010 — C20__vs__M20 3800/10000  C20 wins 41.8%  3.20 matches/s
2026-10-06 01:32:03,793 INFO     league_010 — C20__vs__C5 7900/10000  C20 wins 53.8%  3.99 matches/s
2026-10-06 01:32:18,537 INFO     league_010 — C20__vs__M10 4700/10000  C20 wins 44.7%  3.11 matches/s
2026-10-06 01:32:22,130 INFO     league_010 — C20__vs__M20 3900/10000  C20 wins 41.6%  3.20 matches/s
2026-10-06 01:32:27,896 INFO     league_010 — C20__vs__C5 8000/10000  C20 wins 53.9%  3.99 matches/s
2026-10-06 01:32:49,685 INFO     league_010 — C20__vs__M10 4800/10000  C20 wins 44.8%  3.11 matches/s
2026-10-06 01:32:52,384 INFO     league_010 — C20__vs__C5 8100/10000  C20 wins 53.8%  3.99 matches/s
2026-10-06 01:32:53,343 INFO     league_010 — C20__vs__M20 4000/10000  C20 wins 41.7%  3.20 matches/s
2026-10-06 01:33:17,512 INFO     league_010 — C20__vs__C5 8200/10000  C20 wins 53.7%  3.99 matches/s
2026-10-06 01:33:22,027 INFO     league_010 — C20__vs__M10 4900/10000  C20 wins 44.6%  3.11 matches/s
2026-10-06 01:33:23,520 INFO     league_010 — C20__vs__M20 4100/10000  C20 wins 41.6%  3.21 matches/s
2026-10-06 01:33:41,968 INFO     league_010 — C20__vs__C5 8300/10000  C20 wins 53.7%  3.99 matches/s
2026-10-06 01:33:53,639 INFO     league_010 — C20__vs__M10 5000/10000  C20 wins 44.5%  3.11 matches/s
2026-10-06 01:33:54,030 INFO     league_010 — C20__vs__M20 4200/10000  C20 wins 41.5%  3.21 matches/s
2026-10-06 01:34:07,030 INFO     league_010 — C20__vs__C5 8400/10000  C20 wins 53.7%  3.99 matches/s
2026-10-06 01:34:23,207 INFO     league_010 — C20__vs__M20 4300/10000  C20 wins 41.4%  3.21 matches/s
2026-10-06 01:34:25,281 INFO     league_010 — C20__vs__M10 5100/10000  C20 wins 44.6%  3.11 matches/s
2026-10-06 01:34:32,183 INFO     league_010 — C20__vs__C5 8500/10000  C20 wins 53.7%  3.99 matches/s
2026-10-06 01:34:52,648 INFO     league_010 — C20__vs__M20 4400/10000  C20 wins 41.4%  3.22 matches/s
2026-10-06 01:34:55,620 INFO     league_010 — C20__vs__M10 5200/10000  C20 wins 44.8%  3.12 matches/s
2026-10-06 01:34:56,292 INFO     league_010 — C20__vs__C5 8600/10000  C20 wins 53.6%  3.99 matches/s
2026-10-06 01:35:22,099 INFO     league_010 — C20__vs__C5 8700/10000  C20 wins 53.7%  3.99 matches/s
2026-10-06 01:35:24,417 INFO     league_010 — C20__vs__M20 4500/10000  C20 wins 41.5%  3.21 matches/s
2026-10-06 01:35:26,705 INFO     league_010 — C20__vs__M10 5300/10000  C20 wins 44.8%  3.12 matches/s
2026-10-06 01:35:46,980 INFO     league_010 — C20__vs__C5 8800/10000  C20 wins 53.7%  3.99 matches/s
2026-10-06 01:35:55,995 INFO     league_010 — C20__vs__M20 4600/10000  C20 wins 41.4%  3.21 matches/s
2026-10-06 01:35:58,464 INFO     league_010 — C20__vs__M10 5400/10000  C20 wins 44.8%  3.12 matches/s
2026-10-06 01:36:12,374 INFO     league_010 — C20__vs__C5 8900/10000  C20 wins 53.7%  3.99 matches/s
2026-10-06 01:36:27,024 INFO     league_010 — C20__vs__M20 4700/10000  C20 wins 41.3%  3.21 matches/s
2026-10-06 01:36:30,555 INFO     league_010 — C20__vs__M10 5500/10000  C20 wins 44.8%  3.12 matches/s
2026-10-06 01:36:37,773 INFO     league_010 — C20__vs__C5 9000/10000  C20 wins 53.7%  3.99 matches/s
2026-10-06 01:36:58,535 INFO     league_010 — C20__vs__M20 4800/10000  C20 wins 41.2%  3.21 matches/s
2026-10-06 01:37:03,480 INFO     league_010 — C20__vs__C5 9100/10000  C20 wins 53.7%  3.99 matches/s
2026-10-06 01:37:04,003 INFO     league_010 — C20__vs__M10 5600/10000  C20 wins 44.8%  3.12 matches/s
2026-10-06 01:37:28,192 INFO     league_010 — C20__vs__C5 9200/10000  C20 wins 53.6%  3.99 matches/s
2026-10-06 01:37:29,596 INFO     league_010 — C20__vs__M20 4900/10000  C20 wins 41.3%  3.21 matches/s
2026-10-06 01:37:36,150 INFO     league_010 — C20__vs__M10 5700/10000  C20 wins 44.8%  3.12 matches/s
2026-10-06 01:37:53,138 INFO     league_010 — C20__vs__C5 9300/10000  C20 wins 53.6%  3.99 matches/s
2026-10-06 01:38:00,789 INFO     league_010 — C20__vs__M20 5000/10000  C20 wins 41.3%  3.21 matches/s
2026-10-06 01:38:07,921 INFO     league_010 — C20__vs__M10 5800/10000  C20 wins 44.7%  3.12 matches/s
2026-10-06 01:38:17,477 INFO     league_010 — C20__vs__C5 9400/10000  C20 wins 53.6%  3.99 matches/s
2026-10-06 01:38:33,279 INFO     league_010 — C20__vs__M20 5100/10000  C20 wins 41.3%  3.21 matches/s
2026-10-06 01:38:40,395 INFO     league_010 — C20__vs__M10 5900/10000  C20 wins 44.7%  3.12 matches/s
2026-10-06 01:38:42,206 INFO     league_010 — C20__vs__C5 9500/10000  C20 wins 53.6%  3.99 matches/s
2026-10-06 01:39:04,176 INFO     league_010 — C20__vs__M20 5200/10000  C20 wins 41.3%  3.21 matches/s
2026-10-06 01:39:05,904 INFO     league_010 — C20__vs__C5 9600/10000  C20 wins 53.6%  3.99 matches/s
2026-10-06 01:39:12,166 INFO     league_010 — C20__vs__M10 6000/10000  C20 wins 44.7%  3.12 matches/s
2026-10-06 01:39:29,982 INFO     league_010 — C20__vs__C5 9700/10000  C20 wins 53.5%  3.99 matches/s
2026-10-06 01:39:36,805 INFO     league_010 — C20__vs__M20 5300/10000  C20 wins 41.3%  3.21 matches/s
2026-10-06 01:39:44,419 INFO     league_010 — C20__vs__M10 6100/10000  C20 wins 44.7%  3.12 matches/s
2026-10-06 01:39:55,819 INFO     league_010 — C20__vs__C5 9800/10000  C20 wins 53.5%  3.99 matches/s
2026-10-06 01:40:08,790 INFO     league_010 — C20__vs__M20 5400/10000  C20 wins 41.1%  3.21 matches/s
2026-10-06 01:40:16,674 INFO     league_010 — C20__vs__M10 6200/10000  C20 wins 44.8%  3.12 matches/s
2026-10-06 01:40:20,779 INFO     league_010 — C20__vs__C5 9900/10000  C20 wins 53.5%  3.99 matches/s
2026-10-06 01:40:40,617 INFO     league_010 — C20__vs__M20 5500/10000  C20 wins 41.2%  3.20 matches/s
2026-10-06 01:40:46,006 INFO     league_010 — C20__vs__C5 10000/10000  C20 wins 53.5%  3.99 matches/s
2026-10-06 01:40:46,008 INFO     league_010 — C20__vs__C5 winners_sha256=1e0673ef1360a83b6e61f7ba690e9e3399e680fa2951a03ff5ea984b227a961e
2026-10-06 01:40:46,064 INFO     league_010 — finished C20__vs__C5
2026-10-06 01:40:47,990 INFO     league_010 — C20__vs__M10 6300/10000  C20 wins 44.8%  3.12 matches/s
2026-10-06 01:41:09,758 INFO     league_010 — C20__vs__M5 100/10000  C20 wins 51.0%  4.23 matches/s
2026-10-06 01:41:11,276 INFO     league_010 — C20__vs__M20 5600/10000  C20 wins 41.1%  3.21 matches/s
2026-10-06 01:41:18,800 INFO     league_010 — C20__vs__M10 6400/10000  C20 wins 44.8%  3.12 matches/s
2026-10-06 01:41:33,398 INFO     league_010 — C20__vs__M5 200/10000  C20 wins 47.5%  4.23 matches/s
2026-10-06 01:41:42,065 INFO     league_010 — C20__vs__M20 5700/10000  C20 wins 41.0%  3.21 matches/s
2026-10-06 01:41:51,711 INFO     league_010 — C20__vs__M10 6500/10000  C20 wins 44.7%  3.12 matches/s
2026-10-06 01:41:57,268 INFO     league_010 — C20__vs__M5 300/10000  C20 wins 45.3%  4.22 matches/s
2026-10-06 01:42:13,265 INFO     league_010 — C20__vs__M20 5800/10000  C20 wins 41.1%  3.21 matches/s
2026-10-06 01:42:22,107 INFO     league_010 — C20__vs__M5 400/10000  C20 wins 43.0%  4.17 matches/s
2026-10-06 01:42:24,356 INFO     league_010 — C20__vs__M10 6600/10000  C20 wins 44.5%  3.12 matches/s
2026-10-06 01:42:43,932 INFO     league_010 — C20__vs__M20 5900/10000  C20 wins 41.1%  3.21 matches/s
2026-10-06 01:42:45,427 INFO     league_010 — C20__vs__M5 500/10000  C20 wins 43.0%  4.19 matches/s
2026-10-06 01:42:57,982 INFO     league_010 — C20__vs__M10 6700/10000  C20 wins 44.5%  3.12 matches/s
2026-10-06 01:43:08,566 INFO     league_010 — C20__vs__M5 600/10000  C20 wins 43.8%  4.21 matches/s
2026-10-06 01:43:13,815 INFO     league_010 — C20__vs__M20 6000/10000  C20 wins 41.2%  3.21 matches/s
2026-10-06 01:43:29,189 INFO     league_010 — C20__vs__M10 6800/10000  C20 wins 44.5%  3.12 matches/s
2026-10-06 01:43:32,997 INFO     league_010 — C20__vs__M5 700/10000  C20 wins 45.0%  4.19 matches/s
2026-10-06 01:43:44,775 INFO     league_010 — C20__vs__M20 6100/10000  C20 wins 41.2%  3.21 matches/s
2026-10-06 01:43:56,965 INFO     league_010 — C20__vs__M5 800/10000  C20 wins 45.5%  4.19 matches/s
2026-10-06 01:44:01,106 INFO     league_010 — C20__vs__M10 6900/10000  C20 wins 44.6%  3.12 matches/s
2026-10-06 01:44:16,290 INFO     league_010 — C20__vs__M20 6200/10000  C20 wins 41.2%  3.21 matches/s
2026-10-06 01:44:19,976 INFO     league_010 — C20__vs__M5 900/10000  C20 wins 44.9%  4.21 matches/s
2026-10-06 01:44:33,936 INFO     league_010 — C20__vs__M10 7000/10000  C20 wins 44.5%  3.12 matches/s
2026-10-06 01:44:43,727 INFO     league_010 — C20__vs__M5 1000/10000  C20 wins 45.6%  4.21 matches/s
2026-10-06 01:44:46,175 INFO     league_010 — C20__vs__M20 6300/10000  C20 wins 41.2%  3.21 matches/s
2026-10-06 01:45:06,243 INFO     league_010 — C20__vs__M10 7100/10000  C20 wins 44.6%  3.12 matches/s
2026-10-06 01:45:08,275 INFO     league_010 — C20__vs__M5 1100/10000  C20 wins 45.7%  4.20 matches/s
2026-10-06 01:45:15,821 INFO     league_010 — C20__vs__M20 6400/10000  C20 wins 41.3%  3.21 matches/s
2026-10-06 01:45:31,805 INFO     league_010 — C20__vs__M5 1200/10000  C20 wins 46.2%  4.20 matches/s
2026-10-06 01:45:37,834 INFO     league_010 — C20__vs__M10 7200/10000  C20 wins 44.7%  3.12 matches/s
2026-10-06 01:45:45,648 INFO     league_010 — C20__vs__M20 6500/10000  C20 wins 41.4%  3.22 matches/s
2026-10-06 01:45:55,488 INFO     league_010 — C20__vs__M5 1300/10000  C20 wins 46.5%  4.20 matches/s
2026-10-06 01:46:09,657 INFO     league_010 — C20__vs__M10 7300/10000  C20 wins 44.5%  3.12 matches/s
2026-10-06 01:46:16,742 INFO     league_010 — C20__vs__M20 6600/10000  C20 wins 41.2%  3.22 matches/s
2026-10-06 01:46:18,130 INFO     league_010 — C20__vs__M5 1400/10000  C20 wins 46.6%  4.22 matches/s
2026-10-06 01:46:41,712 INFO     league_010 — C20__vs__M10 7400/10000  C20 wins 44.5%  3.12 matches/s
2026-10-06 01:46:41,989 INFO     league_010 — C20__vs__M5 1500/10000  C20 wins 46.6%  4.21 matches/s
2026-10-06 01:46:46,189 INFO     league_010 — C20__vs__M20 6700/10000  C20 wins 41.3%  3.22 matches/s
2026-10-06 01:47:05,538 INFO     league_010 — C20__vs__M5 1600/10000  C20 wins 47.2%  4.22 matches/s
2026-10-06 01:47:14,323 INFO     league_010 — C20__vs__M10 7500/10000  C20 wins 44.4%  3.12 matches/s
2026-10-06 01:47:16,135 INFO     league_010 — C20__vs__M20 6800/10000  C20 wins 41.4%  3.22 matches/s
2026-10-06 01:47:28,477 INFO     league_010 — C20__vs__M5 1700/10000  C20 wins 47.5%  4.22 matches/s
2026-10-06 01:47:47,662 INFO     league_010 — C20__vs__M20 6900/10000  C20 wins 41.4%  3.22 matches/s
2026-10-06 01:47:47,949 INFO     league_010 — C20__vs__M10 7600/10000  C20 wins 44.4%  3.11 matches/s
2026-10-06 01:47:51,864 INFO     league_010 — C20__vs__M5 1800/10000  C20 wins 47.4%  4.23 matches/s
2026-10-06 01:48:16,232 INFO     league_010 — C20__vs__M5 1900/10000  C20 wins 47.6%  4.22 matches/s
2026-10-06 01:48:17,613 INFO     league_010 — C20__vs__M20 7000/10000  C20 wins 41.5%  3.22 matches/s
2026-10-06 01:48:20,606 INFO     league_010 — C20__vs__M10 7700/10000  C20 wins 44.4%  3.11 matches/s
2026-10-06 01:48:39,754 INFO     league_010 — C20__vs__M5 2000/10000  C20 wins 47.9%  4.22 matches/s
2026-10-06 01:48:48,021 INFO     league_010 — C20__vs__M20 7100/10000  C20 wins 41.5%  3.22 matches/s
2026-10-06 01:48:53,689 INFO     league_010 — C20__vs__M10 7800/10000  C20 wins 44.4%  3.11 matches/s
2026-10-06 01:49:03,243 INFO     league_010 — C20__vs__M5 2100/10000  C20 wins 48.0%  4.22 matches/s
2026-10-06 01:49:18,826 INFO     league_010 — C20__vs__M20 7200/10000  C20 wins 41.5%  3.22 matches/s
2026-10-06 01:49:25,814 INFO     league_010 — C20__vs__M10 7900/10000  C20 wins 44.4%  3.11 matches/s
2026-10-06 01:49:26,710 INFO     league_010 — C20__vs__M5 2200/10000  C20 wins 47.7%  4.23 matches/s
2026-10-06 01:49:48,647 INFO     league_010 — C20__vs__M20 7300/10000  C20 wins 41.5%  3.22 matches/s
2026-10-06 01:49:50,164 INFO     league_010 — C20__vs__M5 2300/10000  C20 wins 48.1%  4.23 matches/s
2026-10-06 01:49:58,122 INFO     league_010 — C20__vs__M10 8000/10000  C20 wins 44.4%  3.11 matches/s
2026-10-06 01:50:14,637 INFO     league_010 — C20__vs__M5 2400/10000  C20 wins 48.0%  4.22 matches/s
2026-10-06 01:50:18,212 INFO     league_010 — C20__vs__M20 7400/10000  C20 wins 41.4%  3.23 matches/s
2026-10-06 01:50:30,628 INFO     league_010 — C20__vs__M10 8100/10000  C20 wins 44.5%  3.11 matches/s
2026-10-06 01:50:40,130 INFO     league_010 — C20__vs__M5 2500/10000  C20 wins 48.0%  4.21 matches/s
2026-10-06 01:50:47,091 INFO     league_010 — C20__vs__M20 7500/10000  C20 wins 41.4%  3.23 matches/s
2026-10-06 01:51:02,711 INFO     league_010 — C20__vs__M10 8200/10000  C20 wins 44.4%  3.11 matches/s
2026-10-06 01:51:03,581 INFO     league_010 — C20__vs__M5 2600/10000  C20 wins 48.1%  4.21 matches/s
2026-10-06 01:51:16,842 INFO     league_010 — C20__vs__M20 7600/10000  C20 wins 41.5%  3.23 matches/s
2026-10-06 01:51:27,818 INFO     league_010 — C20__vs__M5 2700/10000  C20 wins 47.8%  4.21 matches/s
2026-10-06 01:51:36,772 INFO     league_010 — C20__vs__M10 8300/10000  C20 wins 44.3%  3.11 matches/s
2026-10-06 01:51:47,618 INFO     league_010 — C20__vs__M20 7700/10000  C20 wins 41.4%  3.23 matches/s
2026-10-06 01:51:51,383 INFO     league_010 — C20__vs__M5 2800/10000  C20 wins 47.9%  4.21 matches/s
2026-10-06 01:52:08,501 INFO     league_010 — C20__vs__M10 8400/10000  C20 wins 44.4%  3.11 matches/s
2026-10-06 01:52:14,691 INFO     league_010 — C20__vs__M5 2900/10000  C20 wins 48.3%  4.21 matches/s
2026-10-06 01:52:17,513 INFO     league_010 — C20__vs__M20 7800/10000  C20 wins 41.4%  3.23 matches/s
2026-10-06 01:52:37,672 INFO     league_010 — C20__vs__M5 3000/10000  C20 wins 48.1%  4.22 matches/s
2026-10-06 01:52:40,477 INFO     league_010 — C20__vs__M10 8500/10000  C20 wins 44.3%  3.11 matches/s
2026-10-06 01:52:48,418 INFO     league_010 — C20__vs__M20 7900/10000  C20 wins 41.4%  3.23 matches/s
2026-10-06 01:53:02,114 INFO     league_010 — C20__vs__M5 3100/10000  C20 wins 48.0%  4.21 matches/s
2026-10-06 01:53:12,330 INFO     league_010 — C20__vs__M10 8600/10000  C20 wins 44.3%  3.11 matches/s
2026-10-06 01:53:19,925 INFO     league_010 — C20__vs__M20 8000/10000  C20 wins 41.4%  3.23 matches/s
2026-10-06 01:53:25,414 INFO     league_010 — C20__vs__M5 3200/10000  C20 wins 47.9%  4.21 matches/s
2026-10-06 01:53:43,859 INFO     league_010 — C20__vs__M10 8700/10000  C20 wins 44.4%  3.11 matches/s
2026-10-06 01:53:49,392 INFO     league_010 — C20__vs__M20 8100/10000  C20 wins 41.3%  3.23 matches/s
2026-10-06 01:53:50,062 INFO     league_010 — C20__vs__M5 3300/10000  C20 wins 47.8%  4.21 matches/s
2026-10-06 01:54:13,339 INFO     league_010 — C20__vs__M5 3400/10000  C20 wins 48.1%  4.21 matches/s
2026-10-06 01:54:16,767 INFO     league_010 — C20__vs__M10 8800/10000  C20 wins 44.3%  3.11 matches/s
2026-10-06 01:54:18,927 INFO     league_010 — C20__vs__M20 8200/10000  C20 wins 41.2%  3.24 matches/s
2026-10-06 01:54:37,122 INFO     league_010 — C20__vs__M5 3500/10000  C20 wins 48.1%  4.21 matches/s
2026-10-06 01:54:48,250 INFO     league_010 — C20__vs__M10 8900/10000  C20 wins 44.4%  3.11 matches/s
2026-10-06 01:54:51,427 INFO     league_010 — C20__vs__M20 8300/10000  C20 wins 41.3%  3.23 matches/s
2026-10-06 01:55:00,707 INFO     league_010 — C20__vs__M5 3600/10000  C20 wins 48.2%  4.21 matches/s
2026-10-06 01:55:20,258 INFO     league_010 — C20__vs__M10 9000/10000  C20 wins 44.3%  3.11 matches/s
2026-10-06 01:55:23,626 INFO     league_010 — C20__vs__M20 8400/10000  C20 wins 41.3%  3.23 matches/s
2026-10-06 01:55:24,740 INFO     league_010 — C20__vs__M5 3700/10000  C20 wins 48.3%  4.21 matches/s
2026-10-06 01:55:48,884 INFO     league_010 — C20__vs__M5 3800/10000  C20 wins 48.1%  4.21 matches/s
2026-10-06 01:55:52,216 INFO     league_010 — C20__vs__M10 9100/10000  C20 wins 44.4%  3.11 matches/s
2026-10-06 01:55:56,265 INFO     league_010 — C20__vs__M20 8500/10000  C20 wins 41.3%  3.23 matches/s
2026-10-06 01:56:11,993 INFO     league_010 — C20__vs__M5 3900/10000  C20 wins 48.1%  4.21 matches/s
2026-10-06 01:56:25,289 INFO     league_010 — C20__vs__M10 9200/10000  C20 wins 44.4%  3.11 matches/s
2026-10-06 01:56:27,147 INFO     league_010 — C20__vs__M20 8600/10000  C20 wins 41.2%  3.23 matches/s
2026-10-06 01:56:35,517 INFO     league_010 — C20__vs__M5 4000/10000  C20 wins 48.1%  4.21 matches/s
2026-10-06 01:56:56,861 INFO     league_010 — C20__vs__M10 9300/10000  C20 wins 44.3%  3.11 matches/s
2026-10-06 01:56:57,722 INFO     league_010 — C20__vs__M20 8700/10000  C20 wins 41.1%  3.23 matches/s
2026-10-06 01:56:58,913 INFO     league_010 — C20__vs__M5 4100/10000  C20 wins 48.2%  4.21 matches/s
2026-10-06 01:57:21,925 INFO     league_010 — C20__vs__M5 4200/10000  C20 wins 48.4%  4.22 matches/s
2026-10-06 01:57:28,703 INFO     league_010 — C20__vs__M20 8800/10000  C20 wins 41.1%  3.23 matches/s
2026-10-06 01:57:30,114 INFO     league_010 — C20__vs__M10 9400/10000  C20 wins 44.3%  3.11 matches/s
2026-10-06 01:57:45,645 INFO     league_010 — C20__vs__M5 4300/10000  C20 wins 48.6%  4.22 matches/s
2026-10-06 01:57:58,173 INFO     league_010 — C20__vs__M20 8900/10000  C20 wins 41.1%  3.23 matches/s
2026-10-06 01:58:02,050 INFO     league_010 — C20__vs__M10 9500/10000  C20 wins 44.4%  3.11 matches/s
2026-10-06 01:58:08,115 INFO     league_010 — C20__vs__M5 4400/10000  C20 wins 48.4%  4.22 matches/s
2026-10-06 01:58:28,963 INFO     league_010 — C20__vs__M20 9000/10000  C20 wins 41.1%  3.23 matches/s
2026-10-06 01:58:32,406 INFO     league_010 — C20__vs__M5 4500/10000  C20 wins 48.5%  4.22 matches/s
2026-10-06 01:58:33,569 INFO     league_010 — C20__vs__M10 9600/10000  C20 wins 44.5%  3.11 matches/s
2026-10-06 01:58:56,442 INFO     league_010 — C20__vs__M5 4600/10000  C20 wins 48.4%  4.22 matches/s
2026-10-06 01:58:59,888 INFO     league_010 — C20__vs__M20 9100/10000  C20 wins 41.1%  3.23 matches/s
2026-10-06 01:59:05,345 INFO     league_010 — C20__vs__M10 9700/10000  C20 wins 44.5%  3.11 matches/s
2026-10-06 01:59:21,081 INFO     league_010 — C20__vs__M5 4700/10000  C20 wins 48.4%  4.22 matches/s
2026-10-06 01:59:33,185 INFO     league_010 — C20__vs__M20 9200/10000  C20 wins 41.0%  3.23 matches/s
2026-10-06 01:59:36,285 INFO     league_010 — C20__vs__M10 9800/10000  C20 wins 44.5%  3.11 matches/s
2026-10-06 01:59:44,628 INFO     league_010 — C20__vs__M5 4800/10000  C20 wins 48.3%  4.22 matches/s
2026-10-06 02:00:03,367 INFO     league_010 — C20__vs__M20 9300/10000  C20 wins 41.1%  3.23 matches/s
2026-10-06 02:00:07,730 INFO     league_010 — C20__vs__M5 4900/10000  C20 wins 48.3%  4.22 matches/s
2026-10-06 02:00:08,103 INFO     league_010 — C20__vs__M10 9900/10000  C20 wins 44.6%  3.11 matches/s
2026-10-06 02:00:31,255 INFO     league_010 — C20__vs__M5 5000/10000  C20 wins 48.2%  4.22 matches/s
2026-10-06 02:00:36,511 INFO     league_010 — C20__vs__M20 9400/10000  C20 wins 41.1%  3.23 matches/s
2026-10-06 02:00:41,550 INFO     league_010 — C20__vs__M10 10000/10000  C20 wins 44.6%  3.11 matches/s
2026-10-06 02:00:41,553 INFO     league_010 — C20__vs__M10 winners_sha256=3d318e789a17f7a6e39f2d3e01f7c9764ad3500a202f26cd9f7220f3a233371a
2026-10-06 02:00:41,610 INFO     league_010 — finished C20__vs__M10
2026-10-06 02:00:54,427 INFO     league_010 — C20__vs__M5 5100/10000  C20 wins 48.1%  4.22 matches/s
2026-10-06 02:01:06,518 INFO     league_010 — C20__vs__M20 9500/10000  C20 wins 41.1%  3.23 matches/s
2026-10-06 02:01:09,144 INFO     league_010 — C20__vs__bc_init 100/10000  C20 wins 88.0%  3.66 matches/s
2026-10-06 02:01:17,754 INFO     league_010 — C20__vs__M5 5200/10000  C20 wins 48.1%  4.22 matches/s
2026-10-06 02:01:36,021 INFO     league_010 — C20__vs__bc_init 200/10000  C20 wins 90.0%  3.69 matches/s
2026-10-06 02:01:37,989 INFO     league_010 — C20__vs__M20 9600/10000  C20 wins 41.1%  3.23 matches/s
2026-10-06 02:01:42,579 INFO     league_010 — C20__vs__M5 5300/10000  C20 wins 48.2%  4.22 matches/s
2026-10-06 02:02:01,838 INFO     league_010 — C20__vs__bc_init 300/10000  C20 wins 91.0%  3.75 matches/s
2026-10-06 02:02:05,468 INFO     league_010 — C20__vs__M5 5400/10000  C20 wins 48.3%  4.22 matches/s
2026-10-06 02:02:07,939 INFO     league_010 — C20__vs__M20 9700/10000  C20 wins 41.1%  3.23 matches/s
2026-10-06 02:02:28,063 INFO     league_010 — C20__vs__bc_init 400/10000  C20 wins 91.0%  3.77 matches/s
2026-10-06 02:02:28,659 INFO     league_010 — C20__vs__M5 5500/10000  C20 wins 48.2%  4.22 matches/s
2026-10-06 02:02:38,821 INFO     league_010 — C20__vs__M20 9800/10000  C20 wins 41.1%  3.23 matches/s
2026-10-06 02:02:52,951 INFO     league_010 — C20__vs__M5 5600/10000  C20 wins 48.2%  4.22 matches/s
2026-10-06 02:02:53,920 INFO     league_010 — C20__vs__bc_init 500/10000  C20 wins 91.8%  3.79 matches/s
2026-10-06 02:03:09,424 INFO     league_010 — C20__vs__M20 9900/10000  C20 wins 41.1%  3.23 matches/s
2026-10-06 02:03:17,428 INFO     league_010 — C20__vs__M5 5700/10000  C20 wins 48.1%  4.22 matches/s
2026-10-06 02:03:20,514 INFO     league_010 — C20__vs__bc_init 600/10000  C20 wins 91.8%  3.78 matches/s
2026-10-06 02:03:40,601 INFO     league_010 — C20__vs__M20 10000/10000  C20 wins 41.1%  3.23 matches/s
2026-10-06 02:03:40,603 INFO     league_010 — C20__vs__M20 winners_sha256=bea9acaa7fce2e415afc226713ea3bff1c47b9b82feb9dff3cf4d643dcd65849
2026-10-06 02:03:40,659 INFO     league_010 — finished C20__vs__M20
2026-10-06 02:03:42,431 INFO     league_010 — C20__vs__M5 5800/10000  C20 wins 48.1%  4.21 matches/s
2026-10-06 02:03:45,539 INFO     league_010 — C20__vs__bc_init 700/10000  C20 wins 92.1%  3.81 matches/s
2026-10-06 02:04:06,296 INFO     league_010 — C20__vs__M5 5900/10000  C20 wins 48.2%  4.21 matches/s
2026-10-06 02:04:12,978 INFO     league_010 — C20__vs__bc_init 800/10000  C20 wins 91.5%  3.79 matches/s
2026-10-06 02:04:15,832 INFO     league_010 — C5__vs__M10 100/10000  C5 wins 32.0%  2.87 matches/s
2026-10-06 02:04:30,170 INFO     league_010 — C20__vs__M5 6000/10000  C20 wins 48.2%  4.21 matches/s
2026-10-06 02:04:39,082 INFO     league_010 — C20__vs__bc_init 900/10000  C20 wins 91.9%  3.79 matches/s
2026-10-06 02:04:49,137 INFO     league_010 — C5__vs__M10 200/10000  C5 wins 37.5%  2.93 matches/s
2026-10-06 02:04:54,519 INFO     league_010 — C20__vs__M5 6100/10000  C20 wins 48.2%  4.21 matches/s
2026-10-06 02:05:05,762 INFO     league_010 — C20__vs__bc_init 1000/10000  C20 wins 91.2%  3.79 matches/s
2026-10-06 02:05:19,526 INFO     league_010 — C20__vs__M5 6200/10000  C20 wins 48.3%  4.21 matches/s
2026-10-06 02:05:24,180 INFO     league_010 — C5__vs__M10 300/10000  C5 wins 36.7%  2.91 matches/s
2026-10-06 02:05:31,904 INFO     league_010 — C20__vs__bc_init 1100/10000  C20 wins 91.4%  3.79 matches/s
2026-10-06 02:05:43,023 INFO     league_010 — C20__vs__M5 6300/10000  C20 wins 48.4%  4.21 matches/s
2026-10-06 02:05:58,151 INFO     league_010 — C5__vs__M10 400/10000  C5 wins 36.8%  2.92 matches/s
2026-10-06 02:05:58,928 INFO     league_010 — C20__vs__bc_init 1200/10000  C20 wins 91.4%  3.78 matches/s
2026-10-06 02:06:07,601 INFO     league_010 — C20__vs__M5 6400/10000  C20 wins 48.4%  4.21 matches/s
2026-10-06 02:06:25,410 INFO     league_010 — C20__vs__bc_init 1300/10000  C20 wins 91.5%  3.78 matches/s
2026-10-06 02:06:31,287 INFO     league_010 — C20__vs__M5 6500/10000  C20 wins 48.4%  4.21 matches/s
2026-10-06 02:06:32,864 INFO     league_010 — C5__vs__M10 500/10000  C5 wins 36.2%  2.91 matches/s
2026-10-06 02:06:52,249 INFO     league_010 — C20__vs__bc_init 1400/10000  C20 wins 91.3%  3.78 matches/s
2026-10-06 02:06:55,571 INFO     league_010 — C20__vs__M5 6600/10000  C20 wins 48.5%  4.21 matches/s
2026-10-06 02:07:06,197 INFO     league_010 — C5__vs__M10 600/10000  C5 wins 38.5%  2.92 matches/s
2026-10-06 02:07:18,395 INFO     league_010 — C20__vs__bc_init 1500/10000  C20 wins 91.4%  3.78 matches/s
2026-10-06 02:07:18,990 INFO     league_010 — C20__vs__M5 6700/10000  C20 wins 48.5%  4.21 matches/s
2026-10-06 02:07:38,786 INFO     league_010 — C5__vs__M10 700/10000  C5 wins 39.0%  2.94 matches/s
2026-10-06 02:07:43,775 INFO     league_010 — C20__vs__M5 6800/10000  C20 wins 48.5%  4.20 matches/s
2026-10-06 02:07:44,660 INFO     league_010 — C20__vs__bc_init 1600/10000  C20 wins 91.3%  3.78 matches/s
2026-10-06 02:08:08,839 INFO     league_010 — C20__vs__M5 6900/10000  C20 wins 48.5%  4.20 matches/s
2026-10-06 02:08:10,795 INFO     league_010 — C20__vs__bc_init 1700/10000  C20 wins 91.5%  3.79 matches/s
2026-10-06 02:08:12,734 INFO     league_010 — C5__vs__M10 800/10000  C5 wins 39.1%  2.94 matches/s
2026-10-06 02:08:32,699 INFO     league_010 — C20__vs__M5 7000/10000  C20 wins 48.5%  4.20 matches/s
2026-10-06 02:08:37,107 INFO     league_010 — C20__vs__bc_init 1800/10000  C20 wins 91.3%  3.79 matches/s
2026-10-06 02:08:45,824 INFO     league_010 — C5__vs__M10 900/10000  C5 wins 39.7%  2.95 matches/s
2026-10-06 02:08:56,333 INFO     league_010 — C20__vs__M5 7100/10000  C20 wins 48.5%  4.20 matches/s
2026-10-06 02:09:02,984 INFO     league_010 — C20__vs__bc_init 1900/10000  C20 wins 91.5%  3.79 matches/s
2026-10-06 02:09:19,283 INFO     league_010 — C5__vs__M10 1000/10000  C5 wins 40.8%  2.96 matches/s
2026-10-06 02:09:19,792 INFO     league_010 — C20__vs__M5 7200/10000  C20 wins 48.4%  4.20 matches/s
2026-10-06 02:09:29,444 INFO     league_010 — C20__vs__bc_init 2000/10000  C20 wins 91.3%  3.79 matches/s
2026-10-06 02:09:43,719 INFO     league_010 — C20__vs__M5 7300/10000  C20 wins 48.5%  4.20 matches/s
2026-10-06 02:09:53,158 INFO     league_010 — C5__vs__M10 1100/10000  C5 wins 41.2%  2.96 matches/s
2026-10-06 02:09:55,158 INFO     league_010 — C20__vs__bc_init 2100/10000  C20 wins 91.4%  3.80 matches/s
2026-10-06 02:10:07,559 INFO     league_010 — C20__vs__M5 7400/10000  C20 wins 48.5%  4.20 matches/s
2026-10-06 02:10:20,683 INFO     league_010 — C20__vs__bc_init 2200/10000  C20 wins 91.3%  3.80 matches/s
2026-10-06 02:10:26,918 INFO     league_010 — C5__vs__M10 1200/10000  C5 wins 41.0%  2.96 matches/s
2026-10-06 02:10:35,087 INFO     league_010 — C20__vs__M5 7500/10000  C20 wins 48.6%  4.19 matches/s
2026-10-06 02:10:39,905 INFO     league_010 — C20__vs__bc_init 2300/10000  C20 wins 91.2%  3.85 matches/s
2026-10-06 02:10:59,256 INFO     league_010 — C5__vs__M10 1300/10000  C5 wins 41.0%  2.97 matches/s
2026-10-06 02:10:59,421 INFO     league_010 — C20__vs__bc_init 2400/10000  C20 wins 91.0%  3.89 matches/s
2026-10-06 02:11:06,656 INFO     league_010 — C20__vs__M5 7600/10000  C20 wins 48.6%  4.17 matches/s
2026-10-06 02:11:24,176 INFO     league_010 — C20__vs__bc_init 2500/10000  C20 wins 91.1%  3.89 matches/s
2026-10-06 02:11:30,179 INFO     league_010 — C20__vs__M5 7700/10000  C20 wins 48.6%  4.18 matches/s
2026-10-06 02:11:33,645 INFO     league_010 — C5__vs__M10 1400/10000  C5 wins 41.3%  2.96 matches/s
2026-10-06 02:11:50,360 INFO     league_010 — C20__vs__bc_init 2600/10000  C20 wins 91.1%  3.89 matches/s
2026-10-06 02:11:54,323 INFO     league_010 — C20__vs__M5 7800/10000  C20 wins 48.6%  4.18 matches/s
2026-10-06 02:12:06,727 INFO     league_010 — C5__vs__M10 1500/10000  C5 wins 41.4%  2.97 matches/s
2026-10-06 02:12:16,612 INFO     league_010 — C20__vs__bc_init 2700/10000  C20 wins 91.0%  3.89 matches/s
2026-10-06 02:12:19,838 INFO     league_010 — C20__vs__M5 7900/10000  C20 wins 48.4%  4.17 matches/s
2026-10-06 02:12:36,750 INFO     league_010 — C20__vs__bc_init 2800/10000  C20 wins 90.9%  3.92 matches/s
2026-10-06 02:12:40,132 INFO     league_010 — C5__vs__M10 1600/10000  C5 wins 41.4%  2.97 matches/s
2026-10-06 02:12:51,296 INFO     league_010 — C20__vs__M5 8000/10000  C20 wins 48.5%  4.16 matches/s
2026-10-06 02:12:56,373 INFO     league_010 — C20__vs__bc_init 2900/10000  C20 wins 90.8%  3.95 matches/s
2026-10-06 02:13:11,470 INFO     league_010 — C5__vs__M10 1700/10000  C5 wins 41.2%  2.98 matches/s
2026-10-06 02:13:19,886 INFO     league_010 — C20__vs__bc_init 3000/10000  C20 wins 90.9%  3.96 matches/s
2026-10-06 02:13:22,875 INFO     league_010 — C20__vs__M5 8100/10000  C20 wins 48.5%  4.14 matches/s
2026-10-06 02:13:36,371 INFO     league_010 — C5__vs__M10 1800/10000  C5 wins 40.9%  3.02 matches/s
2026-10-06 02:13:46,105 INFO     league_010 — C20__vs__bc_init 3100/10000  C20 wins 90.8%  3.95 matches/s
2026-10-06 02:13:54,382 INFO     league_010 — C20__vs__M5 8200/10000  C20 wins 48.6%  4.12 matches/s
2026-10-06 02:14:00,582 INFO     league_010 — C5__vs__M10 1900/10000  C5 wins 41.1%  3.07 matches/s
2026-10-06 02:14:12,235 INFO     league_010 — C20__vs__bc_init 3200/10000  C20 wins 90.7%  3.95 matches/s
2026-10-06 02:14:26,210 INFO     league_010 — C5__vs__M10 2000/10000  C5 wins 40.5%  3.10 matches/s
2026-10-06 02:14:27,383 INFO     league_010 — C20__vs__M5 8300/10000  C20 wins 48.5%  4.11 matches/s
2026-10-06 02:14:38,094 INFO     league_010 — C20__vs__bc_init 3300/10000  C20 wins 90.6%  3.95 matches/s
2026-10-06 02:14:51,834 INFO     league_010 — C5__vs__M10 2100/10000  C5 wins 40.6%  3.13 matches/s
2026-10-06 02:14:59,235 INFO     league_010 — C20__vs__M5 8400/10000  C20 wins 48.4%  4.09 matches/s
2026-10-06 02:15:04,661 INFO     league_010 — C20__vs__bc_init 3400/10000  C20 wins 90.7%  3.94 matches/s
2026-10-06 02:15:17,386 INFO     league_010 — C5__vs__M10 2200/10000  C5 wins 40.7%  3.16 matches/s
2026-10-06 02:15:30,396 INFO     league_010 — C20__vs__bc_init 3500/10000  C20 wins 90.7%  3.94 matches/s
2026-10-06 02:15:30,511 INFO     league_010 — C20__vs__M5 8500/10000  C20 wins 48.4%  4.08 matches/s
2026-10-06 02:15:42,326 INFO     league_010 — C5__vs__M10 2300/10000  C5 wins 40.3%  3.19 matches/s
2026-10-06 02:15:56,758 INFO     league_010 — C20__vs__bc_init 3600/10000  C20 wins 90.7%  3.93 matches/s
2026-10-06 02:16:03,504 INFO     league_010 — C20__vs__M5 8600/10000  C20 wins 48.4%  4.06 matches/s
2026-10-06 02:16:07,507 INFO     league_010 — C5__vs__M10 2400/10000  C5 wins 40.0%  3.21 matches/s
2026-10-06 02:16:22,636 INFO     league_010 — C20__vs__bc_init 3700/10000  C20 wins 90.6%  3.93 matches/s
2026-10-06 02:16:31,685 INFO     league_010 — C5__vs__M10 2500/10000  C5 wins 39.9%  3.24 matches/s
2026-10-06 02:16:34,923 INFO     league_010 — C20__vs__M5 8700/10000  C20 wins 48.5%  4.05 matches/s
2026-10-06 02:16:48,068 INFO     league_010 — C20__vs__bc_init 3800/10000  C20 wins 90.7%  3.93 matches/s
2026-10-06 02:16:57,799 INFO     league_010 — C5__vs__M10 2600/10000  C5 wins 40.3%  3.26 matches/s
2026-10-06 02:17:06,545 INFO     league_010 — C20__vs__M5 8800/10000  C20 wins 48.5%  4.04 matches/s
2026-10-06 02:17:14,590 INFO     league_010 — C20__vs__bc_init 3900/10000  C20 wins 90.7%  3.93 matches/s
2026-10-06 02:17:23,270 INFO     league_010 — C5__vs__M10 2700/10000  C5 wins 40.2%  3.28 matches/s
2026-10-06 02:17:38,981 INFO     league_010 — C20__vs__M5 8900/10000  C20 wins 48.7%  4.02 matches/s
2026-10-06 02:17:41,374 INFO     league_010 — C20__vs__bc_init 4000/10000  C20 wins 90.8%  3.92 matches/s
2026-10-06 02:17:47,866 INFO     league_010 — C5__vs__M10 2800/10000  C5 wins 40.1%  3.31 matches/s
2026-10-06 02:18:07,006 INFO     league_010 — C20__vs__bc_init 4100/10000  C20 wins 90.7%  3.92 matches/s
2026-10-06 02:18:09,511 INFO     league_010 — C20__vs__M5 9000/10000  C20 wins 48.7%  4.01 matches/s
2026-10-06 02:18:13,049 INFO     league_010 — C5__vs__M10 2900/10000  C5 wins 39.9%  3.33 matches/s
2026-10-06 02:18:32,698 INFO     league_010 — C20__vs__bc_init 4200/10000  C20 wins 90.6%  3.92 matches/s
2026-10-06 02:18:38,186 INFO     league_010 — C5__vs__M10 3000/10000  C5 wins 39.9%  3.34 matches/s
2026-10-06 02:18:41,955 INFO     league_010 — C20__vs__M5 9100/10000  C20 wins 48.7%  4.00 matches/s
2026-10-06 02:18:58,415 INFO     league_010 — C20__vs__bc_init 4300/10000  C20 wins 90.6%  3.92 matches/s
2026-10-06 02:19:03,077 INFO     league_010 — C5__vs__M10 3100/10000  C5 wins 39.7%  3.36 matches/s
2026-10-06 02:19:13,594 INFO     league_010 — C20__vs__M5 9200/10000  C20 wins 48.7%  3.99 matches/s
2026-10-06 02:19:24,631 INFO     league_010 — C20__vs__bc_init 4400/10000  C20 wins 90.6%  3.92 matches/s
2026-10-06 02:19:28,461 INFO     league_010 — C5__vs__M10 3200/10000  C5 wins 40.2%  3.38 matches/s
2026-10-06 02:19:45,047 INFO     league_010 — C20__vs__M5 9300/10000  C20 wins 48.6%  3.98 matches/s
2026-10-06 02:19:51,621 INFO     league_010 — C20__vs__bc_init 4500/10000  C20 wins 90.6%  3.91 matches/s
2026-10-06 02:19:53,926 INFO     league_010 — C5__vs__M10 3300/10000  C5 wins 40.1%  3.39 matches/s
2026-10-06 02:20:17,086 INFO     league_010 — C20__vs__M5 9400/10000  C20 wins 48.6%  3.96 matches/s
2026-10-06 02:20:17,873 INFO     league_010 — C20__vs__bc_init 4600/10000  C20 wins 90.8%  3.91 matches/s
2026-10-06 02:20:17,904 INFO     league_010 — C5__vs__M10 3400/10000  C5 wins 39.9%  3.41 matches/s
2026-10-06 02:20:43,187 INFO     league_010 — C5__vs__M10 3500/10000  C5 wins 39.8%  3.42 matches/s
2026-10-06 02:20:44,159 INFO     league_010 — C20__vs__bc_init 4700/10000  C20 wins 90.8%  3.91 matches/s
2026-10-06 02:20:48,590 INFO     league_010 — C20__vs__M5 9500/10000  C20 wins 48.7%  3.95 matches/s
2026-10-06 02:21:07,442 INFO     league_010 — C5__vs__M10 3600/10000  C5 wins 39.9%  3.44 matches/s
2026-10-06 02:21:10,811 INFO     league_010 — C20__vs__bc_init 4800/10000  C20 wins 90.7%  3.91 matches/s
2026-10-06 02:21:20,497 INFO     league_010 — C20__vs__M5 9600/10000  C20 wins 48.7%  3.94 matches/s
2026-10-06 02:21:32,421 INFO     league_010 — C5__vs__M10 3700/10000  C5 wins 40.0%  3.45 matches/s
2026-10-06 02:21:35,723 INFO     league_010 — C20__vs__bc_init 4900/10000  C20 wins 90.8%  3.91 matches/s
2026-10-06 02:21:53,147 INFO     league_010 — C20__vs__M5 9700/10000  C20 wins 48.7%  3.93 matches/s
2026-10-06 02:21:56,790 INFO     league_010 — C5__vs__M10 3800/10000  C5 wins 39.9%  3.47 matches/s
2026-10-06 02:22:02,709 INFO     league_010 — C20__vs__bc_init 5000/10000  C20 wins 90.7%  3.90 matches/s
2026-10-06 02:22:21,197 INFO     league_010 — C5__vs__M10 3900/10000  C5 wins 40.1%  3.48 matches/s
2026-10-06 02:22:24,970 INFO     league_010 — C20__vs__M5 9800/10000  C20 wins 48.7%  3.92 matches/s
2026-10-06 02:22:28,490 INFO     league_010 — C20__vs__bc_init 5100/10000  C20 wins 90.7%  3.90 matches/s
2026-10-06 02:22:45,493 INFO     league_010 — C5__vs__M10 4000/10000  C5 wins 39.7%  3.49 matches/s
2026-10-06 02:22:55,894 INFO     league_010 — C20__vs__bc_init 5200/10000  C20 wins 90.8%  3.90 matches/s
2026-10-06 02:22:56,280 INFO     league_010 — C20__vs__M5 9900/10000  C20 wins 48.7%  3.91 matches/s
2026-10-06 02:23:10,613 INFO     league_010 — C5__vs__M10 4100/10000  C5 wins 39.6%  3.51 matches/s
2026-10-06 02:23:21,195 INFO     league_010 — C20__vs__bc_init 5300/10000  C20 wins 90.8%  3.90 matches/s
2026-10-06 02:23:28,602 INFO     league_010 — C20__vs__M5 10000/10000  C20 wins 48.6%  3.90 matches/s
2026-10-06 02:23:28,605 INFO     league_010 — C20__vs__M5 winners_sha256=2c96aa23e18813ad2190960680ddc7ccb2739a1f0b2b5936e7ecd9bde358c444
2026-10-06 02:23:28,661 INFO     league_010 — finished C20__vs__M5
2026-10-06 02:23:35,953 INFO     league_010 — C5__vs__M10 4200/10000  C5 wins 39.7%  3.51 matches/s
2026-10-06 02:23:47,037 INFO     league_010 — C20__vs__bc_init 5400/10000  C20 wins 90.8%  3.90 matches/s
2026-10-06 02:24:01,126 INFO     league_010 — C5__vs__M20 100/10000  C5 wins 33.0%  3.11 matches/s
2026-10-06 02:24:01,462 INFO     league_010 — C5__vs__M10 4300/10000  C5 wins 39.7%  3.52 matches/s
2026-10-06 02:24:13,789 INFO     league_010 — C20__vs__bc_init 5500/10000  C20 wins 90.7%  3.90 matches/s
2026-10-06 02:24:25,259 INFO     league_010 — C5__vs__M10 4400/10000  C5 wins 39.6%  3.54 matches/s
2026-10-06 02:24:34,978 INFO     league_010 — C5__vs__M20 200/10000  C5 wins 32.5%  3.03 matches/s
2026-10-06 02:24:41,452 INFO     league_010 — C20__vs__bc_init 5600/10000  C20 wins 90.6%  3.89 matches/s
2026-10-06 02:24:50,606 INFO     league_010 — C5__vs__M10 4500/10000  C5 wins 39.5%  3.54 matches/s
2026-10-06 02:25:08,305 INFO     league_010 — C20__vs__bc_init 5700/10000  C20 wins 90.6%  3.89 matches/s
2026-10-06 02:25:08,401 INFO     league_010 — C5__vs__M20 300/10000  C5 wins 36.0%  3.02 matches/s
2026-10-06 02:25:15,942 INFO     league_010 — C5__vs__M10 4600/10000  C5 wins 39.5%  3.55 matches/s
2026-10-06 02:25:33,705 INFO     league_010 — C20__vs__bc_init 5800/10000  C20 wins 90.5%  3.89 matches/s
2026-10-06 02:25:40,514 INFO     league_010 — C5__vs__M10 4700/10000  C5 wins 39.6%  3.56 matches/s
2026-10-06 02:25:40,744 INFO     league_010 — C5__vs__M20 400/10000  C5 wins 36.8%  3.03 matches/s
2026-10-06 02:25:59,821 INFO     league_010 — C20__vs__bc_init 5900/10000  C20 wins 90.6%  3.89 matches/s
2026-10-06 02:26:05,629 INFO     league_010 — C5__vs__M10 4800/10000  C5 wins 39.6%  3.57 matches/s
2026-10-06 02:26:14,404 INFO     league_010 — C5__vs__M20 500/10000  C5 wins 36.8%  3.02 matches/s
2026-10-06 02:26:25,753 INFO     league_010 — C20__vs__bc_init 6000/10000  C20 wins 90.6%  3.89 matches/s
2026-10-06 02:26:31,432 INFO     league_010 — C5__vs__M10 4900/10000  C5 wins 39.5%  3.58 matches/s
2026-10-06 02:26:49,575 INFO     league_010 — C5__vs__M20 600/10000  C5 wins 36.8%  2.99 matches/s
2026-10-06 02:26:53,530 INFO     league_010 — C20__vs__bc_init 6100/10000  C20 wins 90.6%  3.88 matches/s
2026-10-06 02:26:56,536 INFO     league_010 — C5__vs__M10 5000/10000  C5 wins 39.5%  3.58 matches/s
2026-10-06 02:27:18,544 INFO     league_010 — C20__vs__bc_init 6200/10000  C20 wins 90.6%  3.88 matches/s
2026-10-06 02:27:20,954 INFO     league_010 — C5__vs__M10 5100/10000  C5 wins 39.6%  3.59 matches/s
2026-10-06 02:27:22,369 INFO     league_010 — C5__vs__M20 700/10000  C5 wins 38.0%  3.00 matches/s
2026-10-06 02:27:44,026 INFO     league_010 — C20__vs__bc_init 6300/10000  C20 wins 90.7%  3.88 matches/s
2026-10-06 02:27:45,256 INFO     league_010 — C5__vs__M10 5200/10000  C5 wins 39.6%  3.60 matches/s
2026-10-06 02:27:55,747 INFO     league_010 — C5__vs__M20 800/10000  C5 wins 38.4%  3.00 matches/s
2026-10-06 02:28:10,652 INFO     league_010 — C5__vs__M10 5300/10000  C5 wins 39.6%  3.61 matches/s
2026-10-06 02:28:10,751 INFO     league_010 — C20__vs__bc_init 6400/10000  C20 wins 90.6%  3.88 matches/s
2026-10-06 02:28:29,264 INFO     league_010 — C5__vs__M20 900/10000  C5 wins 38.6%  3.00 matches/s
2026-10-06 02:28:35,856 INFO     league_010 — C5__vs__M10 5400/10000  C5 wins 39.7%  3.61 matches/s
2026-10-06 02:28:37,547 INFO     league_010 — C20__vs__bc_init 6500/10000  C20 wins 90.6%  3.88 matches/s
2026-10-06 02:29:00,465 INFO     league_010 — C5__vs__M10 5500/10000  C5 wins 39.6%  3.62 matches/s
2026-10-06 02:29:02,858 INFO     league_010 — C5__vs__M20 1000/10000  C5 wins 38.6%  2.99 matches/s
2026-10-06 02:29:04,036 INFO     league_010 — C20__vs__bc_init 6600/10000  C20 wins 90.6%  3.88 matches/s
2026-10-06 02:29:25,243 INFO     league_010 — C5__vs__M10 5600/10000  C5 wins 39.8%  3.63 matches/s
2026-10-06 02:29:29,896 INFO     league_010 — C20__vs__bc_init 6700/10000  C20 wins 90.7%  3.88 matches/s
2026-10-06 02:29:35,454 INFO     league_010 — C5__vs__M20 1100/10000  C5 wins 38.3%  3.00 matches/s
2026-10-06 02:29:49,085 INFO     league_010 — C5__vs__M10 5700/10000  C5 wins 39.8%  3.63 matches/s
2026-10-06 02:29:56,625 INFO     league_010 — C20__vs__bc_init 6800/10000  C20 wins 90.6%  3.88 matches/s
2026-10-06 02:30:08,276 INFO     league_010 — C5__vs__M20 1200/10000  C5 wins 38.4%  3.01 matches/s
2026-10-06 02:30:14,431 INFO     league_010 — C5__vs__M10 5800/10000  C5 wins 39.9%  3.64 matches/s
2026-10-06 02:30:22,702 INFO     league_010 — C20__vs__bc_init 6900/10000  C20 wins 90.6%  3.87 matches/s
2026-10-06 02:30:40,198 INFO     league_010 — C5__vs__M10 5900/10000  C5 wins 39.8%  3.64 matches/s
2026-10-06 02:30:42,084 INFO     league_010 — C5__vs__M20 1300/10000  C5 wins 38.6%  3.00 matches/s
2026-10-06 02:30:48,207 INFO     league_010 — C20__vs__bc_init 7000/10000  C20 wins 90.6%  3.88 matches/s
2026-10-06 02:31:05,516 INFO     league_010 — C5__vs__M10 6000/10000  C5 wins 39.8%  3.65 matches/s
2026-10-06 02:31:14,085 INFO     league_010 — C5__vs__M20 1400/10000  C5 wins 39.1%  3.01 matches/s
2026-10-06 02:31:14,317 INFO     league_010 — C20__vs__bc_init 7100/10000  C20 wins 90.7%  3.87 matches/s
2026-10-06 02:31:30,945 INFO     league_010 — C5__vs__M10 6100/10000  C5 wins 39.8%  3.65 matches/s
2026-10-06 02:31:40,083 INFO     league_010 — C20__vs__bc_init 7200/10000  C20 wins 90.7%  3.87 matches/s
2026-10-06 02:31:46,978 INFO     league_010 — C5__vs__M20 1500/10000  C5 wins 39.1%  3.01 matches/s
2026-10-06 02:31:56,743 INFO     league_010 — C5__vs__M10 6200/10000  C5 wins 39.6%  3.66 matches/s
2026-10-06 02:32:06,041 INFO     league_010 — C20__vs__bc_init 7300/10000  C20 wins 90.6%  3.87 matches/s
2026-10-06 02:32:19,815 INFO     league_010 — C5__vs__M20 1600/10000  C5 wins 39.2%  3.01 matches/s
2026-10-06 02:32:21,319 INFO     league_010 — C5__vs__M10 6300/10000  C5 wins 39.7%  3.66 matches/s
2026-10-06 02:32:32,626 INFO     league_010 — C20__vs__bc_init 7400/10000  C20 wins 90.6%  3.87 matches/s
2026-10-06 02:32:46,993 INFO     league_010 — C5__vs__M10 6400/10000  C5 wins 39.7%  3.67 matches/s
2026-10-06 02:32:54,513 INFO     league_010 — C5__vs__M20 1700/10000  C5 wins 39.2%  3.01 matches/s
2026-10-06 02:32:59,747 INFO     league_010 — C20__vs__bc_init 7500/10000  C20 wins 90.7%  3.87 matches/s
2026-10-06 02:33:12,647 INFO     league_010 — C5__vs__M10 6500/10000  C5 wins 39.8%  3.67 matches/s
2026-10-06 02:33:26,865 INFO     league_010 — C20__vs__bc_init 7600/10000  C20 wins 90.7%  3.87 matches/s
2026-10-06 02:33:28,189 INFO     league_010 — C5__vs__M20 1800/10000  C5 wins 39.5%  3.00 matches/s
2026-10-06 02:33:37,939 INFO     league_010 — C5__vs__M10 6600/10000  C5 wins 39.8%  3.67 matches/s
2026-10-06 02:33:52,518 INFO     league_010 — C20__vs__bc_init 7700/10000  C20 wins 90.6%  3.87 matches/s
2026-10-06 02:34:01,171 INFO     league_010 — C5__vs__M20 1900/10000  C5 wins 39.9%  3.01 matches/s
2026-10-06 02:34:03,115 INFO     league_010 — C5__vs__M10 6700/10000  C5 wins 40.0%  3.68 matches/s
2026-10-06 02:34:18,288 INFO     league_010 — C20__vs__bc_init 7800/10000  C20 wins 90.7%  3.87 matches/s
2026-10-06 02:34:28,442 INFO     league_010 — C5__vs__M10 6800/10000  C5 wins 40.1%  3.68 matches/s
2026-10-06 02:34:34,355 INFO     league_010 — C5__vs__M20 2000/10000  C5 wins 40.0%  3.01 matches/s
2026-10-06 02:34:45,619 INFO     league_010 — C20__vs__bc_init 7900/10000  C20 wins 90.7%  3.87 matches/s
2026-10-06 02:34:52,910 INFO     league_010 — C5__vs__M10 6900/10000  C5 wins 40.0%  3.69 matches/s
2026-10-06 02:35:07,785 INFO     league_010 — C5__vs__M20 2100/10000  C5 wins 39.9%  3.00 matches/s
2026-10-06 02:35:12,433 INFO     league_010 — C20__vs__bc_init 8000/10000  C20 wins 90.6%  3.86 matches/s
2026-10-06 02:35:17,434 INFO     league_010 — C5__vs__M10 7000/10000  C5 wins 40.0%  3.69 matches/s
2026-10-06 02:35:39,031 INFO     league_010 — C20__vs__bc_init 8100/10000  C20 wins 90.6%  3.86 matches/s
2026-10-06 02:35:41,496 INFO     league_010 — C5__vs__M20 2200/10000  C5 wins 39.5%  3.00 matches/s
2026-10-06 02:35:42,199 INFO     league_010 — C5__vs__M10 7100/10000  C5 wins 40.0%  3.70 matches/s
2026-10-06 02:36:04,814 INFO     league_010 — C20__vs__bc_init 8200/10000  C20 wins 90.6%  3.86 matches/s
2026-10-06 02:36:06,577 INFO     league_010 — C5__vs__M10 7200/10000  C5 wins 39.9%  3.70 matches/s
2026-10-06 02:36:13,899 INFO     league_010 — C5__vs__M20 2300/10000  C5 wins 39.7%  3.01 matches/s
2026-10-06 02:36:31,444 INFO     league_010 — C5__vs__M10 7300/10000  C5 wins 39.8%  3.70 matches/s
2026-10-06 02:36:31,941 INFO     league_010 — C20__vs__bc_init 8300/10000  C20 wins 90.6%  3.86 matches/s
2026-10-06 02:36:47,888 INFO     league_010 — C5__vs__M20 2400/10000  C5 wins 39.9%  3.00 matches/s
2026-10-06 02:36:55,399 INFO     league_010 — C5__vs__M10 7400/10000  C5 wins 39.9%  3.71 matches/s
2026-10-06 02:36:57,912 INFO     league_010 — C20__vs__bc_init 8400/10000  C20 wins 90.6%  3.86 matches/s
2026-10-06 02:37:19,839 INFO     league_010 — C5__vs__M10 7500/10000  C5 wins 39.9%  3.71 matches/s
2026-10-06 02:37:20,193 INFO     league_010 — C5__vs__M20 2500/10000  C5 wins 39.7%  3.01 matches/s
2026-10-06 02:37:24,179 INFO     league_010 — C20__vs__bc_init 8500/10000  C20 wins 90.6%  3.86 matches/s
2026-10-06 02:37:43,771 INFO     league_010 — C5__vs__M10 7600/10000  C5 wins 39.8%  3.72 matches/s
2026-10-06 02:37:50,602 INFO     league_010 — C20__vs__bc_init 8600/10000  C20 wins 90.6%  3.86 matches/s
2026-10-06 02:37:53,325 INFO     league_010 — C5__vs__M20 2600/10000  C5 wins 39.8%  3.01 matches/s
2026-10-06 02:38:08,322 INFO     league_010 — C5__vs__M10 7700/10000  C5 wins 39.8%  3.72 matches/s
2026-10-06 02:38:16,791 INFO     league_010 — C20__vs__bc_init 8700/10000  C20 wins 90.6%  3.86 matches/s
2026-10-06 02:38:26,436 INFO     league_010 — C5__vs__M20 2700/10000  C5 wins 40.0%  3.01 matches/s
2026-10-06 02:38:32,829 INFO     league_010 — C5__vs__M10 7800/10000  C5 wins 39.9%  3.73 matches/s
2026-10-06 02:38:41,879 INFO     league_010 — C20__vs__bc_init 8800/10000  C20 wins 90.7%  3.86 matches/s
2026-10-06 02:38:58,429 INFO     league_010 — C5__vs__M10 7900/10000  C5 wins 39.8%  3.73 matches/s
2026-10-06 02:38:59,298 INFO     league_010 — C5__vs__M20 2800/10000  C5 wins 39.9%  3.01 matches/s
2026-10-06 02:39:08,993 INFO     league_010 — C20__vs__bc_init 8900/10000  C20 wins 90.7%  3.86 matches/s
2026-10-06 02:39:22,718 INFO     league_010 — C5__vs__M10 8000/10000  C5 wins 39.8%  3.74 matches/s
2026-10-06 02:39:33,420 INFO     league_010 — C5__vs__M20 2900/10000  C5 wins 39.7%  3.01 matches/s
2026-10-06 02:39:35,194 INFO     league_010 — C20__vs__bc_init 9000/10000  C20 wins 90.6%  3.86 matches/s
2026-10-06 02:39:45,850 INFO     league_010 — C5__vs__M10 8100/10000  C5 wins 39.9%  3.74 matches/s
2026-10-06 02:40:01,172 INFO     league_010 — C20__vs__bc_init 9100/10000  C20 wins 90.6%  3.86 matches/s
2026-10-06 02:40:06,555 INFO     league_010 — C5__vs__M20 3000/10000  C5 wins 39.7%  3.01 matches/s
2026-10-06 02:40:11,067 INFO     league_010 — C5__vs__M10 8200/10000  C5 wins 40.0%  3.74 matches/s
2026-10-06 02:40:27,297 INFO     league_010 — C20__vs__bc_init 9200/10000  C20 wins 90.6%  3.86 matches/s
2026-10-06 02:40:37,255 INFO     league_010 — C5__vs__M10 8300/10000  C5 wins 40.0%  3.74 matches/s
2026-10-06 02:40:40,068 INFO     league_010 — C5__vs__M20 3100/10000  C5 wins 39.9%  3.01 matches/s
2026-10-06 02:40:53,467 INFO     league_010 — C20__vs__bc_init 9300/10000  C20 wins 90.7%  3.86 matches/s
2026-10-06 02:41:03,211 INFO     league_010 — C5__vs__M10 8400/10000  C5 wins 39.9%  3.75 matches/s
2026-10-06 02:41:13,154 INFO     league_010 — C5__vs__M20 3200/10000  C5 wins 39.8%  3.01 matches/s
2026-10-06 02:41:19,838 INFO     league_010 — C20__vs__bc_init 9400/10000  C20 wins 90.6%  3.86 matches/s
2026-10-06 02:41:29,160 INFO     league_010 — C5__vs__M10 8500/10000  C5 wins 39.9%  3.75 matches/s
2026-10-06 02:41:45,475 INFO     league_010 — C20__vs__bc_init 9500/10000  C20 wins 90.6%  3.86 matches/s
2026-10-06 02:41:46,723 INFO     league_010 — C5__vs__M20 3300/10000  C5 wins 39.7%  3.01 matches/s
2026-10-06 02:41:53,803 INFO     league_010 — C5__vs__M10 8600/10000  C5 wins 39.9%  3.75 matches/s
2026-10-06 02:42:11,883 INFO     league_010 — C20__vs__bc_init 9600/10000  C20 wins 90.6%  3.86 matches/s
2026-10-06 02:42:19,438 INFO     league_010 — C5__vs__M10 8700/10000  C5 wins 40.0%  3.75 matches/s
2026-10-06 02:42:20,919 INFO     league_010 — C5__vs__M20 3400/10000  C5 wins 39.8%  3.00 matches/s
2026-10-06 02:42:38,046 INFO     league_010 — C20__vs__bc_init 9700/10000  C20 wins 90.6%  3.86 matches/s
2026-10-06 02:42:44,475 INFO     league_010 — C5__vs__M10 8800/10000  C5 wins 40.0%  3.76 matches/s
2026-10-06 02:42:54,391 INFO     league_010 — C5__vs__M20 3500/10000  C5 wins 39.9%  3.00 matches/s
2026-10-06 02:43:04,847 INFO     league_010 — C20__vs__bc_init 9800/10000  C20 wins 90.7%  3.85 matches/s
2026-10-06 02:43:09,613 INFO     league_010 — C5__vs__M10 8900/10000  C5 wins 40.1%  3.76 matches/s
2026-10-06 02:43:27,196 INFO     league_010 — C5__vs__M20 3600/10000  C5 wins 39.9%  3.00 matches/s
2026-10-06 02:43:31,798 INFO     league_010 — C20__vs__bc_init 9900/10000  C20 wins 90.7%  3.85 matches/s
2026-10-06 02:43:34,895 INFO     league_010 — C5__vs__M10 9000/10000  C5 wins 40.1%  3.76 matches/s
2026-10-06 02:43:58,997 INFO     league_010 — C20__vs__bc_init 10000/10000  C20 wins 90.6%  3.85 matches/s
2026-10-06 02:43:58,999 INFO     league_010 — C20__vs__bc_init winners_sha256=99287609e8a0635b0bc3b2ee9069db446f6c029510195d7a5ba0caff82ccf215
2026-10-06 02:43:59,057 INFO     league_010 — finished C20__vs__bc_init
2026-10-06 02:43:59,837 INFO     league_010 — C5__vs__M20 3700/10000  C5 wins 39.9%  3.01 matches/s
2026-10-06 02:44:00,025 INFO     league_010 — C5__vs__M10 9100/10000  C5 wins 40.2%  3.76 matches/s
2026-10-06 02:44:24,977 INFO     league_010 — C5__vs__M10 9200/10000  C5 wins 40.2%  3.76 matches/s
2026-10-06 02:44:32,752 INFO     league_010 — C5__vs__M5 100/10000  C5 wins 49.0%  3.01 matches/s
2026-10-06 02:44:33,262 INFO     league_010 — C5__vs__M20 3800/10000  C5 wins 39.7%  3.01 matches/s
2026-10-06 02:44:50,547 INFO     league_010 — C5__vs__M10 9300/10000  C5 wins 40.2%  3.77 matches/s
2026-10-06 02:45:06,092 INFO     league_010 — C5__vs__M5 200/10000  C5 wins 47.5%  3.01 matches/s
2026-10-06 02:45:07,236 INFO     league_010 — C5__vs__M20 3900/10000  C5 wins 39.8%  3.00 matches/s
2026-10-06 02:45:16,384 INFO     league_010 — C5__vs__M10 9400/10000  C5 wins 40.2%  3.77 matches/s
2026-10-06 02:45:38,912 INFO     league_010 — C5__vs__M5 300/10000  C5 wins 45.7%  3.02 matches/s
2026-10-06 02:45:40,641 INFO     league_010 — C5__vs__M10 9500/10000  C5 wins 40.2%  3.77 matches/s
2026-10-06 02:45:41,167 INFO     league_010 — C5__vs__M20 4000/10000  C5 wins 39.8%  3.00 matches/s
2026-10-06 02:46:05,719 INFO     league_010 — C5__vs__M10 9600/10000  C5 wins 40.3%  3.77 matches/s
2026-10-06 02:46:12,730 INFO     league_010 — C5__vs__M5 400/10000  C5 wins 47.0%  3.00 matches/s
2026-10-06 02:46:14,326 INFO     league_010 — C5__vs__M20 4100/10000  C5 wins 39.8%  3.00 matches/s
2026-10-06 02:46:31,014 INFO     league_010 — C5__vs__M10 9700/10000  C5 wins 40.3%  3.77 matches/s
2026-10-06 02:46:44,616 INFO     league_010 — C5__vs__M5 500/10000  C5 wins 48.4%  3.03 matches/s
2026-10-06 02:46:48,342 INFO     league_010 — C5__vs__M20 4200/10000  C5 wins 39.5%  3.00 matches/s
2026-10-06 02:46:56,702 INFO     league_010 — C5__vs__M10 9800/10000  C5 wins 40.3%  3.78 matches/s
2026-10-06 02:47:16,992 INFO     league_010 — C5__vs__M5 600/10000  C5 wins 48.3%  3.04 matches/s
2026-10-06 02:47:20,307 INFO     league_010 — C5__vs__M20 4300/10000  C5 wins 39.5%  3.00 matches/s
2026-10-06 02:47:22,194 INFO     league_010 — C5__vs__M10 9900/10000  C5 wins 40.3%  3.78 matches/s
2026-10-06 02:47:47,252 INFO     league_010 — C5__vs__M10 10000/10000  C5 wins 40.3%  3.78 matches/s
2026-10-06 02:47:47,254 INFO     league_010 — C5__vs__M10 winners_sha256=a1d6e97d62c557c001952cbb203793ed4a802de4182eda5c343ea5d6a1dc9f37
2026-10-06 02:47:47,299 INFO     league_010 — finished C5__vs__M10
2026-10-06 02:47:49,406 INFO     league_010 — C5__vs__M5 700/10000  C5 wins 47.6%  3.05 matches/s
2026-10-06 02:47:53,647 INFO     league_010 — C5__vs__M20 4400/10000  C5 wins 39.4%  3.00 matches/s
2026-10-06 02:48:08,123 INFO     league_010 — C5__vs__bc_init 100/10000  C5 wins 91.0%  4.81 matches/s
2026-10-06 02:48:23,088 INFO     league_010 — C5__vs__M5 800/10000  C5 wins 47.9%  3.04 matches/s
2026-10-06 02:48:27,610 INFO     league_010 — C5__vs__M20 4500/10000  C5 wins 39.3%  3.00 matches/s
2026-10-06 02:48:28,671 INFO     league_010 — C5__vs__bc_init 200/10000  C5 wins 90.0%  4.84 matches/s
2026-10-06 02:48:49,865 INFO     league_010 — C5__vs__bc_init 300/10000  C5 wins 89.7%  4.80 matches/s
2026-10-06 02:48:56,722 INFO     league_010 — C5__vs__M5 900/10000  C5 wins 48.0%  3.03 matches/s
2026-10-06 02:49:01,805 INFO     league_010 — C5__vs__M20 4600/10000  C5 wins 39.3%  3.00 matches/s
2026-10-06 02:49:10,622 INFO     league_010 — C5__vs__bc_init 400/10000  C5 wins 88.2%  4.80 matches/s
2026-10-06 02:49:28,603 INFO     league_010 — C5__vs__M5 1000/10000  C5 wins 47.8%  3.04 matches/s
2026-10-06 02:49:31,349 INFO     league_010 — C5__vs__bc_init 500/10000  C5 wins 87.4%  4.81 matches/s
2026-10-06 02:49:34,717 INFO     league_010 — C5__vs__M20 4700/10000  C5 wins 39.3%  3.00 matches/s
2026-10-06 02:49:52,389 INFO     league_010 — C5__vs__bc_init 600/10000  C5 wins 86.8%  4.80 matches/s
2026-10-06 02:50:01,141 INFO     league_010 — C5__vs__M5 1100/10000  C5 wins 47.1%  3.04 matches/s
2026-10-06 02:50:09,475 INFO     league_010 — C5__vs__M20 4800/10000  C5 wins 39.4%  3.00 matches/s
2026-10-06 02:50:13,025 INFO     league_010 — C5__vs__bc_init 700/10000  C5 wins 86.9%  4.80 matches/s
2026-10-06 02:50:32,801 INFO     league_010 — C5__vs__M5 1200/10000  C5 wins 46.9%  3.05 matches/s
2026-10-06 02:50:33,941 INFO     league_010 — C5__vs__bc_init 800/10000  C5 wins 86.5%  4.80 matches/s
2026-10-06 02:50:41,650 INFO     league_010 — C5__vs__M20 4900/10000  C5 wins 39.4%  3.00 matches/s
2026-10-06 02:50:53,978 INFO     league_010 — C5__vs__bc_init 900/10000  C5 wins 87.1%  4.82 matches/s
2026-10-06 02:51:05,378 INFO     league_010 — C5__vs__M5 1300/10000  C5 wins 47.0%  3.05 matches/s
2026-10-06 02:51:14,740 INFO     league_010 — C5__vs__bc_init 1000/10000  C5 wins 87.4%  4.82 matches/s
2026-10-06 02:51:15,294 INFO     league_010 — C5__vs__M20 5000/10000  C5 wins 39.3%  3.00 matches/s
2026-10-06 02:51:35,152 INFO     league_010 — C5__vs__bc_init 1100/10000  C5 wins 87.5%  4.83 matches/s
2026-10-06 02:51:37,672 INFO     league_010 — C5__vs__M5 1400/10000  C5 wins 46.7%  3.06 matches/s
2026-10-06 02:51:48,604 INFO     league_010 — C5__vs__M20 5100/10000  C5 wins 39.4%  3.00 matches/s
2026-10-06 02:51:56,219 INFO     league_010 — C5__vs__bc_init 1200/10000  C5 wins 87.2%  4.82 matches/s
2026-10-06 02:52:09,300 INFO     league_010 — C5__vs__M5 1500/10000  C5 wins 46.5%  3.06 matches/s
2026-10-06 02:52:17,098 INFO     league_010 — C5__vs__bc_init 1300/10000  C5 wins 87.6%  4.82 matches/s
2026-10-06 02:52:22,669 INFO     league_010 — C5__vs__M20 5200/10000  C5 wins 39.3%  3.00 matches/s
2026-10-06 02:52:38,087 INFO     league_010 — C5__vs__bc_init 1400/10000  C5 wins 87.2%  4.82 matches/s
2026-10-06 02:52:41,212 INFO     league_010 — C5__vs__M5 1600/10000  C5 wins 46.6%  3.07 matches/s
2026-10-06 02:52:56,880 INFO     league_010 — C5__vs__M20 5300/10000  C5 wins 39.3%  3.00 matches/s
2026-10-06 02:52:58,594 INFO     league_010 — C5__vs__bc_init 1500/10000  C5 wins 87.2%  4.82 matches/s
2026-10-06 02:53:15,032 INFO     league_010 — C5__vs__M5 1700/10000  C5 wins 46.1%  3.06 matches/s
2026-10-06 02:53:19,199 INFO     league_010 — C5__vs__bc_init 1600/10000  C5 wins 87.1%  4.82 matches/s
2026-10-06 02:53:31,312 INFO     league_010 — C5__vs__M20 5400/10000  C5 wins 39.4%  3.00 matches/s
2026-10-06 02:53:39,359 INFO     league_010 — C5__vs__bc_init 1700/10000  C5 wins 87.1%  4.83 matches/s
2026-10-06 02:53:48,204 INFO     league_010 — C5__vs__M5 1800/10000  C5 wins 46.1%  3.06 matches/s
2026-10-06 02:54:00,763 INFO     league_010 — C5__vs__bc_init 1800/10000  C5 wins 87.1%  4.82 matches/s
2026-10-06 02:54:04,455 INFO     league_010 — C5__vs__M20 5500/10000  C5 wins 39.3%  3.00 matches/s
2026-10-06 02:54:20,652 INFO     league_010 — C5__vs__M5 1900/10000  C5 wins 46.1%  3.06 matches/s
2026-10-06 02:54:21,775 INFO     league_010 — C5__vs__bc_init 1900/10000  C5 wins 87.0%  4.82 matches/s
2026-10-06 02:54:39,282 INFO     league_010 — C5__vs__M20 5600/10000  C5 wins 39.3%  2.99 matches/s
2026-10-06 02:54:42,313 INFO     league_010 — C5__vs__bc_init 2000/10000  C5 wins 87.0%  4.82 matches/s
2026-10-06 02:54:53,961 INFO     league_010 — C5__vs__M5 2000/10000  C5 wins 46.1%  3.06 matches/s
2026-10-06 02:55:02,803 INFO     league_010 — C5__vs__bc_init 2100/10000  C5 wins 86.9%  4.82 matches/s
2026-10-06 02:55:12,411 INFO     league_010 — C5__vs__M20 5700/10000  C5 wins 39.4%  2.99 matches/s
2026-10-06 02:55:23,106 INFO     league_010 — C5__vs__bc_init 2200/10000  C5 wins 87.0%  4.83 matches/s
2026-10-06 02:55:25,492 INFO     league_010 — C5__vs__M5 2100/10000  C5 wins 46.6%  3.06 matches/s
2026-10-06 02:55:43,594 INFO     league_010 — C5__vs__bc_init 2300/10000  C5 wins 87.0%  4.83 matches/s
2026-10-06 02:55:45,562 INFO     league_010 — C5__vs__M20 5800/10000  C5 wins 39.3%  2.99 matches/s
2026-10-06 02:55:58,824 INFO     league_010 — C5__vs__M5 2200/10000  C5 wins 47.0%  3.06 matches/s
2026-10-06 02:56:05,021 INFO     league_010 — C5__vs__bc_init 2400/10000  C5 wins 87.0%  4.82 matches/s
2026-10-06 02:56:18,546 INFO     league_010 — C5__vs__M20 5900/10000  C5 wins 39.2%  3.00 matches/s
2026-10-06 02:56:25,762 INFO     league_010 — C5__vs__bc_init 2500/10000  C5 wins 87.0%  4.82 matches/s
2026-10-06 02:56:33,448 INFO     league_010 — C5__vs__M5 2300/10000  C5 wins 46.8%  3.05 matches/s
2026-10-06 02:56:46,291 INFO     league_010 — C5__vs__bc_init 2600/10000  C5 wins 87.1%  4.82 matches/s
2026-10-06 02:56:51,807 INFO     league_010 — C5__vs__M20 6000/10000  C5 wins 39.1%  3.00 matches/s
2026-10-06 02:57:06,461 INFO     league_010 — C5__vs__bc_init 2700/10000  C5 wins 87.0%  4.83 matches/s
2026-10-06 02:57:07,388 INFO     league_010 — C5__vs__M5 2400/10000  C5 wins 47.2%  3.05 matches/s
2026-10-06 02:57:25,309 INFO     league_010 — C5__vs__M20 6100/10000  C5 wins 39.1%  3.00 matches/s
2026-10-06 02:57:27,029 INFO     league_010 — C5__vs__bc_init 2800/10000  C5 wins 87.0%  4.83 matches/s
2026-10-06 02:57:39,359 INFO     league_010 — C5__vs__M5 2500/10000  C5 wins 46.9%  3.05 matches/s
2026-10-06 02:57:47,223 INFO     league_010 — C5__vs__bc_init 2900/10000  C5 wins 86.8%  4.83 matches/s
2026-10-06 02:57:59,410 INFO     league_010 — C5__vs__M20 6200/10000  C5 wins 39.2%  2.99 matches/s
2026-10-06 02:58:08,441 INFO     league_010 — C5__vs__bc_init 3000/10000  C5 wins 86.6%  4.83 matches/s
2026-10-06 02:58:11,320 INFO     league_010 — C5__vs__M5 2600/10000  C5 wins 46.7%  3.05 matches/s
2026-10-06 02:58:29,374 INFO     league_010 — C5__vs__bc_init 3100/10000  C5 wins 86.6%  4.83 matches/s
2026-10-06 02:58:32,973 INFO     league_010 — C5__vs__M20 6300/10000  C5 wins 39.2%  2.99 matches/s
2026-10-06 02:58:43,545 INFO     league_010 — C5__vs__M5 2700/10000  C5 wins 46.3%  3.05 matches/s
2026-10-06 02:58:50,431 INFO     league_010 — C5__vs__bc_init 3200/10000  C5 wins 86.8%  4.83 matches/s
2026-10-06 02:59:05,256 INFO     league_010 — C5__vs__M20 6400/10000  C5 wins 39.1%  3.00 matches/s
2026-10-06 02:59:10,993 INFO     league_010 — C5__vs__bc_init 3300/10000  C5 wins 86.8%  4.83 matches/s
2026-10-06 02:59:15,068 INFO     league_010 — C5__vs__M5 2800/10000  C5 wins 46.3%  3.06 matches/s
2026-10-06 02:59:31,979 INFO     league_010 — C5__vs__bc_init 3400/10000  C5 wins 86.8%  4.83 matches/s
2026-10-06 02:59:38,714 INFO     league_010 — C5__vs__M20 6500/10000  C5 wins 39.2%  3.00 matches/s
2026-10-06 02:59:47,633 INFO     league_010 — C5__vs__M5 2900/10000  C5 wins 46.2%  3.06 matches/s
2026-10-06 02:59:52,842 INFO     league_010 — C5__vs__bc_init 3500/10000  C5 wins 86.8%  4.82 matches/s
2026-10-06 03:00:12,435 INFO     league_010 — C5__vs__M20 6600/10000  C5 wins 39.3%  3.00 matches/s
2026-10-06 03:00:13,821 INFO     league_010 — C5__vs__bc_init 3600/10000  C5 wins 86.6%  4.82 matches/s
2026-10-06 03:00:20,465 INFO     league_010 — C5__vs__M5 3000/10000  C5 wins 46.2%  3.06 matches/s
2026-10-06 03:00:34,839 INFO     league_010 — C5__vs__bc_init 3700/10000  C5 wins 86.6%  4.82 matches/s
2026-10-06 03:00:44,942 INFO     league_010 — C5__vs__M20 6700/10000  C5 wins 39.4%  3.00 matches/s
2026-10-06 03:00:52,434 INFO     league_010 — C5__vs__M5 3100/10000  C5 wins 46.1%  3.06 matches/s
2026-10-06 03:00:55,706 INFO     league_010 — C5__vs__bc_init 3800/10000  C5 wins 86.5%  4.82 matches/s
2026-10-06 03:01:17,180 INFO     league_010 — C5__vs__bc_init 3900/10000  C5 wins 86.6%  4.82 matches/s
2026-10-06 03:01:18,104 INFO     league_010 — C5__vs__M20 6800/10000  C5 wins 39.4%  3.00 matches/s
2026-10-06 03:01:25,371 INFO     league_010 — C5__vs__M5 3200/10000  C5 wins 46.2%  3.06 matches/s
2026-10-06 03:01:37,187 INFO     league_010 — C5__vs__bc_init 4000/10000  C5 wins 86.4%  4.82 matches/s
2026-10-06 03:01:51,713 INFO     league_010 — C5__vs__M20 6900/10000  C5 wins 39.4%  3.00 matches/s
2026-10-06 03:01:57,808 INFO     league_010 — C5__vs__bc_init 4100/10000  C5 wins 86.3%  4.82 matches/s
2026-10-06 03:01:58,222 INFO     league_010 — C5__vs__M5 3300/10000  C5 wins 46.0%  3.06 matches/s
2026-10-06 03:02:18,808 INFO     league_010 — C5__vs__bc_init 4200/10000  C5 wins 86.4%  4.82 matches/s
2026-10-06 03:02:23,759 INFO     league_010 — C5__vs__M20 7000/10000  C5 wins 39.3%  3.00 matches/s
2026-10-06 03:02:31,195 INFO     league_010 — C5__vs__M5 3400/10000  C5 wins 45.9%  3.06 matches/s
2026-10-06 03:02:39,480 INFO     league_010 — C5__vs__bc_init 4300/10000  C5 wins 86.4%  4.82 matches/s
2026-10-06 03:02:57,158 INFO     league_010 — C5__vs__M20 7100/10000  C5 wins 39.3%  3.00 matches/s
2026-10-06 03:03:00,247 INFO     league_010 — C5__vs__bc_init 4400/10000  C5 wins 86.4%  4.82 matches/s
2026-10-06 03:03:03,723 INFO     league_010 — C5__vs__M5 3500/10000  C5 wins 45.7%  3.06 matches/s
2026-10-06 03:03:20,879 INFO     league_010 — C5__vs__bc_init 4500/10000  C5 wins 86.4%  4.82 matches/s
2026-10-06 03:03:30,328 INFO     league_010 — C5__vs__M20 7200/10000  C5 wins 39.2%  3.00 matches/s
2026-10-06 03:03:35,473 INFO     league_010 — C5__vs__M5 3600/10000  C5 wins 45.6%  3.06 matches/s
2026-10-06 03:03:42,121 INFO     league_010 — C5__vs__bc_init 4600/10000  C5 wins 86.3%  4.82 matches/s
2026-10-06 03:04:02,600 INFO     league_010 — C5__vs__bc_init 4700/10000  C5 wins 86.3%  4.82 matches/s
2026-10-06 03:04:04,298 INFO     league_010 — C5__vs__M20 7300/10000  C5 wins 39.2%  3.00 matches/s
2026-10-06 03:04:09,306 INFO     league_010 — C5__vs__M5 3700/10000  C5 wins 45.3%  3.06 matches/s
2026-10-06 03:04:23,062 INFO     league_010 — C5__vs__bc_init 4800/10000  C5 wins 86.2%  4.82 matches/s
2026-10-06 03:04:37,957 INFO     league_010 — C5__vs__M20 7400/10000  C5 wins 39.2%  3.00 matches/s
2026-10-06 03:04:41,232 INFO     league_010 — C5__vs__M5 3800/10000  C5 wins 45.3%  3.06 matches/s
2026-10-06 03:04:44,109 INFO     league_010 — C5__vs__bc_init 4900/10000  C5 wins 86.3%  4.82 matches/s
2026-10-06 03:05:05,392 INFO     league_010 — C5__vs__bc_init 5000/10000  C5 wins 86.3%  4.82 matches/s
2026-10-06 03:05:10,768 INFO     league_010 — C5__vs__M20 7500/10000  C5 wins 39.2%  3.00 matches/s
2026-10-06 03:05:12,665 INFO     league_010 — C5__vs__M5 3900/10000  C5 wins 45.3%  3.06 matches/s
2026-10-06 03:05:25,963 INFO     league_010 — C5__vs__bc_init 5100/10000  C5 wins 86.3%  4.82 matches/s
2026-10-06 03:05:43,880 INFO     league_010 — C5__vs__M20 7600/10000  C5 wins 39.3%  3.00 matches/s
2026-10-06 03:05:45,796 INFO     league_010 — C5__vs__bc_init 5200/10000  C5 wins 86.2%  4.82 matches/s
2026-10-06 03:05:46,049 INFO     league_010 — C5__vs__M5 4000/10000  C5 wins 45.3%  3.06 matches/s
2026-10-06 03:06:06,805 INFO     league_010 — C5__vs__bc_init 5300/10000  C5 wins 86.2%  4.82 matches/s
2026-10-06 03:06:18,075 INFO     league_010 — C5__vs__M20 7700/10000  C5 wins 39.2%  3.00 matches/s
2026-10-06 03:06:18,250 INFO     league_010 — C5__vs__M5 4100/10000  C5 wins 45.5%  3.06 matches/s
2026-10-06 03:06:27,035 INFO     league_010 — C5__vs__bc_init 5400/10000  C5 wins 86.2%  4.82 matches/s
2026-10-06 03:06:47,622 INFO     league_010 — C5__vs__bc_init 5500/10000  C5 wins 86.3%  4.82 matches/s
2026-10-06 03:06:50,491 INFO     league_010 — C5__vs__M5 4200/10000  C5 wins 45.6%  3.06 matches/s
2026-10-06 03:06:52,009 INFO     league_010 — C5__vs__M20 7800/10000  C5 wins 39.2%  3.00 matches/s
2026-10-06 03:07:07,815 INFO     league_010 — C5__vs__bc_init 5600/10000  C5 wins 86.2%  4.83 matches/s
2026-10-06 03:07:23,612 INFO     league_010 — C5__vs__M5 4300/10000  C5 wins 45.7%  3.06 matches/s
2026-10-06 03:07:24,887 INFO     league_010 — C5__vs__M20 7900/10000  C5 wins 39.3%  3.00 matches/s
2026-10-06 03:07:29,405 INFO     league_010 — C5__vs__bc_init 5700/10000  C5 wins 86.1%  4.82 matches/s
2026-10-06 03:07:50,111 INFO     league_010 — C5__vs__bc_init 5800/10000  C5 wins 86.1%  4.82 matches/s
2026-10-06 03:07:56,026 INFO     league_010 — C5__vs__M5 4400/10000  C5 wins 45.4%  3.06 matches/s
2026-10-06 03:07:58,724 INFO     league_010 — C5__vs__M20 8000/10000  C5 wins 39.3%  3.00 matches/s
2026-10-06 03:08:10,799 INFO     league_010 — C5__vs__bc_init 5900/10000  C5 wins 86.1%  4.82 matches/s
2026-10-06 03:08:28,658 INFO     league_010 — C5__vs__M5 4500/10000  C5 wins 45.4%  3.06 matches/s
2026-10-06 03:08:31,289 INFO     league_010 — C5__vs__M20 8100/10000  C5 wins 39.2%  3.00 matches/s
2026-10-06 03:08:31,719 INFO     league_010 — C5__vs__bc_init 6000/10000  C5 wins 86.2%  4.82 matches/s
2026-10-06 03:08:52,886 INFO     league_010 — C5__vs__bc_init 6100/10000  C5 wins 86.3%  4.82 matches/s
2026-10-06 03:09:01,608 INFO     league_010 — C5__vs__M5 4600/10000  C5 wins 45.5%  3.06 matches/s
2026-10-06 03:09:04,504 INFO     league_010 — C5__vs__M20 8200/10000  C5 wins 39.2%  3.00 matches/s
2026-10-06 03:09:13,801 INFO     league_010 — C5__vs__bc_init 6200/10000  C5 wins 86.4%  4.82 matches/s
2026-10-06 03:09:34,149 INFO     league_010 — C5__vs__M5 4700/10000  C5 wins 45.6%  3.06 matches/s
2026-10-06 03:09:34,642 INFO     league_010 — C5__vs__bc_init 6300/10000  C5 wins 86.3%  4.82 matches/s
2026-10-06 03:09:38,597 INFO     league_010 — C5__vs__M20 8300/10000  C5 wins 39.2%  3.00 matches/s
2026-10-06 03:09:55,316 INFO     league_010 — C5__vs__bc_init 6400/10000  C5 wins 86.3%  4.82 matches/s
2026-10-06 03:10:06,485 INFO     league_010 — C5__vs__M5 4800/10000  C5 wins 45.6%  3.06 matches/s
2026-10-06 03:10:10,810 INFO     league_010 — C5__vs__M20 8400/10000  C5 wins 39.3%  3.00 matches/s
2026-10-06 03:10:16,029 INFO     league_010 — C5__vs__bc_init 6500/10000  C5 wins 86.4%  4.82 matches/s
2026-10-06 03:10:37,348 INFO     league_010 — C5__vs__bc_init 6600/10000  C5 wins 86.4%  4.82 matches/s
2026-10-06 03:10:40,320 INFO     league_010 — C5__vs__M5 4900/10000  C5 wins 45.6%  3.06 matches/s
2026-10-06 03:10:46,282 INFO     league_010 — C5__vs__M20 8500/10000  C5 wins 39.3%  3.00 matches/s
2026-10-06 03:10:58,129 INFO     league_010 — C5__vs__bc_init 6700/10000  C5 wins 86.4%  4.82 matches/s
2026-10-06 03:11:13,313 INFO     league_010 — C5__vs__M5 5000/10000  C5 wins 45.7%  3.06 matches/s
2026-10-06 03:11:18,446 INFO     league_010 — C5__vs__bc_init 6800/10000  C5 wins 86.4%  4.82 matches/s
2026-10-06 03:11:18,649 INFO     league_010 — C5__vs__M20 8600/10000  C5 wins 39.3%  3.00 matches/s
2026-10-06 03:11:39,110 INFO     league_010 — C5__vs__bc_init 6900/10000  C5 wins 86.4%  4.82 matches/s
2026-10-06 03:11:46,566 INFO     league_010 — C5__vs__M5 5100/10000  C5 wins 45.7%  3.06 matches/s
2026-10-06 03:11:51,324 INFO     league_010 — C5__vs__M20 8700/10000  C5 wins 39.5%  3.00 matches/s
2026-10-06 03:12:00,077 INFO     league_010 — C5__vs__bc_init 7000/10000  C5 wins 86.5%  4.82 matches/s
2026-10-06 03:12:19,859 INFO     league_010 — C5__vs__M5 5200/10000  C5 wins 45.7%  3.06 matches/s
2026-10-06 03:12:22,209 INFO     league_010 — C5__vs__bc_init 7100/10000  C5 wins 86.5%  4.81 matches/s
2026-10-06 03:12:23,183 INFO     league_010 — C5__vs__M20 8800/10000  C5 wins 39.5%  3.00 matches/s
2026-10-06 03:12:42,906 INFO     league_010 — C5__vs__bc_init 7200/10000  C5 wins 86.5%  4.81 matches/s
2026-10-06 03:12:54,027 INFO     league_010 — C5__vs__M5 5300/10000  C5 wins 45.8%  3.06 matches/s
2026-10-06 03:12:56,015 INFO     league_010 — C5__vs__M20 8900/10000  C5 wins 39.5%  3.00 matches/s
2026-10-06 03:13:02,929 INFO     league_010 — C5__vs__bc_init 7300/10000  C5 wins 86.6%  4.82 matches/s
2026-10-06 03:13:23,370 INFO     league_010 — C5__vs__bc_init 7400/10000  C5 wins 86.6%  4.82 matches/s
2026-10-06 03:13:26,513 INFO     league_010 — C5__vs__M5 5400/10000  C5 wins 45.8%  3.06 matches/s
2026-10-06 03:13:28,252 INFO     league_010 — C5__vs__M20 9000/10000  C5 wins 39.6%  3.00 matches/s
2026-10-06 03:13:43,852 INFO     league_010 — C5__vs__bc_init 7500/10000  C5 wins 86.6%  4.82 matches/s
2026-10-06 03:13:58,870 INFO     league_010 — C5__vs__M5 5500/10000  C5 wins 45.8%  3.06 matches/s
2026-10-06 03:14:01,721 INFO     league_010 — C5__vs__M20 9100/10000  C5 wins 39.6%  3.00 matches/s
2026-10-06 03:14:04,800 INFO     league_010 — C5__vs__bc_init 7600/10000  C5 wins 86.7%  4.82 matches/s
2026-10-06 03:14:25,569 INFO     league_010 — C5__vs__bc_init 7700/10000  C5 wins 86.6%  4.82 matches/s
2026-10-06 03:14:31,986 INFO     league_010 — C5__vs__M5 5600/10000  C5 wins 45.8%  3.06 matches/s
2026-10-06 03:14:35,037 INFO     league_010 — C5__vs__M20 9200/10000  C5 wins 39.7%  3.00 matches/s
2026-10-06 03:14:45,708 INFO     league_010 — C5__vs__bc_init 7800/10000  C5 wins 86.7%  4.82 matches/s
2026-10-06 03:15:04,737 INFO     league_010 — C5__vs__M5 5700/10000  C5 wins 45.6%  3.06 matches/s
2026-10-06 03:15:06,007 INFO     league_010 — C5__vs__bc_init 7900/10000  C5 wins 86.7%  4.82 matches/s
2026-10-06 03:15:09,212 INFO     league_010 — C5__vs__M20 9300/10000  C5 wins 39.7%  3.00 matches/s
2026-10-06 03:15:27,206 INFO     league_010 — C5__vs__bc_init 8000/10000  C5 wins 86.7%  4.82 matches/s
2026-10-06 03:15:38,551 INFO     league_010 — C5__vs__M5 5800/10000  C5 wins 45.6%  3.05 matches/s
2026-10-06 03:15:42,921 INFO     league_010 — C5__vs__M20 9400/10000  C5 wins 39.7%  3.00 matches/s
2026-10-06 03:15:48,344 INFO     league_010 — C5__vs__bc_init 8100/10000  C5 wins 86.6%  4.82 matches/s
2026-10-06 03:16:09,992 INFO     league_010 — C5__vs__bc_init 8200/10000  C5 wins 86.6%  4.82 matches/s
2026-10-06 03:16:12,599 INFO     league_010 — C5__vs__M5 5900/10000  C5 wins 45.4%  3.05 matches/s
2026-10-06 03:16:17,114 INFO     league_010 — C5__vs__M20 9500/10000  C5 wins 39.6%  3.00 matches/s
2026-10-06 03:16:29,908 INFO     league_010 — C5__vs__bc_init 8300/10000  C5 wins 86.6%  4.82 matches/s
2026-10-06 03:16:45,011 INFO     league_010 — C5__vs__M5 6000/10000  C5 wins 45.5%  3.05 matches/s
2026-10-06 03:16:50,170 INFO     league_010 — C5__vs__bc_init 8400/10000  C5 wins 86.6%  4.82 matches/s
2026-10-06 03:16:50,798 INFO     league_010 — C5__vs__M20 9600/10000  C5 wins 39.6%  3.00 matches/s
2026-10-06 03:17:10,935 INFO     league_010 — C5__vs__bc_init 8500/10000  C5 wins 86.5%  4.82 matches/s
2026-10-06 03:17:18,585 INFO     league_010 — C5__vs__M5 6100/10000  C5 wins 45.5%  3.05 matches/s
2026-10-06 03:17:25,335 INFO     league_010 — C5__vs__M20 9700/10000  C5 wins 39.6%  3.00 matches/s
2026-10-06 03:17:31,784 INFO     league_010 — C5__vs__bc_init 8600/10000  C5 wins 86.5%  4.82 matches/s
2026-10-06 03:17:51,941 INFO     league_010 — C5__vs__M5 6200/10000  C5 wins 45.5%  3.05 matches/s
2026-10-06 03:17:53,191 INFO     league_010 — C5__vs__bc_init 8700/10000  C5 wins 86.6%  4.82 matches/s
2026-10-06 03:17:57,816 INFO     league_010 — C5__vs__M20 9800/10000  C5 wins 39.6%  3.00 matches/s
2026-10-06 03:18:14,017 INFO     league_010 — C5__vs__bc_init 8800/10000  C5 wins 86.5%  4.82 matches/s
2026-10-06 03:18:24,357 INFO     league_010 — C5__vs__M5 6300/10000  C5 wins 45.5%  3.05 matches/s
2026-10-06 03:18:30,945 INFO     league_010 — C5__vs__M20 9900/10000  C5 wins 39.7%  3.00 matches/s
2026-10-06 03:18:34,496 INFO     league_010 — C5__vs__bc_init 8900/10000  C5 wins 86.6%  4.82 matches/s
2026-10-06 03:18:54,583 INFO     league_010 — C5__vs__bc_init 9000/10000  C5 wins 86.5%  4.82 matches/s
2026-10-06 03:18:56,527 INFO     league_010 — C5__vs__M5 6400/10000  C5 wins 45.4%  3.05 matches/s
2026-10-06 03:19:02,931 INFO     league_010 — C5__vs__M20 10000/10000  C5 wins 39.7%  3.00 matches/s
2026-10-06 03:19:02,933 INFO     league_010 — C5__vs__M20 winners_sha256=6ee616e8f77c570dbc34a68fde08ba52d1fe6085e9b9b684b43b85d22d6f5a5b
2026-10-06 03:19:02,992 INFO     league_010 — finished C5__vs__M20
2026-10-06 03:19:15,866 INFO     league_010 — C5__vs__bc_init 9100/10000  C5 wins 86.5%  4.82 matches/s
2026-10-06 03:19:29,240 INFO     league_010 — C5__vs__M5 6500/10000  C5 wins 45.5%  3.05 matches/s
2026-10-06 03:19:35,222 INFO     league_010 — M10__vs__M20 100/10000  M10 wins 44.0%  3.13 matches/s
2026-10-06 03:19:36,901 INFO     league_010 — C5__vs__bc_init 9200/10000  C5 wins 86.6%  4.82 matches/s
2026-10-06 03:19:58,102 INFO     league_010 — C5__vs__bc_init 9300/10000  C5 wins 86.6%  4.82 matches/s
2026-10-06 03:20:02,640 INFO     league_010 — C5__vs__M5 6600/10000  C5 wins 45.4%  3.05 matches/s
2026-10-06 03:20:06,349 INFO     league_010 — M10__vs__M20 200/10000  M10 wins 43.0%  3.17 matches/s
2026-10-06 03:20:19,335 INFO     league_010 — C5__vs__bc_init 9400/10000  C5 wins 86.5%  4.82 matches/s
2026-10-06 03:20:35,415 INFO     league_010 — C5__vs__M5 6700/10000  C5 wins 45.4%  3.05 matches/s
2026-10-06 03:20:37,575 INFO     league_010 — M10__vs__M20 300/10000  M10 wins 42.3%  3.18 matches/s
2026-10-06 03:20:39,528 INFO     league_010 — C5__vs__bc_init 9500/10000  C5 wins 86.4%  4.82 matches/s
2026-10-06 03:20:59,710 INFO     league_010 — C5__vs__bc_init 9600/10000  C5 wins 86.5%  4.82 matches/s
2026-10-06 03:21:07,709 INFO     league_010 — M10__vs__M20 400/10000  M10 wins 41.5%  3.21 matches/s
2026-10-06 03:21:07,968 INFO     league_010 — C5__vs__M5 6800/10000  C5 wins 45.5%  3.05 matches/s
2026-10-06 03:21:20,496 INFO     league_010 — C5__vs__bc_init 9700/10000  C5 wins 86.5%  4.82 matches/s
2026-10-06 03:21:39,835 INFO     league_010 — M10__vs__M20 500/10000  M10 wins 41.6%  3.19 matches/s
2026-10-06 03:21:39,952 INFO     league_010 — C5__vs__M5 6900/10000  C5 wins 45.4%  3.05 matches/s
2026-10-06 03:21:41,458 INFO     league_010 — C5__vs__bc_init 9800/10000  C5 wins 86.5%  4.82 matches/s
2026-10-06 03:22:02,514 INFO     league_010 — C5__vs__bc_init 9900/10000  C5 wins 86.5%  4.82 matches/s
2026-10-06 03:22:10,299 INFO     league_010 — M10__vs__M20 600/10000  M10 wins 41.2%  3.21 matches/s
2026-10-06 03:22:12,822 INFO     league_010 — C5__vs__M5 7000/10000  C5 wins 45.5%  3.05 matches/s
2026-10-06 03:22:22,890 INFO     league_010 — C5__vs__bc_init 10000/10000  C5 wins 86.5%  4.82 matches/s
2026-10-06 03:22:22,892 INFO     league_010 — C5__vs__bc_init winners_sha256=22e0c6600943898a7bd8afc3aa68092e21a721b946b39e674dbd49bc26e29aa8
2026-10-06 03:22:43,191 INFO     league_010 — M10__vs__M20 700/10000  M10 wins 41.3%  3.18 matches/s
2026-10-06 03:22:45,750 INFO     league_010 — C5__vs__M5 7100/10000  C5 wins 45.6%  3.05 matches/s
2026-10-06 03:22:47,102 INFO     league_010 — M10__vs__M5 100/10000  M10 wins 43.0%  4.18 matches/s
2026-10-06 03:23:10,649 INFO     league_010 — M10__vs__M5 200/10000  M10 wins 50.5%  4.21 matches/s
2026-10-06 03:23:15,330 INFO     league_010 — M10__vs__M20 800/10000  M10 wins 41.0%  3.17 matches/s
2026-10-06 03:23:19,022 INFO     league_010 — C5__vs__M5 7200/10000  C5 wins 45.6%  3.05 matches/s
2026-10-06 03:23:35,073 INFO     league_010 — M10__vs__M5 300/10000  M10 wins 53.0%  4.17 matches/s
2026-10-06 03:23:46,452 INFO     league_010 — M10__vs__M20 900/10000  M10 wins 40.4%  3.18 matches/s
2026-10-06 03:23:50,822 INFO     league_010 — C5__vs__M5 7300/10000  C5 wins 45.5%  3.05 matches/s
2026-10-06 03:23:59,713 INFO     league_010 — M10__vs__M5 400/10000  M10 wins 52.5%  4.14 matches/s
2026-10-06 03:24:17,237 INFO     league_010 — M10__vs__M20 1000/10000  M10 wins 41.0%  3.19 matches/s
2026-10-06 03:24:23,792 INFO     league_010 — M10__vs__M5 500/10000  M10 wins 52.2%  4.14 matches/s
2026-10-06 03:24:24,765 INFO     league_010 — C5__vs__M5 7400/10000  C5 wins 45.4%  3.05 matches/s
2026-10-06 03:24:47,195 INFO     league_010 — M10__vs__M5 600/10000  M10 wins 52.2%  4.17 matches/s
2026-10-06 03:24:49,573 INFO     league_010 — M10__vs__M20 1100/10000  M10 wins 41.4%  3.18 matches/s
2026-10-06 03:24:57,495 INFO     league_010 — C5__vs__M5 7500/10000  C5 wins 45.5%  3.05 matches/s
2026-10-06 03:25:10,711 INFO     league_010 — M10__vs__M5 700/10000  M10 wins 53.4%  4.18 matches/s
2026-10-06 03:25:21,445 INFO     league_010 — M10__vs__M20 1200/10000  M10 wins 41.6%  3.17 matches/s
2026-10-06 03:25:29,385 INFO     league_010 — C5__vs__M5 7600/10000  C5 wins 45.4%  3.05 matches/s
2026-10-06 03:25:35,205 INFO     league_010 — M10__vs__M5 800/10000  M10 wins 53.1%  4.17 matches/s
2026-10-06 03:25:51,389 INFO     league_010 — M10__vs__M20 1300/10000  M10 wins 41.8%  3.19 matches/s
2026-10-06 03:25:59,247 INFO     league_010 — M10__vs__M5 900/10000  M10 wins 53.1%  4.16 matches/s
2026-10-06 03:26:02,038 INFO     league_010 — C5__vs__M5 7700/10000  C5 wins 45.4%  3.05 matches/s
2026-10-06 03:26:21,485 INFO     league_010 — M10__vs__M20 1400/10000  M10 wins 42.6%  3.19 matches/s
2026-10-06 03:26:22,845 INFO     league_010 — M10__vs__M5 1000/10000  M10 wins 52.5%  4.17 matches/s
2026-10-06 03:26:34,258 INFO     league_010 — C5__vs__M5 7800/10000  C5 wins 45.4%  3.05 matches/s
2026-10-06 03:26:46,102 INFO     league_010 — M10__vs__M5 1100/10000  M10 wins 52.7%  4.18 matches/s
2026-10-06 03:26:52,865 INFO     league_010 — M10__vs__M20 1500/10000  M10 wins 42.9%  3.19 matches/s
2026-10-06 03:27:06,463 INFO     league_010 — C5__vs__M5 7900/10000  C5 wins 45.4%  3.05 matches/s
2026-10-06 03:27:09,517 INFO     league_010 — M10__vs__M5 1200/10000  M10 wins 52.5%  4.19 matches/s
2026-10-06 03:27:23,596 INFO     league_010 — M10__vs__M20 1600/10000  M10 wins 42.7%  3.20 matches/s
2026-10-06 03:27:33,293 INFO     league_010 — M10__vs__M5 1300/10000  M10 wins 52.5%  4.19 matches/s
2026-10-06 03:27:39,945 INFO     league_010 — C5__vs__M5 8000/10000  C5 wins 45.3%  3.05 matches/s
2026-10-06 03:27:53,859 INFO     league_010 — M10__vs__M20 1700/10000  M10 wins 43.2%  3.20 matches/s
2026-10-06 03:27:57,334 INFO     league_010 — M10__vs__M5 1400/10000  M10 wins 52.9%  4.19 matches/s
2026-10-06 03:28:12,244 INFO     league_010 — C5__vs__M5 8100/10000  C5 wins 45.2%  3.05 matches/s
2026-10-06 03:28:20,407 INFO     league_010 — M10__vs__M5 1500/10000  M10 wins 53.2%  4.20 matches/s
2026-10-06 03:28:25,556 INFO     league_010 — M10__vs__M20 1800/10000  M10 wins 43.2%  3.20 matches/s
2026-10-06 03:28:43,220 INFO     league_010 — M10__vs__M5 1600/10000  M10 wins 52.9%  4.21 matches/s
2026-10-06 03:28:44,375 INFO     league_010 — C5__vs__M5 8200/10000  C5 wins 45.2%  3.05 matches/s
2026-10-06 03:28:57,629 INFO     league_010 — M10__vs__M20 1900/10000  M10 wins 43.4%  3.20 matches/s
2026-10-06 03:29:07,181 INFO     league_010 — M10__vs__M5 1700/10000  M10 wins 52.6%  4.21 matches/s
2026-10-06 03:29:16,002 INFO     league_010 — C5__vs__M5 8300/10000  C5 wins 45.3%  3.06 matches/s
2026-10-06 03:29:27,310 INFO     league_010 — M10__vs__M20 2000/10000  M10 wins 43.6%  3.20 matches/s
2026-10-06 03:29:30,814 INFO     league_010 — M10__vs__M5 1800/10000  M10 wins 52.8%  4.21 matches/s
2026-10-06 03:29:48,634 INFO     league_010 — C5__vs__M5 8400/10000  C5 wins 45.1%  3.06 matches/s
2026-10-06 03:29:54,270 INFO     league_010 — M10__vs__M5 1900/10000  M10 wins 52.6%  4.21 matches/s
2026-10-06 03:29:59,143 INFO     league_010 — M10__vs__M20 2100/10000  M10 wins 43.7%  3.20 matches/s
2026-10-06 03:30:18,033 INFO     league_010 — M10__vs__M5 2000/10000  M10 wins 52.5%  4.21 matches/s
2026-10-06 03:30:21,217 INFO     league_010 — C5__vs__M5 8500/10000  C5 wins 45.1%  3.06 matches/s
2026-10-06 03:30:30,559 INFO     league_010 — M10__vs__M20 2200/10000  M10 wins 43.6%  3.20 matches/s
2026-10-06 03:30:42,160 INFO     league_010 — M10__vs__M5 2100/10000  M10 wins 52.7%  4.21 matches/s
2026-10-06 03:30:53,378 INFO     league_010 — C5__vs__M5 8600/10000  C5 wins 45.1%  3.06 matches/s
2026-10-06 03:31:01,594 INFO     league_010 — M10__vs__M20 2300/10000  M10 wins 43.7%  3.20 matches/s
2026-10-06 03:31:05,602 INFO     league_010 — M10__vs__M5 2200/10000  M10 wins 52.6%  4.21 matches/s
2026-10-06 03:31:25,859 INFO     league_010 — C5__vs__M5 8700/10000  C5 wins 45.2%  3.06 matches/s
2026-10-06 03:31:29,651 INFO     league_010 — M10__vs__M5 2300/10000  M10 wins 52.8%  4.21 matches/s
2026-10-06 03:31:31,292 INFO     league_010 — M10__vs__M20 2400/10000  M10 wins 43.9%  3.21 matches/s
2026-10-06 03:31:52,853 INFO     league_010 — M10__vs__M5 2400/10000  M10 wins 52.7%  4.21 matches/s
2026-10-06 03:31:58,407 INFO     league_010 — C5__vs__M5 8800/10000  C5 wins 45.2%  3.06 matches/s
2026-10-06 03:32:03,031 INFO     league_010 — M10__vs__M20 2500/10000  M10 wins 43.7%  3.21 matches/s
2026-10-06 03:32:16,910 INFO     league_010 — M10__vs__M5 2500/10000  M10 wins 52.6%  4.21 matches/s
2026-10-06 03:32:31,847 INFO     league_010 — C5__vs__M5 8900/10000  C5 wins 45.3%  3.06 matches/s
2026-10-06 03:32:34,968 INFO     league_010 — M10__vs__M20 2600/10000  M10 wins 44.0%  3.20 matches/s
2026-10-06 03:32:41,070 INFO     league_010 — M10__vs__M5 2600/10000  M10 wins 52.8%  4.21 matches/s
2026-10-06 03:33:04,010 INFO     league_010 — C5__vs__M5 9000/10000  C5 wins 45.2%  3.06 matches/s
2026-10-06 03:33:05,720 INFO     league_010 — M10__vs__M5 2700/10000  M10 wins 53.0%  4.20 matches/s
2026-10-06 03:33:05,898 INFO     league_010 — M10__vs__M20 2700/10000  M10 wins 44.0%  3.20 matches/s
2026-10-06 03:33:28,983 INFO     league_010 — M10__vs__M5 2800/10000  M10 wins 53.1%  4.21 matches/s
2026-10-06 03:33:36,780 INFO     league_010 — M10__vs__M20 2800/10000  M10 wins 43.9%  3.21 matches/s
2026-10-06 03:33:36,839 INFO     league_010 — C5__vs__M5 9100/10000  C5 wins 45.1%  3.06 matches/s
2026-10-06 03:33:52,716 INFO     league_010 — M10__vs__M5 2900/10000  M10 wins 53.0%  4.21 matches/s
2026-10-06 03:34:09,593 INFO     league_010 — M10__vs__M20 2900/10000  M10 wins 43.7%  3.20 matches/s
2026-10-06 03:34:09,895 INFO     league_010 — C5__vs__M5 9200/10000  C5 wins 45.1%  3.06 matches/s
2026-10-06 03:34:15,922 INFO     league_010 — M10__vs__M5 3000/10000  M10 wins 53.0%  4.21 matches/s
2026-10-06 03:34:39,278 INFO     league_010 — M10__vs__M5 3100/10000  M10 wins 53.0%  4.21 matches/s
2026-10-06 03:34:41,023 INFO     league_010 — M10__vs__M20 3000/10000  M10 wins 43.9%  3.20 matches/s
2026-10-06 03:34:42,271 INFO     league_010 — C5__vs__M5 9300/10000  C5 wins 45.2%  3.06 matches/s
2026-10-06 03:35:01,492 INFO     league_010 — M10__vs__M5 3200/10000  M10 wins 52.9%  4.22 matches/s
2026-10-06 03:35:12,155 INFO     league_010 — M10__vs__M20 3100/10000  M10 wins 44.1%  3.20 matches/s
2026-10-06 03:35:15,524 INFO     league_010 — C5__vs__M5 9400/10000  C5 wins 45.2%  3.06 matches/s
2026-10-06 03:35:25,062 INFO     league_010 — M10__vs__M5 3300/10000  M10 wins 52.9%  4.22 matches/s
2026-10-06 03:35:43,744 INFO     league_010 — M10__vs__M20 3200/10000  M10 wins 43.9%  3.20 matches/s
2026-10-06 03:35:46,691 INFO     league_010 — C5__vs__M5 9500/10000  C5 wins 45.2%  3.06 matches/s
2026-10-06 03:35:48,438 INFO     league_010 — M10__vs__M5 3400/10000  M10 wins 52.9%  4.22 matches/s
2026-10-06 03:36:11,381 INFO     league_010 — M10__vs__M5 3500/10000  M10 wins 52.9%  4.23 matches/s
2026-10-06 03:36:14,386 INFO     league_010 — M10__vs__M20 3300/10000  M10 wins 44.0%  3.20 matches/s
2026-10-06 03:36:20,459 INFO     league_010 — C5__vs__M5 9600/10000  C5 wins 45.2%  3.06 matches/s
2026-10-06 03:36:34,658 INFO     league_010 — M10__vs__M5 3600/10000  M10 wins 53.0%  4.23 matches/s
2026-10-06 03:36:45,462 INFO     league_010 — M10__vs__M20 3400/10000  M10 wins 44.1%  3.20 matches/s
2026-10-06 03:36:52,784 INFO     league_010 — C5__vs__M5 9700/10000  C5 wins 45.2%  3.06 matches/s
2026-10-06 03:36:57,939 INFO     league_010 — M10__vs__M5 3700/10000  M10 wins 53.2%  4.23 matches/s
2026-10-06 03:37:15,468 INFO     league_010 — M10__vs__M20 3500/10000  M10 wins 44.3%  3.20 matches/s
2026-10-06 03:37:21,292 INFO     league_010 — M10__vs__M5 3800/10000  M10 wins 52.9%  4.23 matches/s
2026-10-06 03:37:26,257 INFO     league_010 — C5__vs__M5 9800/10000  C5 wins 45.2%  3.06 matches/s
2026-10-06 03:37:44,424 INFO     league_010 — M10__vs__M5 3900/10000  M10 wins 52.9%  4.23 matches/s
2026-10-06 03:37:46,344 INFO     league_010 — M10__vs__M20 3600/10000  M10 wins 44.3%  3.21 matches/s
2026-10-06 03:38:00,064 INFO     league_010 — C5__vs__M5 9900/10000  C5 wins 45.2%  3.06 matches/s
2026-10-06 03:38:07,862 INFO     league_010 — M10__vs__M5 4000/10000  M10 wins 52.8%  4.23 matches/s
2026-10-06 03:38:17,546 INFO     league_010 — M10__vs__M20 3700/10000  M10 wins 44.3%  3.21 matches/s
2026-10-06 03:38:31,530 INFO     league_010 — M10__vs__M5 4100/10000  M10 wins 53.0%  4.23 matches/s
2026-10-06 03:38:33,402 INFO     league_010 — C5__vs__M5 10000/10000  C5 wins 45.2%  3.05 matches/s
2026-10-06 03:38:33,405 INFO     league_010 — C5__vs__M5 winners_sha256=229572ba476d27afde4503b139ef661f0e17eee28cae5aebc8d202e072932fea
2026-10-06 03:38:33,464 INFO     league_010 — finished C5__vs__M5
2026-10-06 03:38:33,464 INFO     league_010 — finished C5__vs__bc_init
2026-10-06 03:38:48,750 INFO     league_010 — M10__vs__M20 3800/10000  M10 wins 44.4%  3.21 matches/s
2026-10-06 03:38:55,090 INFO     league_010 — M10__vs__M5 4200/10000  M10 wins 53.1%  4.23 matches/s
2026-10-06 03:39:00,554 INFO     league_010 — M10__vs__bc_init 100/10000  M10 wins 79.0%  3.70 matches/s
2026-10-06 03:39:18,625 INFO     league_010 — M10__vs__M5 4300/10000  M10 wins 53.3%  4.23 matches/s
2026-10-06 03:39:20,152 INFO     league_010 — M10__vs__M20 3900/10000  M10 wins 44.4%  3.20 matches/s
2026-10-06 03:39:27,152 INFO     league_010 — M10__vs__bc_init 200/10000  M10 wins 83.5%  3.73 matches/s
2026-10-06 03:39:41,728 INFO     league_010 — M10__vs__M5 4400/10000  M10 wins 53.3%  4.24 matches/s
2026-10-06 03:39:51,363 INFO     league_010 — M10__vs__M20 4000/10000  M10 wins 44.5%  3.20 matches/s
2026-10-06 03:39:54,762 INFO     league_010 — M10__vs__bc_init 300/10000  M10 wins 85.0%  3.69 matches/s
2026-10-06 03:40:05,477 INFO     league_010 — M10__vs__M5 4500/10000  M10 wins 53.2%  4.24 matches/s
2026-10-06 03:40:20,528 INFO     league_010 — M10__vs__bc_init 400/10000  M10 wins 85.0%  3.74 matches/s
2026-10-06 03:40:21,319 INFO     league_010 — M10__vs__M20 4100/10000  M10 wins 44.6%  3.21 matches/s
2026-10-06 03:40:28,404 INFO     league_010 — M10__vs__M5 4600/10000  M10 wins 53.4%  4.24 matches/s
2026-10-06 03:40:46,363 INFO     league_010 — M10__vs__bc_init 500/10000  M10 wins 86.4%  3.76 matches/s
2026-10-06 03:40:51,916 INFO     league_010 — M10__vs__M5 4700/10000  M10 wins 53.2%  4.24 matches/s
2026-10-06 03:40:53,804 INFO     league_010 — M10__vs__M20 4200/10000  M10 wins 44.4%  3.20 matches/s
2026-10-06 03:41:13,744 INFO     league_010 — M10__vs__bc_init 600/10000  M10 wins 85.7%  3.74 matches/s
2026-10-06 03:41:15,198 INFO     league_010 — M10__vs__M5 4800/10000  M10 wins 53.2%  4.24 matches/s
2026-10-06 03:41:24,525 INFO     league_010 — M10__vs__M20 4300/10000  M10 wins 44.5%  3.21 matches/s
2026-10-06 03:41:38,784 INFO     league_010 — M10__vs__M5 4900/10000  M10 wins 53.2%  4.24 matches/s
2026-10-06 03:41:41,487 INFO     league_010 — M10__vs__bc_init 700/10000  M10 wins 86.1%  3.72 matches/s
2026-10-06 03:41:54,949 INFO     league_010 — M10__vs__M20 4400/10000  M10 wins 44.5%  3.21 matches/s
2026-10-06 03:42:02,212 INFO     league_010 — M10__vs__M5 5000/10000  M10 wins 53.4%  4.24 matches/s
2026-10-06 03:42:08,707 INFO     league_010 — M10__vs__bc_init 800/10000  M10 wins 86.1%  3.72 matches/s
2026-10-06 03:42:26,138 INFO     league_010 — M10__vs__M5 5100/10000  M10 wins 53.3%  4.24 matches/s
2026-10-06 03:42:27,163 INFO     league_010 — M10__vs__M20 4500/10000  M10 wins 44.6%  3.21 matches/s
2026-10-06 03:42:35,693 INFO     league_010 — M10__vs__bc_init 900/10000  M10 wins 86.7%  3.72 matches/s
2026-10-06 03:42:50,399 INFO     league_010 — M10__vs__M5 5200/10000  M10 wins 53.2%  4.24 matches/s
2026-10-06 03:42:57,953 INFO     league_010 — M10__vs__M20 4600/10000  M10 wins 44.7%  3.21 matches/s
2026-10-06 03:43:02,697 INFO     league_010 — M10__vs__bc_init 1000/10000  M10 wins 86.5%  3.72 matches/s
2026-10-06 03:43:13,742 INFO     league_010 — M10__vs__M5 5300/10000  M10 wins 53.3%  4.24 matches/s
2026-10-06 03:43:28,678 INFO     league_010 — M10__vs__M20 4700/10000  M10 wins 44.8%  3.21 matches/s
2026-10-06 03:43:28,770 INFO     league_010 — M10__vs__bc_init 1100/10000  M10 wins 86.8%  3.73 matches/s
2026-10-06 03:43:36,735 INFO     league_010 — M10__vs__M5 5400/10000  M10 wins 53.3%  4.24 matches/s
2026-10-06 03:43:55,173 INFO     league_010 — M10__vs__bc_init 1200/10000  M10 wins 87.0%  3.73 matches/s
2026-10-06 03:44:00,417 INFO     league_010 — M10__vs__M5 5500/10000  M10 wins 53.4%  4.24 matches/s
2026-10-06 03:44:00,611 INFO     league_010 — M10__vs__M20 4800/10000  M10 wins 44.9%  3.21 matches/s
2026-10-06 03:44:21,365 INFO     league_010 — M10__vs__bc_init 1300/10000  M10 wins 87.0%  3.74 matches/s
2026-10-06 03:44:24,085 INFO     league_010 — M10__vs__M5 5600/10000  M10 wins 53.4%  4.24 matches/s
2026-10-06 03:44:31,209 INFO     league_010 — M10__vs__M20 4900/10000  M10 wins 45.0%  3.21 matches/s
2026-10-06 03:44:47,146 INFO     league_010 — M10__vs__M5 5700/10000  M10 wins 53.5%  4.24 matches/s
2026-10-06 03:44:47,774 INFO     league_010 — M10__vs__bc_init 1400/10000  M10 wins 87.3%  3.74 matches/s
2026-10-06 03:45:02,142 INFO     league_010 — M10__vs__M20 5000/10000  M10 wins 45.0%  3.21 matches/s
2026-10-06 03:45:11,116 INFO     league_010 — M10__vs__M5 5800/10000  M10 wins 53.4%  4.24 matches/s
2026-10-06 03:45:15,034 INFO     league_010 — M10__vs__bc_init 1500/10000  M10 wins 87.3%  3.74 matches/s
2026-10-06 03:45:33,476 INFO     league_010 — M10__vs__M20 5100/10000  M10 wins 45.0%  3.21 matches/s
2026-10-06 03:45:34,774 INFO     league_010 — M10__vs__M5 5900/10000  M10 wins 53.4%  4.24 matches/s
2026-10-06 03:45:42,034 INFO     league_010 — M10__vs__bc_init 1600/10000  M10 wins 87.2%  3.73 matches/s
2026-10-06 03:45:58,212 INFO     league_010 — M10__vs__M5 6000/10000  M10 wins 53.3%  4.24 matches/s
2026-10-06 03:46:04,281 INFO     league_010 — M10__vs__M20 5200/10000  M10 wins 45.0%  3.21 matches/s
2026-10-06 03:46:08,661 INFO     league_010 — M10__vs__bc_init 1700/10000  M10 wins 87.3%  3.74 matches/s
2026-10-06 03:46:21,137 INFO     league_010 — M10__vs__M5 6100/10000  M10 wins 53.4%  4.24 matches/s
2026-10-06 03:46:35,465 INFO     league_010 — M10__vs__bc_init 1800/10000  M10 wins 87.3%  3.73 matches/s
2026-10-06 03:46:36,608 INFO     league_010 — M10__vs__M20 5300/10000  M10 wins 45.0%  3.21 matches/s
2026-10-06 03:46:43,715 INFO     league_010 — M10__vs__M5 6200/10000  M10 wins 53.5%  4.24 matches/s
2026-10-06 03:47:02,781 INFO     league_010 — M10__vs__bc_init 1900/10000  M10 wins 87.4%  3.73 matches/s
2026-10-06 03:47:06,784 INFO     league_010 — M10__vs__M5 6300/10000  M10 wins 53.7%  4.25 matches/s
2026-10-06 03:47:08,687 INFO     league_010 — M10__vs__M20 5400/10000  M10 wins 45.1%  3.20 matches/s
2026-10-06 03:47:29,736 INFO     league_010 — M10__vs__bc_init 2000/10000  M10 wins 87.1%  3.73 matches/s
2026-10-06 03:47:30,246 INFO     league_010 — M10__vs__M5 6400/10000  M10 wins 53.7%  4.25 matches/s
2026-10-06 03:47:39,579 INFO     league_010 — M10__vs__M20 5500/10000  M10 wins 45.1%  3.20 matches/s
2026-10-06 03:47:53,547 INFO     league_010 — M10__vs__M5 6500/10000  M10 wins 53.6%  4.25 matches/s
2026-10-06 03:47:57,846 INFO     league_010 — M10__vs__bc_init 2100/10000  M10 wins 86.9%  3.72 matches/s
2026-10-06 03:48:10,543 INFO     league_010 — M10__vs__M20 5600/10000  M10 wins 45.2%  3.21 matches/s
2026-10-06 03:48:17,024 INFO     league_010 — M10__vs__M5 6600/10000  M10 wins 53.5%  4.25 matches/s
2026-10-06 03:48:23,969 INFO     league_010 — M10__vs__bc_init 2200/10000  M10 wins 87.0%  3.73 matches/s
2026-10-06 03:48:41,162 INFO     league_010 — M10__vs__M5 6700/10000  M10 wins 53.5%  4.25 matches/s
2026-10-06 03:48:41,619 INFO     league_010 — M10__vs__M20 5700/10000  M10 wins 45.2%  3.21 matches/s
2026-10-06 03:48:51,095 INFO     league_010 — M10__vs__bc_init 2300/10000  M10 wins 86.7%  3.72 matches/s
2026-10-06 03:49:05,253 INFO     league_010 — M10__vs__M5 6800/10000  M10 wins 53.6%  4.24 matches/s
2026-10-06 03:49:12,242 INFO     league_010 — M10__vs__M20 5800/10000  M10 wins 45.3%  3.21 matches/s
2026-10-06 03:49:18,410 INFO     league_010 — M10__vs__bc_init 2400/10000  M10 wins 86.9%  3.72 matches/s
2026-10-06 03:49:28,930 INFO     league_010 — M10__vs__M5 6900/10000  M10 wins 53.5%  4.24 matches/s
2026-10-06 03:49:43,254 INFO     league_010 — M10__vs__M20 5900/10000  M10 wins 45.3%  3.21 matches/s
2026-10-06 03:49:46,515 INFO     league_010 — M10__vs__bc_init 2500/10000  M10 wins 87.0%  3.71 matches/s
2026-10-06 03:49:52,528 INFO     league_010 — M10__vs__M5 7000/10000  M10 wins 53.6%  4.24 matches/s
2026-10-06 03:50:13,659 INFO     league_010 — M10__vs__bc_init 2600/10000  M10 wins 87.0%  3.71 matches/s
2026-10-06 03:50:14,125 INFO     league_010 — M10__vs__M20 6000/10000  M10 wins 45.4%  3.21 matches/s
2026-10-06 03:50:16,766 INFO     league_010 — M10__vs__M5 7100/10000  M10 wins 53.5%  4.24 matches/s
2026-10-06 03:50:40,679 INFO     league_010 — M10__vs__M5 7200/10000  M10 wins 53.5%  4.24 matches/s
2026-10-06 03:50:40,913 INFO     league_010 — M10__vs__bc_init 2700/10000  M10 wins 87.0%  3.71 matches/s
2026-10-06 03:50:45,022 INFO     league_010 — M10__vs__M20 6100/10000  M10 wins 45.4%  3.21 matches/s
2026-10-06 03:51:03,864 INFO     league_010 — M10__vs__M5 7300/10000  M10 wins 53.6%  4.24 matches/s
2026-10-06 03:51:07,096 INFO     league_010 — M10__vs__bc_init 2800/10000  M10 wins 87.0%  3.72 matches/s
2026-10-06 03:51:16,482 INFO     league_010 — M10__vs__M20 6200/10000  M10 wins 45.4%  3.21 matches/s
2026-10-06 03:51:27,210 INFO     league_010 — M10__vs__M5 7400/10000  M10 wins 53.5%  4.24 matches/s
2026-10-06 03:51:34,586 INFO     league_010 — M10__vs__bc_init 2900/10000  M10 wins 87.0%  3.71 matches/s
2026-10-06 03:51:47,745 INFO     league_010 — M10__vs__M20 6300/10000  M10 wins 45.4%  3.21 matches/s
2026-10-06 03:51:50,549 INFO     league_010 — M10__vs__M5 7500/10000  M10 wins 53.5%  4.24 matches/s
2026-10-06 03:52:01,636 INFO     league_010 — M10__vs__bc_init 3000/10000  M10 wins 87.2%  3.71 matches/s
2026-10-06 03:52:13,804 INFO     league_010 — M10__vs__M5 7600/10000  M10 wins 53.3%  4.24 matches/s
2026-10-06 03:52:19,533 INFO     league_010 — M10__vs__M20 6400/10000  M10 wins 45.3%  3.21 matches/s
2026-10-06 03:52:28,754 INFO     league_010 — M10__vs__bc_init 3100/10000  M10 wins 87.3%  3.71 matches/s
2026-10-06 03:52:37,069 INFO     league_010 — M10__vs__M5 7700/10000  M10 wins 53.3%  4.24 matches/s
2026-10-06 03:52:50,271 INFO     league_010 — M10__vs__M20 6500/10000  M10 wins 45.4%  3.21 matches/s
2026-10-06 03:52:55,184 INFO     league_010 — M10__vs__bc_init 3200/10000  M10 wins 87.3%  3.71 matches/s
2026-10-06 03:53:00,001 INFO     league_010 — M10__vs__M5 7800/10000  M10 wins 53.3%  4.25 matches/s
2026-10-06 03:53:21,777 INFO     league_010 — M10__vs__M20 6600/10000  M10 wins 45.3%  3.21 matches/s
2026-10-06 03:53:22,375 INFO     league_010 — M10__vs__bc_init 3300/10000  M10 wins 87.3%  3.71 matches/s
2026-10-06 03:53:23,173 INFO     league_010 — M10__vs__M5 7900/10000  M10 wins 53.4%  4.25 matches/s
2026-10-06 03:53:46,904 INFO     league_010 — M10__vs__M5 8000/10000  M10 wins 53.5%  4.25 matches/s
2026-10-06 03:53:49,102 INFO     league_010 — M10__vs__bc_init 3400/10000  M10 wins 87.4%  3.71 matches/s
2026-10-06 03:53:53,956 INFO     league_010 — M10__vs__M20 6700/10000  M10 wins 45.3%  3.20 matches/s
2026-10-06 03:54:10,165 INFO     league_010 — M10__vs__M5 8100/10000  M10 wins 53.5%  4.25 matches/s
2026-10-06 03:54:15,497 INFO     league_010 — M10__vs__bc_init 3500/10000  M10 wins 87.5%  3.72 matches/s
2026-10-06 03:54:25,223 INFO     league_010 — M10__vs__M20 6800/10000  M10 wins 45.4%  3.20 matches/s
2026-10-06 03:54:34,652 INFO     league_010 — M10__vs__M5 8200/10000  M10 wins 53.5%  4.25 matches/s
2026-10-06 03:54:41,022 INFO     league_010 — M10__vs__bc_init 3600/10000  M10 wins 87.6%  3.72 matches/s
2026-10-06 03:54:56,383 INFO     league_010 — M10__vs__M20 6900/10000  M10 wins 45.4%  3.20 matches/s
2026-10-06 03:54:58,033 INFO     league_010 — M10__vs__M5 8300/10000  M10 wins 53.5%  4.25 matches/s
2026-10-06 03:55:06,672 INFO     league_010 — M10__vs__bc_init 3700/10000  M10 wins 87.5%  3.73 matches/s
2026-10-06 03:55:21,444 INFO     league_010 — M10__vs__M5 8400/10000  M10 wins 53.5%  4.25 matches/s
2026-10-06 03:55:26,602 INFO     league_010 — M10__vs__M20 7000/10000  M10 wins 45.3%  3.21 matches/s
2026-10-06 03:55:33,308 INFO     league_010 — M10__vs__bc_init 3800/10000  M10 wins 87.6%  3.73 matches/s
2026-10-06 03:55:44,769 INFO     league_010 — M10__vs__M5 8500/10000  M10 wins 53.5%  4.25 matches/s
2026-10-06 03:55:57,847 INFO     league_010 — M10__vs__M20 7100/10000  M10 wins 45.5%  3.21 matches/s
2026-10-06 03:56:00,786 INFO     league_010 — M10__vs__bc_init 3900/10000  M10 wins 87.6%  3.72 matches/s
2026-10-06 03:56:06,547 INFO     league_010 — M10__vs__M5 8600/10000  M10 wins 53.5%  4.25 matches/s
2026-10-06 03:56:27,383 INFO     league_010 — M10__vs__bc_init 4000/10000  M10 wins 87.5%  3.72 matches/s
2026-10-06 03:56:29,085 INFO     league_010 — M10__vs__M20 7200/10000  M10 wins 45.4%  3.21 matches/s
2026-10-06 03:56:30,149 INFO     league_010 — M10__vs__M5 8700/10000  M10 wins 53.6%  4.25 matches/s
2026-10-06 03:56:53,779 INFO     league_010 — M10__vs__M5 8800/10000  M10 wins 53.6%  4.25 matches/s
2026-10-06 03:56:54,114 INFO     league_010 — M10__vs__bc_init 4100/10000  M10 wins 87.6%  3.73 matches/s
2026-10-06 03:56:59,810 INFO     league_010 — M10__vs__M20 7300/10000  M10 wins 45.4%  3.21 matches/s
2026-10-06 03:57:16,507 INFO     league_010 — M10__vs__M5 8900/10000  M10 wins 53.6%  4.25 matches/s
2026-10-06 03:57:20,513 INFO     league_010 — M10__vs__bc_init 4200/10000  M10 wins 87.6%  3.73 matches/s
2026-10-06 03:57:29,919 INFO     league_010 — M10__vs__M20 7400/10000  M10 wins 45.3%  3.21 matches/s
2026-10-06 03:57:39,448 INFO     league_010 — M10__vs__M5 9000/10000  M10 wins 53.5%  4.25 matches/s
2026-10-06 03:57:47,547 INFO     league_010 — M10__vs__bc_init 4300/10000  M10 wins 87.4%  3.73 matches/s
2026-10-06 03:58:00,669 INFO     league_010 — M10__vs__M20 7500/10000  M10 wins 45.3%  3.21 matches/s
2026-10-06 03:58:03,107 INFO     league_010 — M10__vs__M5 9100/10000  M10 wins 53.5%  4.25 matches/s
2026-10-06 03:58:14,858 INFO     league_010 — M10__vs__bc_init 4400/10000  M10 wins 87.4%  3.72 matches/s
2026-10-06 03:58:25,612 INFO     league_010 — M10__vs__M5 9200/10000  M10 wins 53.6%  4.25 matches/s
2026-10-06 03:58:32,194 INFO     league_010 — M10__vs__M20 7600/10000  M10 wins 45.2%  3.21 matches/s
2026-10-06 03:58:42,161 INFO     league_010 — M10__vs__bc_init 4500/10000  M10 wins 87.3%  3.72 matches/s
2026-10-06 03:58:50,199 INFO     league_010 — M10__vs__M5 9300/10000  M10 wins 53.6%  4.25 matches/s
2026-10-06 03:59:03,413 INFO     league_010 — M10__vs__M20 7700/10000  M10 wins 45.1%  3.21 matches/s
2026-10-06 03:59:08,536 INFO     league_010 — M10__vs__bc_init 4600/10000  M10 wins 87.3%  3.72 matches/s
2026-10-06 03:59:14,133 INFO     league_010 — M10__vs__M5 9400/10000  M10 wins 53.7%  4.25 matches/s
2026-10-06 03:59:34,666 INFO     league_010 — M10__vs__M20 7800/10000  M10 wins 45.1%  3.21 matches/s
2026-10-06 03:59:34,695 INFO     league_010 — M10__vs__bc_init 4700/10000  M10 wins 87.3%  3.73 matches/s
2026-10-06 03:59:37,176 INFO     league_010 — M10__vs__M5 9500/10000  M10 wins 53.7%  4.25 matches/s
2026-10-06 04:00:00,922 INFO     league_010 — M10__vs__M5 9600/10000  M10 wins 53.7%  4.25 matches/s
2026-10-06 04:00:01,540 INFO     league_010 — M10__vs__bc_init 4800/10000  M10 wins 87.3%  3.73 matches/s
2026-10-06 04:00:05,434 INFO     league_010 — M10__vs__M20 7900/10000  M10 wins 45.1%  3.21 matches/s
2026-10-06 04:00:24,863 INFO     league_010 — M10__vs__M5 9700/10000  M10 wins 53.7%  4.25 matches/s
2026-10-06 04:00:27,781 INFO     league_010 — M10__vs__bc_init 4900/10000  M10 wins 87.3%  3.73 matches/s
2026-10-06 04:00:35,955 INFO     league_010 — M10__vs__M20 8000/10000  M10 wins 45.0%  3.21 matches/s
2026-10-06 04:00:47,707 INFO     league_010 — M10__vs__M5 9800/10000  M10 wins 53.7%  4.25 matches/s
2026-10-06 04:00:54,527 INFO     league_010 — M10__vs__bc_init 5000/10000  M10 wins 87.3%  3.73 matches/s
2026-10-06 04:01:06,942 INFO     league_010 — M10__vs__M20 8100/10000  M10 wins 45.0%  3.21 matches/s
2026-10-06 04:01:11,638 INFO     league_010 — M10__vs__M5 9900/10000  M10 wins 53.8%  4.25 matches/s
2026-10-06 04:01:21,786 INFO     league_010 — M10__vs__bc_init 5100/10000  M10 wins 87.3%  3.73 matches/s
2026-10-06 04:01:35,167 INFO     league_010 — M10__vs__M5 10000/10000  M10 wins 53.8%  4.25 matches/s
2026-10-06 04:01:35,169 INFO     league_010 — M10__vs__M5 winners_sha256=65f73f49225cae1adb2193dba997e76eb050974fa76a9ec3cf5c911f279c4d05
2026-10-06 04:01:37,351 INFO     league_010 — M10__vs__M20 8200/10000  M10 wins 45.1%  3.21 matches/s
2026-10-06 04:01:50,218 INFO     league_010 — M10__vs__bc_init 5200/10000  M10 wins 87.3%  3.72 matches/s
2026-10-06 04:01:58,985 INFO     league_010 — M20__vs__M5 100/10000  M20 wins 57.0%  4.22 matches/s
2026-10-06 04:02:07,351 INFO     league_010 — M10__vs__M20 8300/10000  M10 wins 45.1%  3.21 matches/s
2026-10-06 04:02:17,122 INFO     league_010 — M10__vs__bc_init 5300/10000  M10 wins 87.3%  3.72 matches/s
2026-10-06 04:02:21,634 INFO     league_010 — M20__vs__M5 200/10000  M20 wins 56.0%  4.31 matches/s
2026-10-06 04:02:39,852 INFO     league_010 — M10__vs__M20 8400/10000  M10 wins 45.2%  3.21 matches/s
2026-10-06 04:02:44,671 INFO     league_010 — M10__vs__bc_init 5400/10000  M10 wins 87.3%  3.72 matches/s
2026-10-06 04:02:44,776 INFO     league_010 — M20__vs__M5 300/10000  M20 wins 53.7%  4.32 matches/s
2026-10-06 04:03:07,815 INFO     league_010 — M20__vs__M5 400/10000  M20 wins 52.8%  4.32 matches/s
2026-10-06 04:03:10,879 INFO     league_010 — M10__vs__M20 8500/10000  M10 wins 45.2%  3.21 matches/s
2026-10-06 04:03:11,244 INFO     league_010 — M10__vs__bc_init 5500/10000  M10 wins 87.2%  3.72 matches/s
2026-10-06 04:03:30,884 INFO     league_010 — M20__vs__M5 500/10000  M20 wins 52.2%  4.32 matches/s
2026-10-06 04:03:37,963 INFO     league_010 — M10__vs__bc_init 5600/10000  M10 wins 87.1%  3.72 matches/s
2026-10-06 04:03:41,364 INFO     league_010 — M10__vs__M20 8600/10000  M10 wins 45.1%  3.21 matches/s
2026-10-06 04:03:54,419 INFO     league_010 — M20__vs__M5 600/10000  M20 wins 51.5%  4.31 matches/s
2026-10-06 04:04:05,996 INFO     league_010 — M10__vs__bc_init 5700/10000  M10 wins 87.1%  3.72 matches/s
2026-10-06 04:04:11,500 INFO     league_010 — M10__vs__M20 8700/10000  M10 wins 45.1%  3.21 matches/s
2026-10-06 04:04:17,813 INFO     league_010 — M20__vs__M5 700/10000  M20 wins 51.4%  4.31 matches/s
2026-10-06 04:04:32,378 INFO     league_010 — M10__vs__bc_init 5800/10000  M10 wins 87.1%  3.72 matches/s
2026-10-06 04:04:40,394 INFO     league_010 — M20__vs__M5 800/10000  M20 wins 52.8%  4.32 matches/s
2026-10-06 04:04:41,936 INFO     league_010 — M10__vs__M20 8800/10000  M10 wins 45.0%  3.21 matches/s
2026-10-06 04:04:59,737 INFO     league_010 — M10__vs__bc_init 5900/10000  M10 wins 87.1%  3.72 matches/s
2026-10-06 04:05:04,375 INFO     league_010 — M20__vs__M5 900/10000  M20 wins 53.2%  4.30 matches/s
2026-10-06 04:05:12,475 INFO     league_010 — M10__vs__M20 8900/10000  M10 wins 45.1%  3.21 matches/s
2026-10-06 04:05:26,065 INFO     league_010 — M10__vs__bc_init 6000/10000  M10 wins 87.1%  3.72 matches/s
2026-10-06 04:05:28,455 INFO     league_010 — M20__vs__M5 1000/10000  M20 wins 54.0%  4.29 matches/s
2026-10-06 04:05:45,673 INFO     league_010 — M10__vs__M20 9000/10000  M10 wins 45.1%  3.21 matches/s
2026-10-06 04:05:52,158 INFO     league_010 — M20__vs__M5 1100/10000  M20 wins 53.5%  4.28 matches/s
2026-10-06 04:05:52,702 INFO     league_010 — M10__vs__bc_init 6100/10000  M10 wins 87.2%  3.72 matches/s
2026-10-06 04:06:15,594 INFO     league_010 — M20__vs__M5 1200/10000  M20 wins 54.2%  4.28 matches/s
2026-10-06 04:06:16,971 INFO     league_010 — M10__vs__M20 9100/10000  M10 wins 45.0%  3.21 matches/s
2026-10-06 04:06:18,823 INFO     league_010 — M10__vs__bc_init 6200/10000  M10 wins 87.2%  3.72 matches/s
2026-10-06 04:06:38,912 INFO     league_010 — M20__vs__M5 1300/10000  M20 wins 54.4%  4.28 matches/s
2026-10-06 04:06:46,074 INFO     league_010 — M10__vs__bc_init 6300/10000  M10 wins 87.3%  3.72 matches/s
2026-10-06 04:06:47,963 INFO     league_010 — M10__vs__M20 9200/10000  M10 wins 45.0%  3.21 matches/s
2026-10-06 04:07:02,814 INFO     league_010 — M20__vs__M5 1400/10000  M20 wins 54.4%  4.27 matches/s
2026-10-06 04:07:12,467 INFO     league_010 — M10__vs__bc_init 6400/10000  M10 wins 87.3%  3.72 matches/s
2026-10-06 04:07:20,430 INFO     league_010 — M10__vs__M20 9300/10000  M10 wins 45.0%  3.21 matches/s
2026-10-06 04:07:25,821 INFO     league_010 — M20__vs__M5 1500/10000  M20 wins 54.6%  4.28 matches/s
2026-10-06 04:07:40,271 INFO     league_010 — M10__vs__bc_init 6500/10000  M10 wins 87.3%  3.72 matches/s
2026-10-06 04:07:49,051 INFO     league_010 — M20__vs__M5 1600/10000  M20 wins 54.8%  4.28 matches/s
2026-10-06 04:07:50,196 INFO     league_010 — M10__vs__M20 9400/10000  M10 wins 45.0%  3.21 matches/s
2026-10-06 04:08:06,880 INFO     league_010 — M10__vs__bc_init 6600/10000  M10 wins 87.3%  3.72 matches/s
2026-10-06 04:08:12,588 INFO     league_010 — M20__vs__M5 1700/10000  M20 wins 54.6%  4.28 matches/s
2026-10-06 04:08:21,538 INFO     league_010 — M10__vs__M20 9500/10000  M10 wins 45.0%  3.21 matches/s
2026-10-06 04:08:33,293 INFO     league_010 — M10__vs__bc_init 6700/10000  M10 wins 87.4%  3.72 matches/s
2026-10-06 04:08:35,779 INFO     league_010 — M20__vs__M5 1800/10000  M20 wins 54.9%  4.28 matches/s
2026-10-06 04:08:51,663 INFO     league_010 — M10__vs__M20 9600/10000  M10 wins 45.0%  3.21 matches/s
2026-10-06 04:08:59,663 INFO     league_010 — M20__vs__M5 1900/10000  M20 wins 54.8%  4.28 matches/s
2026-10-06 04:09:00,973 INFO     league_010 — M10__vs__bc_init 6800/10000  M10 wins 87.3%  3.72 matches/s
2026-10-06 04:09:22,539 INFO     league_010 — M10__vs__M20 9700/10000  M10 wins 44.9%  3.21 matches/s
2026-10-06 04:09:22,692 INFO     league_010 — M20__vs__M5 2000/10000  M20 wins 54.9%  4.28 matches/s
2026-10-06 04:09:28,092 INFO     league_010 — M10__vs__bc_init 6900/10000  M10 wins 87.3%  3.72 matches/s
2026-10-06 04:09:45,716 INFO     league_010 — M20__vs__M5 2100/10000  M20 wins 54.9%  4.28 matches/s
2026-10-06 04:09:53,761 INFO     league_010 — M10__vs__M20 9800/10000  M10 wins 44.9%  3.21 matches/s
2026-10-06 04:09:55,391 INFO     league_010 — M10__vs__bc_init 7000/10000  M10 wins 87.4%  3.72 matches/s
2026-10-06 04:10:08,341 INFO     league_010 — M20__vs__M5 2200/10000  M20 wins 54.7%  4.29 matches/s
2026-10-06 04:10:22,803 INFO     league_010 — M10__vs__bc_init 7100/10000  M10 wins 87.3%  3.72 matches/s
2026-10-06 04:10:25,319 INFO     league_010 — M10__vs__M20 9900/10000  M10 wins 44.9%  3.21 matches/s
2026-10-06 04:10:31,320 INFO     league_010 — M20__vs__M5 2300/10000  M20 wins 54.7%  4.29 matches/s
2026-10-06 04:10:49,765 INFO     league_010 — M10__vs__bc_init 7200/10000  M10 wins 87.3%  3.72 matches/s
2026-10-06 04:10:53,882 INFO     league_010 — M20__vs__M5 2400/10000  M20 wins 54.8%  4.30 matches/s
2026-10-06 04:10:55,712 INFO     league_010 — M10__vs__M20 10000/10000  M10 wins 44.9%  3.21 matches/s
2026-10-06 04:10:55,715 INFO     league_010 — M10__vs__M20 winners_sha256=bd4d2316da9dc4351615052d69b7c72a59d116790d172ebcd79f817934fb5e7e
2026-10-06 04:10:55,783 INFO     league_010 — finished M10__vs__M20
2026-10-06 04:10:55,783 INFO     league_010 — finished M10__vs__M5
2026-10-06 04:11:17,053 INFO     league_010 — M10__vs__bc_init 7300/10000  M10 wins 87.3%  3.72 matches/s
2026-10-06 04:11:17,404 INFO     league_010 — M20__vs__M5 2500/10000  M20 wins 54.9%  4.29 matches/s
2026-10-06 04:11:22,959 INFO     league_010 — M20__vs__bc_init 100/10000  M20 wins 93.0%  3.71 matches/s
2026-10-06 04:11:40,592 INFO     league_010 — M20__vs__M5 2600/10000  M20 wins 55.4%  4.30 matches/s
2026-10-06 04:11:43,753 INFO     league_010 — M10__vs__bc_init 7400/10000  M10 wins 87.3%  3.72 matches/s
2026-10-06 04:11:48,835 INFO     league_010 — M20__vs__bc_init 200/10000  M20 wins 91.0%  3.79 matches/s
2026-10-06 04:12:04,034 INFO     league_010 — M20__vs__M5 2700/10000  M20 wins 55.3%  4.29 matches/s
2026-10-06 04:12:10,839 INFO     league_010 — M10__vs__bc_init 7500/10000  M10 wins 87.3%  3.72 matches/s
2026-10-06 04:12:15,493 INFO     league_010 — M20__vs__bc_init 300/10000  M20 wins 91.3%  3.77 matches/s
2026-10-06 04:12:27,591 INFO     league_010 — M20__vs__M5 2800/10000  M20 wins 55.2%  4.29 matches/s
2026-10-06 04:12:38,892 INFO     league_010 — M10__vs__bc_init 7600/10000  M10 wins 87.4%  3.72 matches/s
2026-10-06 04:12:41,861 INFO     league_010 — M20__vs__bc_init 400/10000  M20 wins 91.2%  3.78 matches/s
2026-10-06 04:12:50,620 INFO     league_010 — M20__vs__M5 2900/10000  M20 wins 55.4%  4.29 matches/s
2026-10-06 04:13:06,038 INFO     league_010 — M10__vs__bc_init 7700/10000  M10 wins 87.4%  3.72 matches/s
2026-10-06 04:13:08,556 INFO     league_010 — M20__vs__bc_init 500/10000  M20 wins 90.0%  3.77 matches/s
2026-10-06 04:13:12,963 INFO     league_010 — M20__vs__M5 3000/10000  M20 wins 55.6%  4.30 matches/s
2026-10-06 04:13:33,738 INFO     league_010 — M10__vs__bc_init 7800/10000  M10 wins 87.4%  3.71 matches/s
2026-10-06 04:13:34,851 INFO     league_010 — M20__vs__bc_init 600/10000  M20 wins 89.3%  3.78 matches/s
2026-10-06 04:13:36,243 INFO     league_010 — M20__vs__M5 3100/10000  M20 wins 55.6%  4.30 matches/s
2026-10-06 04:13:59,095 INFO     league_010 — M10__vs__bc_init 7900/10000  M10 wins 87.4%  3.72 matches/s
2026-10-06 04:14:00,196 INFO     league_010 — M20__vs__M5 3200/10000  M20 wins 55.4%  4.30 matches/s
2026-10-06 04:14:01,286 INFO     league_010 — M20__vs__bc_init 700/10000  M20 wins 89.7%  3.78 matches/s
2026-10-06 04:14:23,444 INFO     league_010 — M10__vs__bc_init 8000/10000  M10 wins 87.4%  3.72 matches/s
2026-10-06 04:14:24,462 INFO     league_010 — M20__vs__M5 3300/10000  M20 wins 55.5%  4.29 matches/s
2026-10-06 04:14:28,353 INFO     league_010 — M20__vs__bc_init 800/10000  M20 wins 89.6%  3.77 matches/s
2026-10-06 04:14:47,651 INFO     league_010 — M20__vs__M5 3400/10000  M20 wins 55.7%  4.29 matches/s
2026-10-06 04:14:49,551 INFO     league_010 — M10__vs__bc_init 8100/10000  M10 wins 87.4%  3.72 matches/s
2026-10-06 04:14:54,142 INFO     league_010 — M20__vs__bc_init 900/10000  M20 wins 89.3%  3.78 matches/s
2026-10-06 04:15:10,954 INFO     league_010 — M20__vs__M5 3500/10000  M20 wins 55.6%  4.29 matches/s
2026-10-06 04:15:16,198 INFO     league_010 — M10__vs__bc_init 8200/10000  M10 wins 87.4%  3.72 matches/s
2026-10-06 04:15:20,617 INFO     league_010 — M20__vs__bc_init 1000/10000  M20 wins 89.8%  3.78 matches/s
2026-10-06 04:15:33,125 INFO     league_010 — M20__vs__M5 3600/10000  M20 wins 55.6%  4.30 matches/s
2026-10-06 04:15:43,484 INFO     league_010 — M10__vs__bc_init 8300/10000  M10 wins 87.3%  3.72 matches/s
2026-10-06 04:15:46,627 INFO     league_010 — M20__vs__bc_init 1100/10000  M20 wins 89.9%  3.79 matches/s
2026-10-06 04:15:56,015 INFO     league_010 — M20__vs__M5 3700/10000  M20 wins 55.5%  4.30 matches/s
2026-10-06 04:16:10,202 INFO     league_010 — M10__vs__bc_init 8400/10000  M10 wins 87.3%  3.72 matches/s
2026-10-06 04:16:12,264 INFO     league_010 — M20__vs__bc_init 1200/10000  M20 wins 90.2%  3.79 matches/s
2026-10-06 04:16:18,846 INFO     league_010 — M20__vs__M5 3800/10000  M20 wins 55.5%  4.30 matches/s
2026-10-06 04:16:37,682 INFO     league_010 — M10__vs__bc_init 8500/10000  M10 wins 87.4%  3.72 matches/s
2026-10-06 04:16:38,087 INFO     league_010 — M20__vs__bc_init 1300/10000  M20 wins 90.0%  3.80 matches/s
2026-10-06 04:16:42,613 INFO     league_010 — M20__vs__M5 3900/10000  M20 wins 55.3%  4.30 matches/s
2026-10-06 04:17:04,094 INFO     league_010 — M10__vs__bc_init 8600/10000  M10 wins 87.4%  3.72 matches/s
2026-10-06 04:17:04,687 INFO     league_010 — M20__vs__bc_init 1400/10000  M20 wins 90.0%  3.80 matches/s
2026-10-06 04:17:06,322 INFO     league_010 — M20__vs__M5 4000/10000  M20 wins 55.1%  4.30 matches/s
2026-10-06 04:17:28,899 INFO     league_010 — M20__vs__M5 4100/10000  M20 wins 55.2%  4.30 matches/s
2026-10-06 04:17:30,649 INFO     league_010 — M10__vs__bc_init 8700/10000  M10 wins 87.4%  3.72 matches/s
2026-10-06 04:17:31,476 INFO     league_010 — M20__vs__bc_init 1500/10000  M20 wins 90.2%  3.79 matches/s
2026-10-06 04:17:52,562 INFO     league_010 — M20__vs__M5 4200/10000  M20 wins 55.4%  4.30 matches/s
2026-10-06 04:17:56,983 INFO     league_010 — M10__vs__bc_init 8800/10000  M10 wins 87.4%  3.72 matches/s
2026-10-06 04:17:57,838 INFO     league_010 — M20__vs__bc_init 1600/10000  M20 wins 90.2%  3.79 matches/s
2026-10-06 04:18:16,506 INFO     league_010 — M20__vs__M5 4300/10000  M20 wins 55.4%  4.29 matches/s
2026-10-06 04:18:24,476 INFO     league_010 — M10__vs__bc_init 8900/10000  M10 wins 87.4%  3.72 matches/s
2026-10-06 04:18:24,726 INFO     league_010 — M20__vs__bc_init 1700/10000  M20 wins 90.4%  3.79 matches/s
2026-10-06 04:18:39,539 INFO     league_010 — M20__vs__M5 4400/10000  M20 wins 55.6%  4.30 matches/s
2026-10-06 04:18:50,818 INFO     league_010 — M10__vs__bc_init 9000/10000  M10 wins 87.5%  3.72 matches/s
2026-10-06 04:18:51,460 INFO     league_010 — M20__vs__bc_init 1800/10000  M20 wins 90.3%  3.79 matches/s
2026-10-06 04:19:03,090 INFO     league_010 — M20__vs__M5 4500/10000  M20 wins 55.8%  4.29 matches/s
2026-10-06 04:19:17,336 INFO     league_010 — M10__vs__bc_init 9100/10000  M10 wins 87.4%  3.72 matches/s
2026-10-06 04:19:17,610 INFO     league_010 — M20__vs__bc_init 1900/10000  M20 wins 90.5%  3.79 matches/s
2026-10-06 04:19:26,792 INFO     league_010 — M20__vs__M5 4600/10000  M20 wins 55.9%  4.29 matches/s
2026-10-06 04:19:44,134 INFO     league_010 — M20__vs__bc_init 2000/10000  M20 wins 90.3%  3.79 matches/s
2026-10-06 04:19:44,174 INFO     league_010 — M10__vs__bc_init 9200/10000  M10 wins 87.4%  3.72 matches/s
2026-10-06 04:19:51,028 INFO     league_010 — M20__vs__M5 4700/10000  M20 wins 56.0%  4.29 matches/s
2026-10-06 04:20:09,902 INFO     league_010 — M20__vs__bc_init 2100/10000  M20 wins 90.0%  3.79 matches/s
2026-10-06 04:20:10,762 INFO     league_010 — M10__vs__bc_init 9300/10000  M10 wins 87.4%  3.72 matches/s
2026-10-06 04:20:14,448 INFO     league_010 — M20__vs__M5 4800/10000  M20 wins 56.1%  4.29 matches/s
2026-10-06 04:20:36,499 INFO     league_010 — M20__vs__bc_init 2200/10000  M20 wins 89.9%  3.79 matches/s
2026-10-06 04:20:38,223 INFO     league_010 — M20__vs__M5 4900/10000  M20 wins 56.0%  4.29 matches/s
2026-10-06 04:20:38,495 INFO     league_010 — M10__vs__bc_init 9400/10000  M10 wins 87.3%  3.72 matches/s
2026-10-06 04:21:01,529 INFO     league_010 — M20__vs__M5 5000/10000  M20 wins 55.9%  4.29 matches/s
2026-10-06 04:21:01,862 INFO     league_010 — M20__vs__bc_init 2300/10000  M20 wins 90.0%  3.80 matches/s
2026-10-06 04:21:05,035 INFO     league_010 — M10__vs__bc_init 9500/10000  M10 wins 87.3%  3.72 matches/s
2026-10-06 04:21:25,067 INFO     league_010 — M20__vs__M5 5100/10000  M20 wins 55.9%  4.29 matches/s
2026-10-06 04:21:28,329 INFO     league_010 — M20__vs__bc_init 2400/10000  M20 wins 90.0%  3.80 matches/s
2026-10-06 04:21:32,103 INFO     league_010 — M10__vs__bc_init 9600/10000  M10 wins 87.4%  3.72 matches/s
2026-10-06 04:21:48,930 INFO     league_010 — M20__vs__M5 5200/10000  M20 wins 55.8%  4.28 matches/s
2026-10-06 04:21:55,231 INFO     league_010 — M20__vs__bc_init 2500/10000  M20 wins 89.7%  3.79 matches/s
2026-10-06 04:21:58,628 INFO     league_010 — M10__vs__bc_init 9700/10000  M10 wins 87.4%  3.72 matches/s
2026-10-06 04:22:11,910 INFO     league_010 — M20__vs__M5 5300/10000  M20 wins 55.7%  4.29 matches/s
2026-10-06 04:22:21,400 INFO     league_010 — M20__vs__bc_init 2600/10000  M20 wins 89.7%  3.79 matches/s
2026-10-06 04:22:25,975 INFO     league_010 — M10__vs__bc_init 9800/10000  M10 wins 87.4%  3.72 matches/s
2026-10-06 04:22:36,212 INFO     league_010 — M20__vs__M5 5400/10000  M20 wins 55.7%  4.28 matches/s
2026-10-06 04:22:47,390 INFO     league_010 — M20__vs__bc_init 2700/10000  M20 wins 89.8%  3.80 matches/s
2026-10-06 04:22:53,405 INFO     league_010 — M10__vs__bc_init 9900/10000  M10 wins 87.4%  3.72 matches/s
2026-10-06 04:22:59,436 INFO     league_010 — M20__vs__M5 5500/10000  M20 wins 55.8%  4.28 matches/s
2026-10-06 04:23:13,715 INFO     league_010 — M20__vs__bc_init 2800/10000  M20 wins 89.8%  3.80 matches/s
2026-10-06 04:23:19,650 INFO     league_010 — M10__vs__bc_init 10000/10000  M10 wins 87.5%  3.72 matches/s
2026-10-06 04:23:19,653 INFO     league_010 — M10__vs__bc_init winners_sha256=e806c7f4ac3ca90db77a3de0699ae080d054fbf0f8b1de5fb5204ff41a634305
2026-10-06 04:23:19,719 INFO     league_010 — finished M10__vs__bc_init
2026-10-06 04:23:22,811 INFO     league_010 — M20__vs__M5 5600/10000  M20 wins 55.7%  4.28 matches/s
2026-10-06 04:23:40,675 INFO     league_010 — M20__vs__bc_init 2900/10000  M20 wins 89.9%  3.79 matches/s
2026-10-06 04:23:45,942 INFO     league_010 — M5__vs__bc_init 100/10000  M5 wins 85.0%  3.82 matches/s
2026-10-06 04:23:46,536 INFO     league_010 — M20__vs__M5 5700/10000  M20 wins 55.8%  4.28 matches/s
2026-10-06 04:24:07,215 INFO     league_010 — M20__vs__bc_init 3000/10000  M20 wins 90.0%  3.79 matches/s
2026-10-06 04:24:09,434 INFO     league_010 — M20__vs__M5 5800/10000  M20 wins 55.7%  4.28 matches/s
2026-10-06 04:24:12,864 INFO     league_010 — M5__vs__bc_init 200/10000  M5 wins 86.5%  3.77 matches/s
2026-10-06 04:24:32,569 INFO     league_010 — M20__vs__M5 5900/10000  M20 wins 55.8%  4.28 matches/s
2026-10-06 04:24:33,520 INFO     league_010 — M20__vs__bc_init 3100/10000  M20 wins 89.7%  3.79 matches/s
2026-10-06 04:24:40,431 INFO     league_010 — M5__vs__bc_init 300/10000  M5 wins 85.0%  3.72 matches/s
2026-10-06 04:24:55,278 INFO     league_010 — M20__vs__M5 6000/10000  M20 wins 55.8%  4.29 matches/s
2026-10-06 04:25:00,143 INFO     league_010 — M20__vs__bc_init 3200/10000  M20 wins 89.6%  3.79 matches/s
2026-10-06 04:25:07,663 INFO     league_010 — M5__vs__bc_init 400/10000  M5 wins 84.0%  3.71 matches/s
2026-10-06 04:25:19,315 INFO     league_010 — M20__vs__M5 6100/10000  M20 wins 55.8%  4.28 matches/s
2026-10-06 04:25:26,685 INFO     league_010 — M20__vs__bc_init 3300/10000  M20 wins 89.4%  3.79 matches/s
2026-10-06 04:25:33,682 INFO     league_010 — M5__vs__bc_init 500/10000  M5 wins 83.8%  3.73 matches/s
2026-10-06 04:25:43,042 INFO     league_010 — M20__vs__M5 6200/10000  M20 wins 55.7%  4.28 matches/s
2026-10-06 04:25:52,736 INFO     league_010 — M20__vs__bc_init 3400/10000  M20 wins 89.4%  3.79 matches/s
2026-10-06 04:25:59,527 INFO     league_010 — M5__vs__bc_init 600/10000  M5 wins 84.3%  3.76 matches/s
2026-10-06 04:26:06,391 INFO     league_010 — M20__vs__M5 6300/10000  M20 wins 55.8%  4.28 matches/s
2026-10-06 04:26:18,812 INFO     league_010 — M20__vs__bc_init 3500/10000  M20 wins 89.3%  3.79 matches/s
2026-10-06 04:26:25,189 INFO     league_010 — M5__vs__bc_init 700/10000  M5 wins 84.4%  3.78 matches/s
2026-10-06 04:26:28,869 INFO     league_010 — M20__vs__M5 6400/10000  M20 wins 55.7%  4.28 matches/s
2026-10-06 04:26:44,603 INFO     league_010 — M20__vs__bc_init 3600/10000  M20 wins 89.4%  3.80 matches/s
2026-10-06 04:26:51,883 INFO     league_010 — M5__vs__bc_init 800/10000  M5 wins 84.9%  3.77 matches/s
2026-10-06 04:26:52,221 INFO     league_010 — M20__vs__M5 6500/10000  M20 wins 55.8%  4.28 matches/s
2026-10-06 04:27:10,944 INFO     league_010 — M20__vs__bc_init 3700/10000  M20 wins 89.4%  3.80 matches/s
2026-10-06 04:27:16,689 INFO     league_010 — M20__vs__M5 6600/10000  M20 wins 55.7%  4.28 matches/s
2026-10-06 04:27:18,933 INFO     league_010 — M5__vs__bc_init 900/10000  M5 wins 84.1%  3.76 matches/s
2026-10-06 04:27:37,834 INFO     league_010 — M20__vs__bc_init 3800/10000  M20 wins 89.2%  3.79 matches/s
2026-10-06 04:27:40,567 INFO     league_010 — M20__vs__M5 6700/10000  M20 wins 55.8%  4.28 matches/s
2026-10-06 04:27:44,721 INFO     league_010 — M5__vs__bc_init 1000/10000  M5 wins 84.2%  3.77 matches/s
2026-10-06 04:28:03,334 INFO     league_010 — M20__vs__M5 6800/10000  M20 wins 55.9%  4.28 matches/s
2026-10-06 04:28:04,349 INFO     league_010 — M20__vs__bc_init 3900/10000  M20 wins 89.2%  3.79 matches/s
2026-10-06 04:28:11,208 INFO     league_010 — M5__vs__bc_init 1100/10000  M5 wins 83.7%  3.77 matches/s
2026-10-06 04:28:26,551 INFO     league_010 — M20__vs__M5 6900/10000  M20 wins 55.8%  4.28 matches/s
2026-10-06 04:28:31,501 INFO     league_010 — M20__vs__bc_init 4000/10000  M20 wins 89.0%  3.79 matches/s
2026-10-06 04:28:38,302 INFO     league_010 — M5__vs__bc_init 1200/10000  M5 wins 84.1%  3.77 matches/s
2026-10-06 04:28:49,956 INFO     league_010 — M20__vs__M5 7000/10000  M20 wins 55.8%  4.28 matches/s
2026-10-06 04:28:57,527 INFO     league_010 — M20__vs__bc_init 4100/10000  M20 wins 89.1%  3.79 matches/s
2026-10-06 04:29:04,547 INFO     league_010 — M5__vs__bc_init 1300/10000  M5 wins 84.2%  3.77 matches/s
2026-10-06 04:29:13,570 INFO     league_010 — M20__vs__M5 7100/10000  M20 wins 55.7%  4.28 matches/s
2026-10-06 04:29:24,032 INFO     league_010 — M20__vs__bc_init 4200/10000  M20 wins 89.2%  3.79 matches/s
2026-10-06 04:29:31,199 INFO     league_010 — M5__vs__bc_init 1400/10000  M5 wins 84.3%  3.77 matches/s
2026-10-06 04:29:37,222 INFO     league_010 — M20__vs__M5 7200/10000  M20 wins 55.8%  4.28 matches/s
2026-10-06 04:29:49,858 INFO     league_010 — M20__vs__bc_init 4300/10000  M20 wins 89.1%  3.79 matches/s
2026-10-06 04:29:58,744 INFO     league_010 — M5__vs__bc_init 1500/10000  M5 wins 84.1%  3.76 matches/s
2026-10-06 04:30:00,690 INFO     league_010 — M20__vs__M5 7300/10000  M20 wins 56.0%  4.28 matches/s
2026-10-06 04:30:16,972 INFO     league_010 — M20__vs__bc_init 4400/10000  M20 wins 89.1%  3.79 matches/s
2026-10-06 04:30:23,890 INFO     league_010 — M20__vs__M5 7400/10000  M20 wins 56.0%  4.28 matches/s
2026-10-06 04:30:25,258 INFO     league_010 — M5__vs__bc_init 1600/10000  M5 wins 84.1%  3.76 matches/s
2026-10-06 04:30:44,028 INFO     league_010 — M20__vs__bc_init 4500/10000  M20 wins 89.1%  3.79 matches/s
2026-10-06 04:30:47,187 INFO     league_010 — M20__vs__M5 7500/10000  M20 wins 56.1%  4.28 matches/s
2026-10-06 04:30:51,544 INFO     league_010 — M5__vs__bc_init 1700/10000  M5 wins 84.1%  3.76 matches/s
2026-10-06 04:31:09,395 INFO     league_010 — M20__vs__M5 7600/10000  M20 wins 56.0%  4.28 matches/s
2026-10-06 04:31:10,258 INFO     league_010 — M20__vs__bc_init 4600/10000  M20 wins 89.0%  3.79 matches/s
2026-10-06 04:31:17,429 INFO     league_010 — M5__vs__bc_init 1800/10000  M5 wins 84.1%  3.77 matches/s
2026-10-06 04:31:32,757 INFO     league_010 — M20__vs__M5 7700/10000  M20 wins 56.1%  4.28 matches/s
2026-10-06 04:31:36,485 INFO     league_010 — M20__vs__bc_init 4700/10000  M20 wins 89.1%  3.79 matches/s
2026-10-06 04:31:44,393 INFO     league_010 — M5__vs__bc_init 1900/10000  M5 wins 83.8%  3.77 matches/s
2026-10-06 04:31:56,473 INFO     league_010 — M20__vs__M5 7800/10000  M20 wins 56.1%  4.28 matches/s
2026-10-06 04:32:03,164 INFO     league_010 — M20__vs__bc_init 4800/10000  M20 wins 89.1%  3.79 matches/s
2026-10-06 04:32:11,500 INFO     league_010 — M5__vs__bc_init 2000/10000  M5 wins 83.8%  3.76 matches/s
2026-10-06 04:32:20,549 INFO     league_010 — M20__vs__M5 7900/10000  M20 wins 56.0%  4.28 matches/s
2026-10-06 04:32:28,822 INFO     league_010 — M20__vs__bc_init 4900/10000  M20 wins 89.1%  3.79 matches/s
2026-10-06 04:32:37,816 INFO     league_010 — M5__vs__bc_init 2100/10000  M5 wins 84.0%  3.76 matches/s
2026-10-06 04:32:44,721 INFO     league_010 — M20__vs__M5 8000/10000  M20 wins 56.1%  4.28 matches/s
2026-10-06 04:32:56,013 INFO     league_010 — M20__vs__bc_init 5000/10000  M20 wins 89.0%  3.79 matches/s
2026-10-06 04:33:05,713 INFO     league_010 — M5__vs__bc_init 2200/10000  M5 wins 84.0%  3.75 matches/s
2026-10-06 04:33:08,021 INFO     league_010 — M20__vs__M5 8100/10000  M20 wins 56.0%  4.28 matches/s
2026-10-06 04:33:22,733 INFO     league_010 — M20__vs__bc_init 5100/10000  M20 wins 89.1%  3.79 matches/s
2026-10-06 04:33:31,717 INFO     league_010 — M20__vs__M5 8200/10000  M20 wins 56.0%  4.28 matches/s
2026-10-06 04:33:32,360 INFO     league_010 — M5__vs__bc_init 2300/10000  M5 wins 84.3%  3.75 matches/s
2026-10-06 04:33:49,394 INFO     league_010 — M20__vs__bc_init 5200/10000  M20 wins 89.0%  3.79 matches/s
2026-10-06 04:33:54,943 INFO     league_010 — M20__vs__M5 8300/10000  M20 wins 56.1%  4.28 matches/s
2026-10-06 04:33:59,864 INFO     league_010 — M5__vs__bc_init 2400/10000  M5 wins 84.3%  3.75 matches/s
2026-10-06 04:34:15,432 INFO     league_010 — M20__vs__bc_init 5300/10000  M20 wins 89.0%  3.79 matches/s
2026-10-06 04:34:18,169 INFO     league_010 — M20__vs__M5 8400/10000  M20 wins 56.1%  4.28 matches/s
2026-10-06 04:34:26,277 INFO     league_010 — M5__vs__bc_init 2500/10000  M5 wins 84.2%  3.75 matches/s
2026-10-06 04:34:41,254 INFO     league_010 — M20__vs__bc_init 5400/10000  M20 wins 89.0%  3.79 matches/s
2026-10-06 04:34:42,574 INFO     league_010 — M20__vs__M5 8500/10000  M20 wins 56.0%  4.28 matches/s
2026-10-06 04:34:52,824 INFO     league_010 — M5__vs__bc_init 2600/10000  M5 wins 84.0%  3.75 matches/s
2026-10-06 04:35:06,110 INFO     league_010 — M20__vs__M5 8600/10000  M20 wins 56.1%  4.28 matches/s
2026-10-06 04:35:07,532 INFO     league_010 — M20__vs__bc_init 5500/10000  M20 wins 89.0%  3.79 matches/s
2026-10-06 04:35:19,366 INFO     league_010 — M5__vs__bc_init 2700/10000  M5 wins 84.0%  3.75 matches/s
2026-10-06 04:35:29,833 INFO     league_010 — M20__vs__M5 8700/10000  M20 wins 56.1%  4.28 matches/s
2026-10-06 04:35:34,527 INFO     league_010 — M20__vs__bc_init 5600/10000  M20 wins 88.9%  3.79 matches/s
2026-10-06 04:35:47,029 INFO     league_010 — M5__vs__bc_init 2800/10000  M5 wins 84.0%  3.75 matches/s
2026-10-06 04:35:53,914 INFO     league_010 — M20__vs__M5 8800/10000  M20 wins 56.1%  4.27 matches/s
2026-10-06 04:36:00,715 INFO     league_010 — M20__vs__bc_init 5700/10000  M20 wins 89.0%  3.79 matches/s
2026-10-06 04:36:14,132 INFO     league_010 — M5__vs__bc_init 2900/10000  M5 wins 83.9%  3.75 matches/s
2026-10-06 04:36:17,174 INFO     league_010 — M20__vs__M5 8900/10000  M20 wins 56.1%  4.27 matches/s
2026-10-06 04:36:27,551 INFO     league_010 — M20__vs__bc_init 5800/10000  M20 wins 88.9%  3.79 matches/s
2026-10-06 04:36:40,008 INFO     league_010 — M20__vs__M5 9000/10000  M20 wins 56.0%  4.28 matches/s
2026-10-06 04:36:40,242 INFO     league_010 — M5__vs__bc_init 3000/10000  M5 wins 83.9%  3.75 matches/s
2026-10-06 04:36:54,554 INFO     league_010 — M20__vs__bc_init 5900/10000  M20 wins 89.0%  3.79 matches/s
2026-10-06 04:37:03,350 INFO     league_010 — M20__vs__M5 9100/10000  M20 wins 56.1%  4.28 matches/s
2026-10-06 04:37:07,385 INFO     league_010 — M5__vs__bc_init 3100/10000  M5 wins 83.9%  3.75 matches/s
2026-10-06 04:37:21,037 INFO     league_010 — M20__vs__bc_init 6000/10000  M20 wins 88.9%  3.79 matches/s
2026-10-06 04:37:27,319 INFO     league_010 — M20__vs__M5 9200/10000  M20 wins 56.2%  4.27 matches/s
2026-10-06 04:37:33,899 INFO     league_010 — M5__vs__bc_init 3200/10000  M5 wins 83.8%  3.75 matches/s
2026-10-06 04:37:48,138 INFO     league_010 — M20__vs__bc_init 6100/10000  M20 wins 88.9%  3.78 matches/s
2026-10-06 04:37:50,724 INFO     league_010 — M20__vs__M5 9300/10000  M20 wins 56.1%  4.27 matches/s
2026-10-06 04:38:00,449 INFO     league_010 — M5__vs__bc_init 3300/10000  M5 wins 83.8%  3.75 matches/s
2026-10-06 04:38:13,367 INFO     league_010 — M20__vs__M5 9400/10000  M20 wins 56.1%  4.28 matches/s
2026-10-06 04:38:14,032 INFO     league_010 — M20__vs__bc_init 6200/10000  M20 wins 88.9%  3.79 matches/s
2026-10-06 04:38:26,976 INFO     league_010 — M5__vs__bc_init 3400/10000  M5 wins 83.7%  3.75 matches/s
2026-10-06 04:38:36,509 INFO     league_010 — M20__vs__M5 9500/10000  M20 wins 56.1%  4.28 matches/s
2026-10-06 04:38:40,294 INFO     league_010 — M20__vs__bc_init 6300/10000  M20 wins 88.9%  3.79 matches/s
2026-10-06 04:38:52,962 INFO     league_010 — M5__vs__bc_init 3500/10000  M5 wins 83.6%  3.75 matches/s
2026-10-06 04:38:59,789 INFO     league_010 — M20__vs__M5 9600/10000  M20 wins 56.0%  4.28 matches/s
2026-10-06 04:39:06,397 INFO     league_010 — M20__vs__bc_init 6400/10000  M20 wins 89.0%  3.79 matches/s
2026-10-06 04:39:19,375 INFO     league_010 — M5__vs__bc_init 3600/10000  M5 wins 83.6%  3.75 matches/s
2026-10-06 04:39:22,735 INFO     league_010 — M20__vs__M5 9700/10000  M20 wins 56.0%  4.28 matches/s
2026-10-06 04:39:32,657 INFO     league_010 — M20__vs__bc_init 6500/10000  M20 wins 89.0%  3.79 matches/s
2026-10-06 04:39:45,932 INFO     league_010 — M5__vs__bc_init 3700/10000  M5 wins 83.5%  3.75 matches/s
2026-10-06 04:39:46,495 INFO     league_010 — M20__vs__M5 9800/10000  M20 wins 56.1%  4.28 matches/s
2026-10-06 04:39:59,637 INFO     league_010 — M20__vs__bc_init 6600/10000  M20 wins 89.0%  3.79 matches/s
2026-10-06 04:40:09,470 INFO     league_010 — M20__vs__M5 9900/10000  M20 wins 56.1%  4.28 matches/s
2026-10-06 04:40:12,748 INFO     league_010 — M5__vs__bc_init 3800/10000  M5 wins 83.2%  3.75 matches/s
2026-10-06 04:40:26,805 INFO     league_010 — M20__vs__bc_init 6700/10000  M20 wins 89.0%  3.78 matches/s
2026-10-06 04:40:33,240 INFO     league_010 — M20__vs__M5 10000/10000  M20 wins 56.1%  4.28 matches/s
2026-10-06 04:40:33,242 INFO     league_010 — M20__vs__M5 winners_sha256=bc0aa3ecb4b2aeb9097e984198e3a32ca78a6b447d0b591bee6a09bd5d5bd4af
2026-10-06 04:40:33,287 INFO     league_010 — finished M20__vs__M5
2026-10-06 04:40:38,907 INFO     league_010 — M5__vs__bc_init 3900/10000  M5 wins 83.3%  3.75 matches/s
2026-10-06 04:40:39,546 INFO     league_010 — C10__vs__random 100/10000  C10 wins 94.0%  16.10 matches/s
2026-10-06 04:40:45,933 INFO     league_010 — C10__vs__random 200/10000  C10 wins 92.0%  15.88 matches/s
2026-10-06 04:40:52,264 INFO     league_010 — C10__vs__random 300/10000  C10 wins 92.3%  15.85 matches/s
2026-10-06 04:40:53,614 INFO     league_010 — M20__vs__bc_init 6800/10000  M20 wins 89.0%  3.78 matches/s
2026-10-06 04:40:58,694 INFO     league_010 — C10__vs__random 400/10000  C10 wins 92.5%  15.77 matches/s
2026-10-06 04:41:05,016 INFO     league_010 — C10__vs__random 500/10000  C10 wins 93.0%  15.78 matches/s
2026-10-06 04:41:05,912 INFO     league_010 — M5__vs__bc_init 4000/10000  M5 wins 83.3%  3.75 matches/s
2026-10-06 04:41:10,977 INFO     league_010 — C10__vs__random 600/10000  C10 wins 93.2%  15.94 matches/s
2026-10-06 04:41:17,332 INFO     league_010 — C10__vs__random 700/10000  C10 wins 93.4%  15.91 matches/s
2026-10-06 04:41:20,080 INFO     league_010 — M20__vs__bc_init 6900/10000  M20 wins 89.0%  3.78 matches/s
2026-10-06 04:41:23,860 INFO     league_010 — C10__vs__random 800/10000  C10 wins 93.2%  15.83 matches/s
2026-10-06 04:41:30,017 INFO     league_010 — C10__vs__random 900/10000  C10 wins 93.2%  15.88 matches/s
2026-10-06 04:41:32,757 INFO     league_010 — M5__vs__bc_init 4100/10000  M5 wins 83.4%  3.75 matches/s
2026-10-06 04:41:36,604 INFO     league_010 — C10__vs__random 1000/10000  C10 wins 93.4%  15.81 matches/s
2026-10-06 04:41:42,726 INFO     league_010 — C10__vs__random 1100/10000  C10 wins 93.3%  15.85 matches/s
2026-10-06 04:41:46,286 INFO     league_010 — M20__vs__bc_init 7000/10000  M20 wins 89.0%  3.78 matches/s
2026-10-06 04:41:49,100 INFO     league_010 — C10__vs__random 1200/10000  C10 wins 93.2%  15.84 matches/s
2026-10-06 04:41:55,275 INFO     league_010 — C10__vs__random 1300/10000  C10 wins 93.3%  15.87 matches/s
2026-10-06 04:41:59,903 INFO     league_010 — M5__vs__bc_init 4200/10000  M5 wins 83.3%  3.75 matches/s
2026-10-06 04:42:01,782 INFO     league_010 — C10__vs__random 1400/10000  C10 wins 93.2%  15.83 matches/s
2026-10-06 04:42:08,097 INFO     league_010 — C10__vs__random 1500/10000  C10 wins 93.1%  15.83 matches/s
2026-10-06 04:42:11,694 INFO     league_010 — M20__vs__bc_init 7100/10000  M20 wins 89.0%  3.79 matches/s
2026-10-06 04:42:14,521 INFO     league_010 — C10__vs__random 1600/10000  C10 wins 93.0%  15.81 matches/s
2026-10-06 04:42:21,687 INFO     league_010 — C10__vs__random 1700/10000  C10 wins 93.1%  15.69 matches/s
2026-10-06 04:42:27,343 INFO     league_010 — M5__vs__bc_init 4300/10000  M5 wins 83.3%  3.75 matches/s
2026-10-06 04:42:27,630 INFO     league_010 — C10__vs__random 1800/10000  C10 wins 93.2%  15.75 matches/s
2026-10-06 04:42:33,964 INFO     league_010 — C10__vs__random 1900/10000  C10 wins 93.1%  15.75 matches/s
2026-10-06 04:42:37,757 INFO     league_010 — M20__vs__bc_init 7200/10000  M20 wins 88.9%  3.79 matches/s
2026-10-06 04:42:40,074 INFO     league_010 — C10__vs__random 2000/10000  C10 wins 93.2%  15.78 matches/s
2026-10-06 04:42:46,474 INFO     league_010 — C10__vs__random 2100/10000  C10 wins 93.1%  15.77 matches/s
2026-10-06 04:42:52,661 INFO     league_010 — C10__vs__random 2200/10000  C10 wins 93.2%  15.79 matches/s
2026-10-06 04:42:53,777 INFO     league_010 — M5__vs__bc_init 4400/10000  M5 wins 83.4%  3.75 matches/s
2026-10-06 04:42:58,793 INFO     league_010 — C10__vs__random 2300/10000  C10 wins 93.1%  15.81 matches/s
2026-10-06 04:43:04,516 INFO     league_010 — M20__vs__bc_init 7300/10000  M20 wins 88.9%  3.79 matches/s
2026-10-06 04:43:05,123 INFO     league_010 — C10__vs__random 2400/10000  C10 wins 93.1%  15.81 matches/s
2026-10-06 04:43:11,624 INFO     league_010 — C10__vs__random 2500/10000  C10 wins 93.0%  15.79 matches/s
2026-10-06 04:43:17,969 INFO     league_010 — C10__vs__random 2600/10000  C10 wins 93.0%  15.79 matches/s
2026-10-06 04:43:20,385 INFO     league_010 — M5__vs__bc_init 4500/10000  M5 wins 83.4%  3.75 matches/s
2026-10-06 04:43:24,194 INFO     league_010 — C10__vs__random 2700/10000  C10 wins 92.9%  15.80 matches/s
2026-10-06 04:43:30,544 INFO     league_010 — C10__vs__random 2800/10000  C10 wins 92.9%  15.80 matches/s
2026-10-06 04:43:30,548 INFO     league_010 — M20__vs__bc_init 7400/10000  M20 wins 88.9%  3.79 matches/s
2026-10-06 04:43:36,983 INFO     league_010 — C10__vs__random 2900/10000  C10 wins 92.9%  15.79 matches/s
2026-10-06 04:43:42,925 INFO     league_010 — C10__vs__random 3000/10000  C10 wins 92.9%  15.82 matches/s
2026-10-06 04:43:48,221 INFO     league_010 — M5__vs__bc_init 4600/10000  M5 wins 83.4%  3.74 matches/s
2026-10-06 04:43:49,313 INFO     league_010 — C10__vs__random 3100/10000  C10 wins 93.1%  15.82 matches/s
2026-10-06 04:43:55,472 INFO     league_010 — C10__vs__random 3200/10000  C10 wins 93.2%  15.83 matches/s
2026-10-06 04:43:57,212 INFO     league_010 — M20__vs__bc_init 7500/10000  M20 wins 88.8%  3.79 matches/s
2026-10-06 04:44:02,006 INFO     league_010 — C10__vs__random 3300/10000  C10 wins 93.1%  15.81 matches/s
2026-10-06 04:44:08,577 INFO     league_010 — C10__vs__random 3400/10000  C10 wins 93.0%  15.80 matches/s
2026-10-06 04:44:14,762 INFO     league_010 — M5__vs__bc_init 4700/10000  M5 wins 83.5%  3.75 matches/s
2026-10-06 04:44:14,821 INFO     league_010 — C10__vs__random 3500/10000  C10 wins 93.0%  15.80 matches/s
2026-10-06 04:44:21,342 INFO     league_010 — C10__vs__random 3600/10000  C10 wins 93.1%  15.79 matches/s
2026-10-06 04:44:23,176 INFO     league_010 — M20__vs__bc_init 7600/10000  M20 wins 88.7%  3.79 matches/s
2026-10-06 04:44:27,745 INFO     league_010 — C10__vs__random 3700/10000  C10 wins 93.1%  15.78 matches/s
2026-10-06 04:44:34,406 INFO     league_010 — C10__vs__random 3800/10000  C10 wins 93.1%  15.76 matches/s
2026-10-06 04:44:40,727 INFO     league_010 — C10__vs__random 3900/10000  C10 wins 93.0%  15.76 matches/s
2026-10-06 04:44:40,980 INFO     league_010 — M5__vs__bc_init 4800/10000  M5 wins 83.4%  3.75 matches/s
2026-10-06 04:44:47,156 INFO     league_010 — C10__vs__random 4000/10000  C10 wins 93.0%  15.76 matches/s
2026-10-06 04:44:48,960 INFO     league_010 — M20__vs__bc_init 7700/10000  M20 wins 88.7%  3.79 matches/s
2026-10-06 04:44:53,207 INFO     league_010 — C10__vs__random 4100/10000  C10 wins 93.0%  15.78 matches/s
2026-10-06 04:44:59,533 INFO     league_010 — C10__vs__random 4200/10000  C10 wins 93.0%  15.78 matches/s
2026-10-06 04:45:05,941 INFO     league_010 — C10__vs__random 4300/10000  C10 wins 92.9%  15.77 matches/s
2026-10-06 04:45:07,797 INFO     league_010 — M5__vs__bc_init 4900/10000  M5 wins 83.4%  3.75 matches/s
2026-10-06 04:45:12,113 INFO     league_010 — C10__vs__random 4400/10000  C10 wins 92.9%  15.78 matches/s
2026-10-06 04:45:15,469 INFO     league_010 — M20__vs__bc_init 7800/10000  M20 wins 88.7%  3.79 matches/s
2026-10-06 04:45:18,189 INFO     league_010 — C10__vs__random 4500/10000  C10 wins 92.9%  15.80 matches/s
2026-10-06 04:45:24,499 INFO     league_010 — C10__vs__random 4600/10000  C10 wins 92.9%  15.80 matches/s
2026-10-06 04:45:31,052 INFO     league_010 — C10__vs__random 4700/10000  C10 wins 92.9%  15.79 matches/s
2026-10-06 04:45:34,666 INFO     league_010 — M5__vs__bc_init 5000/10000  M5 wins 83.4%  3.75 matches/s
2026-10-06 04:45:37,366 INFO     league_010 — C10__vs__random 4800/10000  C10 wins 92.8%  15.79 matches/s
2026-10-06 04:45:42,201 INFO     league_010 — M20__vs__bc_init 7900/10000  M20 wins 88.7%  3.79 matches/s
2026-10-06 04:45:43,244 INFO     league_010 — C10__vs__random 4900/10000  C10 wins 92.8%  15.81 matches/s
2026-10-06 04:45:49,185 INFO     league_010 — C10__vs__random 5000/10000  C10 wins 92.8%  15.83 matches/s
2026-10-06 04:45:55,620 INFO     league_010 — C10__vs__random 5100/10000  C10 wins 92.8%  15.82 matches/s
2026-10-06 04:46:01,684 INFO     league_010 — C10__vs__random 5200/10000  C10 wins 92.9%  15.84 matches/s
2026-10-06 04:46:01,906 INFO     league_010 — M5__vs__bc_init 5100/10000  M5 wins 83.4%  3.74 matches/s
2026-10-06 04:46:07,170 INFO     league_010 — M20__vs__bc_init 8000/10000  M20 wins 88.7%  3.79 matches/s
2026-10-06 04:46:08,119 INFO     league_010 — C10__vs__random 5300/10000  C10 wins 92.9%  15.83 matches/s
2026-10-06 04:46:14,355 INFO     league_010 — C10__vs__random 5400/10000  C10 wins 92.9%  15.83 matches/s
2026-10-06 04:46:20,726 INFO     league_010 — C10__vs__random 5500/10000  C10 wins 92.9%  15.83 matches/s
2026-10-06 04:46:26,614 INFO     league_010 — C10__vs__random 5600/10000  C10 wins 93.0%  15.85 matches/s
2026-10-06 04:46:28,416 INFO     league_010 — M5__vs__bc_init 5200/10000  M5 wins 83.5%  3.74 matches/s
2026-10-06 04:46:32,658 INFO     league_010 — C10__vs__random 5700/10000  C10 wins 93.0%  15.86 matches/s
2026-10-06 04:46:34,319 INFO     league_010 — M20__vs__bc_init 8100/10000  M20 wins 88.7%  3.79 matches/s
2026-10-06 04:46:38,533 INFO     league_010 — C10__vs__random 5800/10000  C10 wins 93.0%  15.88 matches/s
2026-10-06 04:46:45,051 INFO     league_010 — C10__vs__random 5900/10000  C10 wins 93.1%  15.87 matches/s
2026-10-06 04:46:51,320 INFO     league_010 — C10__vs__random 6000/10000  C10 wins 93.0%  15.87 matches/s
2026-10-06 04:46:54,985 INFO     league_010 — M5__vs__bc_init 5300/10000  M5 wins 83.5%  3.75 matches/s
2026-10-06 04:46:57,598 INFO     league_010 — C10__vs__random 6100/10000  C10 wins 93.0%  15.87 matches/s
2026-10-06 04:47:00,410 INFO     league_010 — M20__vs__bc_init 8200/10000  M20 wins 88.7%  3.79 matches/s
2026-10-06 04:47:03,814 INFO     league_010 — C10__vs__random 6200/10000  C10 wins 93.0%  15.88 matches/s
2026-10-06 04:47:09,997 INFO     league_010 — C10__vs__random 6300/10000  C10 wins 93.0%  15.88 matches/s
2026-10-06 04:47:16,296 INFO     league_010 — C10__vs__random 6400/10000  C10 wins 93.0%  15.88 matches/s
2026-10-06 04:47:21,942 INFO     league_010 — M5__vs__bc_init 5400/10000  M5 wins 83.6%  3.74 matches/s
2026-10-06 04:47:22,343 INFO     league_010 — C10__vs__random 6500/10000  C10 wins 93.0%  15.89 matches/s
2026-10-06 04:47:26,895 INFO     league_010 — M20__vs__bc_init 8300/10000  M20 wins 88.7%  3.79 matches/s
2026-10-06 04:47:28,552 INFO     league_010 — C10__vs__random 6600/10000  C10 wins 93.1%  15.90 matches/s
2026-10-06 04:47:34,515 INFO     league_010 — C10__vs__random 6700/10000  C10 wins 93.1%  15.91 matches/s
2026-10-06 04:47:40,920 INFO     league_010 — C10__vs__random 6800/10000  C10 wins 93.1%  15.90 matches/s
2026-10-06 04:47:47,323 INFO     league_010 — C10__vs__random 6900/10000  C10 wins 93.1%  15.90 matches/s
2026-10-06 04:47:47,982 INFO     league_010 — M5__vs__bc_init 5500/10000  M5 wins 83.7%  3.75 matches/s
2026-10-06 04:47:52,862 INFO     league_010 — M20__vs__bc_init 8400/10000  M20 wins 88.7%  3.79 matches/s
2026-10-06 04:47:53,133 INFO     league_010 — C10__vs__random 7000/10000  C10 wins 93.1%  15.92 matches/s
2026-10-06 04:47:59,473 INFO     league_010 — C10__vs__random 7100/10000  C10 wins 93.2%  15.91 matches/s
2026-10-06 04:48:05,790 INFO     league_010 — C10__vs__random 7200/10000  C10 wins 93.1%  15.91 matches/s
2026-10-06 04:48:12,128 INFO     league_010 — C10__vs__random 7300/10000  C10 wins 93.0%  15.91 matches/s
2026-10-06 04:48:14,509 INFO     league_010 — M5__vs__bc_init 5600/10000  M5 wins 83.8%  3.75 matches/s
2026-10-06 04:48:18,085 INFO     league_010 — C10__vs__random 7400/10000  C10 wins 93.0%  15.92 matches/s
2026-10-06 04:48:19,668 INFO     league_010 — M20__vs__bc_init 8500/10000  M20 wins 88.6%  3.79 matches/s
2026-10-06 04:48:24,309 INFO     league_010 — C10__vs__random 7500/10000  C10 wins 93.1%  15.92 matches/s
2026-10-06 04:48:30,648 INFO     league_010 — C10__vs__random 7600/10000  C10 wins 93.1%  15.92 matches/s
2026-10-06 04:48:36,834 INFO     league_010 — C10__vs__random 7700/10000  C10 wins 93.1%  15.93 matches/s
2026-10-06 04:48:41,110 INFO     league_010 — M5__vs__bc_init 5700/10000  M5 wins 83.8%  3.75 matches/s
2026-10-06 04:48:42,825 INFO     league_010 — C10__vs__random 7800/10000  C10 wins 93.1%  15.93 matches/s
2026-10-06 04:48:45,643 INFO     league_010 — M20__vs__bc_init 8600/10000  M20 wins 88.7%  3.79 matches/s
2026-10-06 04:48:49,084 INFO     league_010 — C10__vs__random 7900/10000  C10 wins 93.1%  15.94 matches/s
2026-10-06 04:48:55,272 INFO     league_010 — C10__vs__random 8000/10000  C10 wins 93.2%  15.94 matches/s
2026-10-06 04:49:01,752 INFO     league_010 — C10__vs__random 8100/10000  C10 wins 93.2%  15.93 matches/s
2026-10-06 04:49:07,746 INFO     league_010 — M5__vs__bc_init 5800/10000  M5 wins 83.7%  3.75 matches/s
2026-10-06 04:49:08,212 INFO     league_010 — C10__vs__random 8200/10000  C10 wins 93.2%  15.93 matches/s
2026-10-06 04:49:10,927 INFO     league_010 — M20__vs__bc_init 8700/10000  M20 wins 88.7%  3.79 matches/s
2026-10-06 04:49:14,155 INFO     league_010 — C10__vs__random 8300/10000  C10 wins 93.2%  15.94 matches/s
2026-10-06 04:49:20,587 INFO     league_010 — C10__vs__random 8400/10000  C10 wins 93.1%  15.93 matches/s
2026-10-06 04:49:26,689 INFO     league_010 — C10__vs__random 8500/10000  C10 wins 93.1%  15.94 matches/s
2026-10-06 04:49:32,703 INFO     league_010 — C10__vs__random 8600/10000  C10 wins 93.1%  15.94 matches/s
2026-10-06 04:49:34,334 INFO     league_010 — M5__vs__bc_init 5900/10000  M5 wins 83.7%  3.75 matches/s
2026-10-06 04:49:37,264 INFO     league_010 — M20__vs__bc_init 8800/10000  M20 wins 88.7%  3.79 matches/s
2026-10-06 04:49:38,831 INFO     league_010 — C10__vs__random 8700/10000  C10 wins 93.0%  15.95 matches/s
2026-10-06 04:49:44,919 INFO     league_010 — C10__vs__random 8800/10000  C10 wins 93.1%  15.95 matches/s
2026-10-06 04:49:51,019 INFO     league_010 — C10__vs__random 8900/10000  C10 wins 93.1%  15.96 matches/s
2026-10-06 04:49:56,979 INFO     league_010 — C10__vs__random 9000/10000  C10 wins 93.1%  15.97 matches/s
2026-10-06 04:50:00,426 INFO     league_010 — M5__vs__bc_init 6000/10000  M5 wins 83.8%  3.75 matches/s
2026-10-06 04:50:02,650 INFO     league_010 — M20__vs__bc_init 8900/10000  M20 wins 88.7%  3.79 matches/s
2026-10-06 04:50:02,904 INFO     league_010 — C10__vs__random 9100/10000  C10 wins 93.1%  15.98 matches/s
2026-10-06 04:50:08,999 INFO     league_010 — C10__vs__random 9200/10000  C10 wins 93.1%  15.98 matches/s
2026-10-06 04:50:15,340 INFO     league_010 — C10__vs__random 9300/10000  C10 wins 93.1%  15.98 matches/s
2026-10-06 04:50:21,321 INFO     league_010 — C10__vs__random 9400/10000  C10 wins 93.1%  15.99 matches/s
2026-10-06 04:50:27,414 INFO     league_010 — M5__vs__bc_init 6100/10000  M5 wins 83.8%  3.75 matches/s
2026-10-06 04:50:27,523 INFO     league_010 — C10__vs__random 9500/10000  C10 wins 93.1%  15.99 matches/s
2026-10-06 04:50:28,587 INFO     league_010 — M20__vs__bc_init 9000/10000  M20 wins 88.6%  3.79 matches/s
2026-10-06 04:50:33,834 INFO     league_010 — C10__vs__random 9600/10000  C10 wins 93.1%  15.99 matches/s
2026-10-06 04:50:39,858 INFO     league_010 — C10__vs__random 9700/10000  C10 wins 93.1%  15.99 matches/s
2026-10-06 04:50:46,215 INFO     league_010 — C10__vs__random 9800/10000  C10 wins 93.1%  15.99 matches/s
2026-10-06 04:50:52,341 INFO     league_010 — C10__vs__random 9900/10000  C10 wins 93.1%  15.99 matches/s
2026-10-06 04:50:53,706 INFO     league_010 — M5__vs__bc_init 6200/10000  M5 wins 83.8%  3.75 matches/s
2026-10-06 04:50:55,638 INFO     league_010 — M20__vs__bc_init 9100/10000  M20 wins 88.6%  3.79 matches/s
2026-10-06 04:50:58,560 INFO     league_010 — C10__vs__random 10000/10000  C10 wins 93.1%  15.99 matches/s
2026-10-06 04:50:58,562 INFO     league_010 — C10__vs__random winners_sha256=94f209375f64ff8b50f5ab7a8874003de98ae8ef1751cc48d9d1a06d9fc22195
2026-10-06 04:51:09,346 INFO     league_010 — C10__vs__threshold 100/10000  C10 wins 92.0%  9.35 matches/s
2026-10-06 04:51:19,913 INFO     league_010 — M5__vs__bc_init 6300/10000  M5 wins 83.8%  3.75 matches/s
2026-10-06 04:51:20,398 INFO     league_010 — C10__vs__threshold 200/10000  C10 wins 89.0%  9.20 matches/s
2026-10-06 04:51:22,837 INFO     league_010 — M20__vs__bc_init 9200/10000  M20 wins 88.6%  3.79 matches/s
2026-10-06 04:51:31,631 INFO     league_010 — C10__vs__threshold 300/10000  C10 wins 90.7%  9.10 matches/s
2026-10-06 04:51:41,803 INFO     league_010 — C10__vs__threshold 400/10000  C10 wins 91.0%  9.27 matches/s
2026-10-06 04:51:46,414 INFO     league_010 — M5__vs__bc_init 6400/10000  M5 wins 83.8%  3.75 matches/s
2026-10-06 04:51:49,460 INFO     league_010 — M20__vs__bc_init 9300/10000  M20 wins 88.6%  3.79 matches/s
2026-10-06 04:51:52,648 INFO     league_010 — C10__vs__threshold 500/10000  C10 wins 89.8%  9.26 matches/s
2026-10-06 04:52:03,538 INFO     league_010 — C10__vs__threshold 600/10000  C10 wins 89.8%  9.25 matches/s
2026-10-06 04:52:13,232 INFO     league_010 — M5__vs__bc_init 6500/10000  M5 wins 83.8%  3.75 matches/s
2026-10-06 04:52:14,199 INFO     league_010 — C10__vs__threshold 700/10000  C10 wins 90.4%  9.27 matches/s
2026-10-06 04:52:16,350 INFO     league_010 — M20__vs__bc_init 9400/10000  M20 wins 88.6%  3.79 matches/s
2026-10-06 04:52:25,142 INFO     league_010 — C10__vs__threshold 800/10000  C10 wins 90.5%  9.25 matches/s
2026-10-06 04:52:35,810 INFO     league_010 — C10__vs__threshold 900/10000  C10 wins 91.1%  9.26 matches/s
2026-10-06 04:52:40,006 INFO     league_010 — M5__vs__bc_init 6600/10000  M5 wins 83.8%  3.75 matches/s
2026-10-06 04:52:42,339 INFO     league_010 — M20__vs__bc_init 9500/10000  M20 wins 88.6%  3.79 matches/s
2026-10-06 04:52:46,827 INFO     league_010 — C10__vs__threshold 1000/10000  C10 wins 91.4%  9.24 matches/s
2026-10-06 04:52:57,222 INFO     league_010 — C10__vs__threshold 1100/10000  C10 wins 91.5%  9.28 matches/s
2026-10-06 04:53:07,702 INFO     league_010 — M5__vs__bc_init 6700/10000  M5 wins 83.7%  3.75 matches/s
2026-10-06 04:53:08,100 INFO     league_010 — C10__vs__threshold 1200/10000  C10 wins 91.3%  9.27 matches/s
2026-10-06 04:53:08,150 INFO     league_010 — M20__vs__bc_init 9600/10000  M20 wins 88.6%  3.79 matches/s
2026-10-06 04:53:19,390 INFO     league_010 — C10__vs__threshold 1300/10000  C10 wins 91.5%  9.24 matches/s
2026-10-06 04:53:30,166 INFO     league_010 — C10__vs__threshold 1400/10000  C10 wins 91.6%  9.24 matches/s
2026-10-06 04:53:34,169 INFO     league_010 — M20__vs__bc_init 9700/10000  M20 wins 88.6%  3.79 matches/s
2026-10-06 04:53:34,534 INFO     league_010 — M5__vs__bc_init 6800/10000  M5 wins 83.6%  3.75 matches/s
2026-10-06 04:53:41,028 INFO     league_010 — C10__vs__threshold 1500/10000  C10 wins 91.7%  9.24 matches/s
2026-10-06 04:53:51,930 INFO     league_010 — C10__vs__threshold 1600/10000  C10 wins 91.6%  9.23 matches/s
2026-10-06 04:54:00,272 INFO     league_010 — M20__vs__bc_init 9800/10000  M20 wins 88.6%  3.79 matches/s
2026-10-06 04:54:01,586 INFO     league_010 — M5__vs__bc_init 6900/10000  M5 wins 83.7%  3.75 matches/s
2026-10-06 04:54:02,742 INFO     league_010 — C10__vs__threshold 1700/10000  C10 wins 91.6%  9.23 matches/s
2026-10-06 04:54:13,212 INFO     league_010 — C10__vs__threshold 1800/10000  C10 wins 91.7%  9.25 matches/s
2026-10-06 04:54:24,367 INFO     league_010 — C10__vs__threshold 1900/10000  C10 wins 91.5%  9.24 matches/s
2026-10-06 04:54:25,461 INFO     league_010 — M20__vs__bc_init 9900/10000  M20 wins 88.7%  3.79 matches/s
2026-10-06 04:54:28,204 INFO     league_010 — M5__vs__bc_init 7000/10000  M5 wins 83.6%  3.75 matches/s
2026-10-06 04:54:35,422 INFO     league_010 — C10__vs__threshold 2000/10000  C10 wins 91.6%  9.23 matches/s
2026-10-06 04:54:46,674 INFO     league_010 — C10__vs__threshold 2100/10000  C10 wins 91.5%  9.21 matches/s
2026-10-06 04:54:52,141 INFO     league_010 — M20__vs__bc_init 10000/10000  M20 wins 88.7%  3.79 matches/s
2026-10-06 04:54:52,144 INFO     league_010 — M20__vs__bc_init winners_sha256=9b2abe02d52800e1f439a3d1245ba86e336548cb5102f2f5626f714feaa0662b
2026-10-06 04:54:52,201 INFO     league_010 — finished M20__vs__bc_init
2026-10-06 04:54:54,772 INFO     league_010 — M5__vs__bc_init 7100/10000  M5 wins 83.7%  3.75 matches/s
2026-10-06 04:54:57,311 INFO     league_010 — C10__vs__threshold 2200/10000  C10 wins 91.5%  9.22 matches/s
2026-10-06 04:55:00,195 INFO     league_010 — C20__vs__random 100/10000  C20 wins 92.0%  12.61 matches/s
2026-10-06 04:55:08,006 INFO     league_010 — C10__vs__threshold 2300/10000  C10 wins 91.4%  9.22 matches/s
2026-10-06 04:55:08,500 INFO     league_010 — C20__vs__random 200/10000  C20 wins 92.0%  12.32 matches/s
2026-10-06 04:55:16,749 INFO     league_010 — C20__vs__random 300/10000  C20 wins 92.7%  12.25 matches/s
2026-10-06 04:55:18,907 INFO     league_010 — C10__vs__threshold 2400/10000  C10 wins 91.3%  9.22 matches/s
2026-10-06 04:55:21,900 INFO     league_010 — M5__vs__bc_init 7200/10000  M5 wins 83.6%  3.75 matches/s
2026-10-06 04:55:25,367 INFO     league_010 — C20__vs__random 400/10000  C20 wins 92.8%  12.08 matches/s
2026-10-06 04:55:29,924 INFO     league_010 — C10__vs__threshold 2500/10000  C10 wins 91.6%  9.22 matches/s
2026-10-06 04:55:33,342 INFO     league_010 — C20__vs__random 500/10000  C20 wins 92.6%  12.17 matches/s
2026-10-06 04:55:41,006 INFO     league_010 — C10__vs__threshold 2600/10000  C10 wins 91.4%  9.21 matches/s
2026-10-06 04:55:41,549 INFO     league_010 — C20__vs__random 600/10000  C20 wins 93.7%  12.17 matches/s
2026-10-06 04:55:48,643 INFO     league_010 — M5__vs__bc_init 7300/10000  M5 wins 83.6%  3.75 matches/s
2026-10-06 04:55:49,906 INFO     league_010 — C20__vs__random 700/10000  C20 wins 93.4%  12.14 matches/s
2026-10-06 04:55:52,066 INFO     league_010 — C10__vs__threshold 2700/10000  C10 wins 91.4%  9.20 matches/s
2026-10-06 04:55:57,827 INFO     league_010 — C20__vs__random 800/10000  C20 wins 93.5%  12.20 matches/s
2026-10-06 04:56:03,104 INFO     league_010 — C10__vs__threshold 2800/10000  C10 wins 91.4%  9.20 matches/s
2026-10-06 04:56:06,113 INFO     league_010 — C20__vs__random 900/10000  C20 wins 93.3%  12.19 matches/s
2026-10-06 04:56:14,023 INFO     league_010 — C10__vs__threshold 2900/10000  C10 wins 91.3%  9.20 matches/s
2026-10-06 04:56:14,523 INFO     league_010 — C20__vs__random 1000/10000  C20 wins 93.1%  12.16 matches/s
2026-10-06 04:56:14,895 INFO     league_010 — M5__vs__bc_init 7400/10000  M5 wins 83.6%  3.75 matches/s
2026-10-06 04:56:23,266 INFO     league_010 — C20__vs__random 1100/10000  C20 wins 93.0%  12.09 matches/s
2026-10-06 04:56:24,736 INFO     league_010 — C10__vs__threshold 3000/10000  C10 wins 91.4%  9.20 matches/s
2026-10-06 04:56:31,334 INFO     league_010 — C20__vs__random 1200/10000  C20 wins 92.9%  12.11 matches/s
2026-10-06 04:56:35,877 INFO     league_010 — C10__vs__threshold 3100/10000  C10 wins 91.4%  9.19 matches/s
2026-10-06 04:56:39,213 INFO     league_010 — C20__vs__random 1300/10000  C20 wins 92.9%  12.16 matches/s
2026-10-06 04:56:40,556 INFO     league_010 — M5__vs__bc_init 7500/10000  M5 wins 83.5%  3.75 matches/s
2026-10-06 04:56:46,705 INFO     league_010 — C10__vs__threshold 3200/10000  C10 wins 91.4%  9.19 matches/s
2026-10-06 04:56:46,840 INFO     league_010 — C20__vs__random 1400/10000  C20 wins 93.2%  12.22 matches/s
2026-10-06 04:56:54,972 INFO     league_010 — C20__vs__random 1500/10000  C20 wins 93.1%  12.22 matches/s
2026-10-06 04:56:57,981 INFO     league_010 — C10__vs__threshold 3300/10000  C10 wins 91.3%  9.18 matches/s
2026-10-06 04:57:03,150 INFO     league_010 — C20__vs__random 1600/10000  C20 wins 93.4%  12.22 matches/s
2026-10-06 04:57:07,059 INFO     league_010 — M5__vs__bc_init 7600/10000  M5 wins 83.5%  3.75 matches/s
2026-10-06 04:57:08,652 INFO     league_010 — C10__vs__threshold 3400/10000  C10 wins 91.4%  9.19 matches/s
2026-10-06 04:57:11,428 INFO     league_010 — C20__vs__random 1700/10000  C20 wins 93.6%  12.22 matches/s
2026-10-06 04:57:19,117 INFO     league_010 — C10__vs__threshold 3500/10000  C10 wins 91.3%  9.20 matches/s
2026-10-06 04:57:19,800 INFO     league_010 — C20__vs__random 1800/10000  C20 wins 93.4%  12.20 matches/s
2026-10-06 04:57:27,801 INFO     league_010 — C20__vs__random 1900/10000  C20 wins 93.3%  12.22 matches/s
2026-10-06 04:57:29,768 INFO     league_010 — C10__vs__threshold 3600/10000  C10 wins 91.5%  9.20 matches/s
2026-10-06 04:57:33,629 INFO     league_010 — M5__vs__bc_init 7700/10000  M5 wins 83.6%  3.75 matches/s
2026-10-06 04:57:36,080 INFO     league_010 — C20__vs__random 2000/10000  C20 wins 93.4%  12.21 matches/s
2026-10-06 04:57:40,303 INFO     league_010 — C10__vs__threshold 3700/10000  C10 wins 91.5%  9.21 matches/s
2026-10-06 04:57:44,181 INFO     league_010 — C20__vs__random 2100/10000  C20 wins 93.4%  12.22 matches/s
2026-10-06 04:57:50,952 INFO     league_010 — C10__vs__threshold 3800/10000  C10 wins 91.4%  9.22 matches/s
2026-10-06 04:57:52,316 INFO     league_010 — C20__vs__random 2200/10000  C20 wins 93.4%  12.22 matches/s
2026-10-06 04:58:00,243 INFO     league_010 — C20__vs__random 2300/10000  C20 wins 93.5%  12.24 matches/s
2026-10-06 04:58:00,348 INFO     league_010 — M5__vs__bc_init 7800/10000  M5 wins 83.7%  3.75 matches/s
2026-10-06 04:58:01,664 INFO     league_010 — C10__vs__threshold 3900/10000  C10 wins 91.4%  9.22 matches/s
2026-10-06 04:58:08,490 INFO     league_010 — C20__vs__random 2400/10000  C20 wins 93.6%  12.23 matches/s
2026-10-06 04:58:12,423 INFO     league_010 — C10__vs__threshold 4000/10000  C10 wins 91.3%  9.22 matches/s
2026-10-06 04:58:16,970 INFO     league_010 — C20__vs__random 2500/10000  C20 wins 93.5%  12.21 matches/s
2026-10-06 04:58:23,136 INFO     league_010 — C10__vs__threshold 4100/10000  C10 wins 91.3%  9.22 matches/s
2026-10-06 04:58:25,170 INFO     league_010 — C20__vs__random 2600/10000  C20 wins 93.4%  12.21 matches/s
2026-10-06 04:58:26,745 INFO     league_010 — M5__vs__bc_init 7900/10000  M5 wins 83.6%  3.75 matches/s
2026-10-06 04:58:33,415 INFO     league_010 — C20__vs__random 2700/10000  C20 wins 93.3%  12.21 matches/s
2026-10-06 04:58:34,001 INFO     league_010 — C10__vs__threshold 4200/10000  C10 wins 91.4%  9.22 matches/s
2026-10-06 04:58:41,498 INFO     league_010 — C20__vs__random 2800/10000  C20 wins 93.3%  12.21 matches/s
2026-10-06 04:58:45,200 INFO     league_010 — C10__vs__threshold 4300/10000  C10 wins 91.4%  9.22 matches/s
2026-10-06 04:58:49,599 INFO     league_010 — C20__vs__random 2900/10000  C20 wins 93.3%  12.22 matches/s
2026-10-06 04:58:53,644 INFO     league_010 — M5__vs__bc_init 8000/10000  M5 wins 83.6%  3.75 matches/s
2026-10-06 04:58:56,247 INFO     league_010 — C10__vs__threshold 4400/10000  C10 wins 91.4%  9.21 matches/s
2026-10-06 04:58:57,643 INFO     league_010 — C20__vs__random 3000/10000  C20 wins 93.2%  12.23 matches/s
2026-10-06 04:59:05,655 INFO     league_010 — C20__vs__random 3100/10000  C20 wins 93.2%  12.23 matches/s
2026-10-06 04:59:06,774 INFO     league_010 — C10__vs__threshold 4500/10000  C10 wins 91.5%  9.22 matches/s
2026-10-06 04:59:13,614 INFO     league_010 — C20__vs__random 3200/10000  C20 wins 93.1%  12.24 matches/s
2026-10-06 04:59:17,504 INFO     league_010 — C10__vs__threshold 4600/10000  C10 wins 91.4%  9.22 matches/s
2026-10-06 04:59:20,973 INFO     league_010 — M5__vs__bc_init 8100/10000  M5 wins 83.6%  3.75 matches/s
2026-10-06 04:59:21,644 INFO     league_010 — C20__vs__random 3300/10000  C20 wins 92.9%  12.25 matches/s
2026-10-06 04:59:28,536 INFO     league_010 — C10__vs__threshold 4700/10000  C10 wins 91.4%  9.22 matches/s
2026-10-06 04:59:30,003 INFO     league_010 — C20__vs__random 3400/10000  C20 wins 92.9%  12.24 matches/s
2026-10-06 04:59:38,216 INFO     league_010 — C20__vs__random 3500/10000  C20 wins 92.9%  12.24 matches/s
2026-10-06 04:59:39,349 INFO     league_010 — C10__vs__threshold 4800/10000  C10 wins 91.5%  9.22 matches/s
2026-10-06 04:59:46,260 INFO     league_010 — C20__vs__random 3600/10000  C20 wins 92.8%  12.25 matches/s
2026-10-06 04:59:48,479 INFO     league_010 — M5__vs__bc_init 8200/10000  M5 wins 83.6%  3.75 matches/s
2026-10-06 04:59:50,365 INFO     league_010 — C10__vs__threshold 4900/10000  C10 wins 91.5%  9.22 matches/s
2026-10-06 04:59:53,902 INFO     league_010 — C20__vs__random 3700/10000  C20 wins 92.8%  12.27 matches/s
2026-10-06 05:00:01,493 INFO     league_010 — C10__vs__threshold 5000/10000  C10 wins 91.4%  9.21 matches/s
2026-10-06 05:00:01,727 INFO     league_010 — C20__vs__random 3800/10000  C20 wins 92.7%  12.28 matches/s
2026-10-06 05:00:09,895 INFO     league_010 — C20__vs__random 3900/10000  C20 wins 92.8%  12.28 matches/s
2026-10-06 05:00:12,247 INFO     league_010 — C10__vs__threshold 5100/10000  C10 wins 91.3%  9.21 matches/s
2026-10-06 05:00:15,329 INFO     league_010 — M5__vs__bc_init 8300/10000  M5 wins 83.5%  3.75 matches/s
2026-10-06 05:00:17,525 INFO     league_010 — C20__vs__random 4000/10000  C20 wins 92.8%  12.30 matches/s
2026-10-06 05:00:23,502 INFO     league_010 — C10__vs__threshold 5200/10000  C10 wins 91.3%  9.21 matches/s
2026-10-06 05:00:26,040 INFO     league_010 — C20__vs__random 4100/10000  C20 wins 92.9%  12.28 matches/s
2026-10-06 05:00:33,994 INFO     league_010 — C20__vs__random 4200/10000  C20 wins 92.8%  12.29 matches/s
2026-10-06 05:00:34,453 INFO     league_010 — C10__vs__threshold 5300/10000  C10 wins 91.3%  9.20 matches/s
2026-10-06 05:00:41,926 INFO     league_010 — C20__vs__random 4300/10000  C20 wins 92.8%  12.30 matches/s
2026-10-06 05:00:41,993 INFO     league_010 — M5__vs__bc_init 8400/10000  M5 wins 83.5%  3.75 matches/s
2026-10-06 05:00:45,300 INFO     league_010 — C10__vs__threshold 5400/10000  C10 wins 91.3%  9.20 matches/s
2026-10-06 05:00:50,227 INFO     league_010 — C20__vs__random 4400/10000  C20 wins 92.8%  12.29 matches/s
2026-10-06 05:00:56,049 INFO     league_010 — C10__vs__threshold 5500/10000  C10 wins 91.2%  9.21 matches/s
2026-10-06 05:00:58,077 INFO     league_010 — C20__vs__random 4500/10000  C20 wins 92.8%  12.30 matches/s
2026-10-06 05:01:06,250 INFO     league_010 — C20__vs__random 4600/10000  C20 wins 92.8%  12.30 matches/s
2026-10-06 05:01:06,994 INFO     league_010 — C10__vs__threshold 5600/10000  C10 wins 91.2%  9.21 matches/s
2026-10-06 05:01:08,510 INFO     league_010 — M5__vs__bc_init 8500/10000  M5 wins 83.4%  3.75 matches/s
2026-10-06 05:01:13,926 INFO     league_010 — C20__vs__random 4700/10000  C20 wins 92.9%  12.31 matches/s
2026-10-06 05:01:17,916 INFO     league_010 — C10__vs__threshold 5700/10000  C10 wins 91.2%  9.20 matches/s
2026-10-06 05:01:22,024 INFO     league_010 — C20__vs__random 4800/10000  C20 wins 92.9%  12.32 matches/s
2026-10-06 05:01:28,753 INFO     league_010 — C10__vs__threshold 5800/10000  C10 wins 91.2%  9.20 matches/s
2026-10-06 05:01:30,595 INFO     league_010 — C20__vs__random 4900/10000  C20 wins 92.9%  12.30 matches/s
2026-10-06 05:01:34,853 INFO     league_010 — M5__vs__bc_init 8600/10000  M5 wins 83.5%  3.75 matches/s
2026-10-06 05:01:38,944 INFO     league_010 — C20__vs__random 5000/10000  C20 wins 93.0%  12.29 matches/s
2026-10-06 05:01:39,393 INFO     league_010 — C10__vs__threshold 5900/10000  C10 wins 91.2%  9.21 matches/s
2026-10-06 05:01:46,400 INFO     league_010 — C20__vs__random 5100/10000  C20 wins 93.0%  12.31 matches/s
2026-10-06 05:01:50,108 INFO     league_010 — C10__vs__threshold 6000/10000  C10 wins 91.2%  9.21 matches/s
2026-10-06 05:01:54,417 INFO     league_010 — C20__vs__random 5200/10000  C20 wins 92.9%  12.32 matches/s
2026-10-06 05:02:00,869 INFO     league_010 — C10__vs__threshold 6100/10000  C10 wins 91.2%  9.21 matches/s
2026-10-06 05:02:01,303 INFO     league_010 — M5__vs__bc_init 8700/10000  M5 wins 83.4%  3.75 matches/s
2026-10-06 05:02:03,013 INFO     league_010 — C20__vs__random 5300/10000  C20 wins 92.9%  12.30 matches/s
2026-10-06 05:02:10,836 INFO     league_010 — C20__vs__random 5400/10000  C20 wins 93.0%  12.31 matches/s
2026-10-06 05:02:12,151 INFO     league_010 — C10__vs__threshold 6200/10000  C10 wins 91.3%  9.21 matches/s
2026-10-06 05:02:19,408 INFO     league_010 — C20__vs__random 5500/10000  C20 wins 92.9%  12.30 matches/s
2026-10-06 05:02:22,859 INFO     league_010 — C10__vs__threshold 6300/10000  C10 wins 91.2%  9.21 matches/s
2026-10-06 05:02:27,545 INFO     league_010 — C20__vs__random 5600/10000  C20 wins 92.9%  12.30 matches/s
2026-10-06 05:02:28,094 INFO     league_010 — M5__vs__bc_init 8800/10000  M5 wins 83.5%  3.75 matches/s
2026-10-06 05:02:33,516 INFO     league_010 — C10__vs__threshold 6400/10000  C10 wins 91.2%  9.21 matches/s
2026-10-06 05:02:35,713 INFO     league_010 — C20__vs__random 5700/10000  C20 wins 92.9%  12.30 matches/s
2026-10-06 05:02:43,858 INFO     league_010 — C20__vs__random 5800/10000  C20 wins 92.9%  12.30 matches/s
2026-10-06 05:02:44,427 INFO     league_010 — C10__vs__threshold 6500/10000  C10 wins 91.2%  9.21 matches/s
2026-10-06 05:02:52,466 INFO     league_010 — C20__vs__random 5900/10000  C20 wins 92.9%  12.29 matches/s
2026-10-06 05:02:54,041 INFO     league_010 — M5__vs__bc_init 8900/10000  M5 wins 83.5%  3.75 matches/s
2026-10-06 05:02:55,628 INFO     league_010 — C10__vs__threshold 6600/10000  C10 wins 91.1%  9.21 matches/s
2026-10-06 05:03:00,762 INFO     league_010 — C20__vs__random 6000/10000  C20 wins 93.0%  12.28 matches/s
2026-10-06 05:03:06,658 INFO     league_010 — C10__vs__threshold 6700/10000  C10 wins 91.0%  9.20 matches/s
2026-10-06 05:03:08,891 INFO     league_010 — C20__vs__random 6100/10000  C20 wins 92.9%  12.28 matches/s
2026-10-06 05:03:17,404 INFO     league_010 — C10__vs__threshold 6800/10000  C10 wins 91.0%  9.20 matches/s
2026-10-06 05:03:17,409 INFO     league_010 — C20__vs__random 6200/10000  C20 wins 92.9%  12.27 matches/s
2026-10-06 05:03:20,803 INFO     league_010 — M5__vs__bc_init 9000/10000  M5 wins 83.5%  3.75 matches/s
2026-10-06 05:03:25,709 INFO     league_010 — C20__vs__random 6300/10000  C20 wins 93.0%  12.27 matches/s
2026-10-06 05:03:28,197 INFO     league_010 — C10__vs__threshold 6900/10000  C10 wins 91.1%  9.21 matches/s
2026-10-06 05:03:33,808 INFO     league_010 — C20__vs__random 6400/10000  C20 wins 92.9%  12.27 matches/s
2026-10-06 05:03:39,004 INFO     league_010 — C10__vs__threshold 7000/10000  C10 wins 91.0%  9.21 matches/s
2026-10-06 05:03:41,822 INFO     league_010 — C20__vs__random 6500/10000  C20 wins 92.9%  12.27 matches/s
2026-10-06 05:03:47,553 INFO     league_010 — M5__vs__bc_init 9100/10000  M5 wins 83.5%  3.75 matches/s
2026-10-06 05:03:49,962 INFO     league_010 — C10__vs__threshold 7100/10000  C10 wins 90.9%  9.21 matches/s
2026-10-06 05:03:50,090 INFO     league_010 — C20__vs__random 6600/10000  C20 wins 93.0%  12.27 matches/s
2026-10-06 05:03:57,733 INFO     league_010 — C20__vs__random 6700/10000  C20 wins 93.0%  12.28 matches/s
2026-10-06 05:04:00,788 INFO     league_010 — C10__vs__threshold 7200/10000  C10 wins 90.8%  9.21 matches/s
2026-10-06 05:04:05,778 INFO     league_010 — C20__vs__random 6800/10000  C20 wins 93.0%  12.29 matches/s
2026-10-06 05:04:12,240 INFO     league_010 — C10__vs__threshold 7300/10000  C10 wins 90.8%  9.20 matches/s
2026-10-06 05:04:14,169 INFO     league_010 — C20__vs__random 6900/10000  C20 wins 93.0%  12.28 matches/s
2026-10-06 05:04:14,739 INFO     league_010 — M5__vs__bc_init 9200/10000  M5 wins 83.5%  3.75 matches/s
2026-10-06 05:04:22,120 INFO     league_010 — C20__vs__random 7000/10000  C20 wins 93.1%  12.28 matches/s
2026-10-06 05:04:23,357 INFO     league_010 — C10__vs__threshold 7400/10000  C10 wins 90.8%  9.20 matches/s
2026-10-06 05:04:30,438 INFO     league_010 — C20__vs__random 7100/10000  C20 wins 93.0%  12.28 matches/s
2026-10-06 05:04:34,253 INFO     league_010 — C10__vs__threshold 7500/10000  C10 wins 90.8%  9.20 matches/s
2026-10-06 05:04:38,208 INFO     league_010 — C20__vs__random 7200/10000  C20 wins 93.0%  12.29 matches/s
2026-10-06 05:04:40,813 INFO     league_010 — M5__vs__bc_init 9300/10000  M5 wins 83.5%  3.75 matches/s
2026-10-06 05:04:45,170 INFO     league_010 — C10__vs__threshold 7600/10000  C10 wins 90.8%  9.20 matches/s
2026-10-06 05:04:46,363 INFO     league_010 — C20__vs__random 7300/10000  C20 wins 93.0%  12.29 matches/s
2026-10-06 05:04:54,541 INFO     league_010 — C20__vs__random 7400/10000  C20 wins 93.0%  12.29 matches/s
2026-10-06 05:04:55,962 INFO     league_010 — C10__vs__threshold 7700/10000  C10 wins 90.8%  9.20 matches/s
2026-10-06 05:05:02,803 INFO     league_010 — C20__vs__random 7500/10000  C20 wins 93.0%  12.28 matches/s
2026-10-06 05:05:06,580 INFO     league_010 — C10__vs__threshold 7800/10000  C10 wins 90.7%  9.20 matches/s
2026-10-06 05:05:07,890 INFO     league_010 — M5__vs__bc_init 9400/10000  M5 wins 83.5%  3.75 matches/s
2026-10-06 05:05:10,820 INFO     league_010 — C20__vs__random 7600/10000  C20 wins 93.0%  12.29 matches/s
2026-10-06 05:05:17,220 INFO     league_010 — C10__vs__threshold 7900/10000  C10 wins 90.8%  9.20 matches/s
2026-10-06 05:05:18,842 INFO     league_010 — C20__vs__random 7700/10000  C20 wins 93.0%  12.29 matches/s
2026-10-06 05:05:26,817 INFO     league_010 — C20__vs__random 7800/10000  C20 wins 93.0%  12.29 matches/s
2026-10-06 05:05:28,151 INFO     league_010 — C10__vs__threshold 8000/10000  C10 wins 90.7%  9.20 matches/s
2026-10-06 05:05:34,394 INFO     league_010 — M5__vs__bc_init 9500/10000  M5 wins 83.5%  3.75 matches/s
2026-10-06 05:05:35,003 INFO     league_010 — C20__vs__random 7900/10000  C20 wins 92.9%  12.29 matches/s
2026-10-06 05:05:38,990 INFO     league_010 — C10__vs__threshold 8100/10000  C10 wins 90.7%  9.20 matches/s
2026-10-06 05:05:43,118 INFO     league_010 — C20__vs__random 8000/10000  C20 wins 92.9%  12.29 matches/s
2026-10-06 05:05:50,166 INFO     league_010 — C10__vs__threshold 8200/10000  C10 wins 90.7%  9.20 matches/s
2026-10-06 05:05:50,881 INFO     league_010 — C20__vs__random 8100/10000  C20 wins 92.9%  12.30 matches/s
2026-10-06 05:05:59,211 INFO     league_010 — C20__vs__random 8200/10000  C20 wins 92.9%  12.29 matches/s
2026-10-06 05:06:00,800 INFO     league_010 — C10__vs__threshold 8300/10000  C10 wins 90.7%  9.20 matches/s
2026-10-06 05:06:01,200 INFO     league_010 — M5__vs__bc_init 9600/10000  M5 wins 83.5%  3.75 matches/s
2026-10-06 05:06:07,049 INFO     league_010 — C20__vs__random 8300/10000  C20 wins 93.0%  12.30 matches/s
2026-10-06 05:06:11,687 INFO     league_010 — C10__vs__threshold 8400/10000  C10 wins 90.7%  9.20 matches/s
2026-10-06 05:06:15,267 INFO     league_010 — C20__vs__random 8400/10000  C20 wins 92.9%  12.30 matches/s
2026-10-06 05:06:22,717 INFO     league_010 — C10__vs__threshold 8500/10000  C10 wins 90.7%  9.20 matches/s
2026-10-06 05:06:23,329 INFO     league_010 — C20__vs__random 8500/10000  C20 wins 93.0%  12.30 matches/s
2026-10-06 05:06:27,151 INFO     league_010 — M5__vs__bc_init 9700/10000  M5 wins 83.5%  3.75 matches/s
2026-10-06 05:06:31,407 INFO     league_010 — C20__vs__random 8600/10000  C20 wins 93.0%  12.30 matches/s
2026-10-06 05:06:33,674 INFO     league_010 — C10__vs__threshold 8600/10000  C10 wins 90.7%  9.20 matches/s
2026-10-06 05:06:39,868 INFO     league_010 — C20__vs__random 8700/10000  C20 wins 92.9%  12.30 matches/s
2026-10-06 05:06:44,843 INFO     league_010 — C10__vs__threshold 8700/10000  C10 wins 90.7%  9.19 matches/s
2026-10-06 05:06:47,894 INFO     league_010 — C20__vs__random 8800/10000  C20 wins 92.9%  12.30 matches/s
2026-10-06 05:06:52,728 INFO     league_010 — M5__vs__bc_init 9800/10000  M5 wins 83.5%  3.75 matches/s
2026-10-06 05:06:55,615 INFO     league_010 — C20__vs__random 8900/10000  C20 wins 92.9%  12.30 matches/s
2026-10-06 05:06:55,837 INFO     league_010 — C10__vs__threshold 8800/10000  C10 wins 90.7%  9.19 matches/s
2026-10-06 05:07:04,321 INFO     league_010 — C20__vs__random 9000/10000  C20 wins 92.9%  12.29 matches/s
2026-10-06 05:07:06,751 INFO     league_010 — C10__vs__threshold 8900/10000  C10 wins 90.7%  9.19 matches/s
2026-10-06 05:07:12,025 INFO     league_010 — C20__vs__random 9100/10000  C20 wins 93.0%  12.30 matches/s
2026-10-06 05:07:17,822 INFO     league_010 — C10__vs__threshold 9000/10000  C10 wins 90.7%  9.19 matches/s
2026-10-06 05:07:19,725 INFO     league_010 — M5__vs__bc_init 9900/10000  M5 wins 83.5%  3.75 matches/s
2026-10-06 05:07:20,049 INFO     league_010 — C20__vs__random 9200/10000  C20 wins 93.0%  12.30 matches/s
2026-10-06 05:07:27,979 INFO     league_010 — C20__vs__random 9300/10000  C20 wins 93.0%  12.31 matches/s
2026-10-06 05:07:28,917 INFO     league_010 — C10__vs__threshold 9100/10000  C10 wins 90.7%  9.19 matches/s
2026-10-06 05:07:36,622 INFO     league_010 — C20__vs__random 9400/10000  C20 wins 93.0%  12.30 matches/s
2026-10-06 05:07:39,878 INFO     league_010 — C10__vs__threshold 9200/10000  C10 wins 90.7%  9.19 matches/s
2026-10-06 05:07:44,589 INFO     league_010 — C20__vs__random 9500/10000  C20 wins 93.0%  12.30 matches/s
2026-10-06 05:07:46,539 INFO     league_010 — M5__vs__bc_init 10000/10000  M5 wins 83.5%  3.75 matches/s
2026-10-06 05:07:46,541 INFO     league_010 — M5__vs__bc_init winners_sha256=e3b2dce826d0b201a3d72ed691e0e7a00eb129be872c9213593ee738eb665292
2026-10-06 05:07:46,599 INFO     league_010 — finished M5__vs__bc_init
2026-10-06 05:07:46,599 INFO     league_010 — finished C10__vs__random
2026-10-06 05:07:50,714 INFO     league_010 — C10__vs__threshold 9300/10000  C10 wins 90.8%  9.19 matches/s
2026-10-06 05:07:52,582 INFO     league_010 — C20__vs__random 9600/10000  C20 wins 93.0%  12.30 matches/s
2026-10-06 05:08:00,187 INFO     league_010 — C20__vs__threshold 100/10000  C20 wins 93.0%  7.39 matches/s
2026-10-06 05:08:00,747 INFO     league_010 — C20__vs__random 9700/10000  C20 wins 93.0%  12.30 matches/s
2026-10-06 05:08:01,509 INFO     league_010 — C10__vs__threshold 9400/10000  C10 wins 90.8%  9.19 matches/s
2026-10-06 05:08:08,472 INFO     league_010 — C20__vs__random 9800/10000  C20 wins 93.0%  12.31 matches/s
2026-10-06 05:08:12,068 INFO     league_010 — C10__vs__threshold 9500/10000  C10 wins 90.8%  9.19 matches/s
2026-10-06 05:08:14,088 INFO     league_010 — C20__vs__threshold 200/10000  C20 wins 89.0%  7.29 matches/s
2026-10-06 05:08:16,781 INFO     league_010 — C20__vs__random 9900/10000  C20 wins 92.9%  12.31 matches/s
2026-10-06 05:08:23,244 INFO     league_010 — C10__vs__threshold 9600/10000  C10 wins 90.8%  9.19 matches/s
2026-10-06 05:08:25,171 INFO     league_010 — C20__vs__random 10000/10000  C20 wins 92.9%  12.30 matches/s
2026-10-06 05:08:25,174 INFO     league_010 — C20__vs__random winners_sha256=a2750b7952a1d68df9bacfdd082a5f9e32d2ed86f3622b7b7f95d982522c58e3
2026-10-06 05:08:28,312 INFO     league_010 — C20__vs__threshold 300/10000  C20 wins 90.3%  7.20 matches/s
2026-10-06 05:08:33,163 INFO     league_010 — C5__vs__random 100/10000  C5 wins 88.0%  12.71 matches/s
2026-10-06 05:08:33,949 INFO     league_010 — C10__vs__threshold 9700/10000  C10 wins 90.7%  9.19 matches/s
2026-10-06 05:08:41,660 INFO     league_010 — C5__vs__random 200/10000  C5 wins 90.0%  12.22 matches/s
2026-10-06 05:08:41,866 INFO     league_010 — C20__vs__threshold 400/10000  C20 wins 89.8%  7.25 matches/s
2026-10-06 05:08:44,768 INFO     league_010 — C10__vs__threshold 9800/10000  C10 wins 90.7%  9.19 matches/s
2026-10-06 05:08:49,799 INFO     league_010 — C5__vs__random 300/10000  C5 wins 92.7%  12.24 matches/s
2026-10-06 05:08:55,455 INFO     league_010 — C10__vs__threshold 9900/10000  C10 wins 90.7%  9.19 matches/s
2026-10-06 05:08:55,955 INFO     league_010 — C20__vs__threshold 500/10000  C20 wins 91.0%  7.22 matches/s
2026-10-06 05:08:58,497 INFO     league_010 — C5__vs__random 400/10000  C5 wins 93.2%  12.05 matches/s
2026-10-06 05:09:06,498 INFO     league_010 — C10__vs__threshold 10000/10000  C10 wins 90.7%  9.19 matches/s
2026-10-06 05:09:06,500 INFO     league_010 — C10__vs__threshold winners_sha256=8b9883e970042cb2f8b1098b39c5f420501bfc86e3069b24c49b9a2863f7faf9
2026-10-06 05:09:06,546 INFO     league_010 — finished C10__vs__threshold
2026-10-06 05:09:06,546 INFO     league_010 — finished C20__vs__random
2026-10-06 05:09:06,772 INFO     league_010 — C5__vs__random 500/10000  C5 wins 92.6%  12.05 matches/s
2026-10-06 05:09:09,810 INFO     league_010 — C20__vs__threshold 600/10000  C20 wins 91.3%  7.22 matches/s
2026-10-06 05:09:15,417 INFO     league_010 — C5__vs__random 600/10000  C5 wins 93.0%  11.97 matches/s
2026-10-06 05:09:17,085 INFO     league_010 — C5__vs__threshold 100/10000  C5 wins 91.0%  9.53 matches/s
2026-10-06 05:09:23,442 INFO     league_010 — C20__vs__threshold 700/10000  C20 wins 90.7%  7.23 matches/s
2026-10-06 05:09:23,686 INFO     league_010 — C5__vs__random 700/10000  C5 wins 93.9%  11.99 matches/s
2026-10-06 05:09:27,744 INFO     league_010 — C5__vs__threshold 200/10000  C5 wins 91.5%  9.45 matches/s
2026-10-06 05:09:32,344 INFO     league_010 — C5__vs__random 800/10000  C5 wins 93.5%  11.93 matches/s
2026-10-06 05:09:37,190 INFO     league_010 — C20__vs__threshold 800/10000  C20 wins 91.1%  7.24 matches/s
2026-10-06 05:09:38,367 INFO     league_010 — C5__vs__threshold 300/10000  C5 wins 91.0%  9.44 matches/s
2026-10-06 05:09:40,566 INFO     league_010 — C5__vs__random 900/10000  C5 wins 94.0%  11.96 matches/s
2026-10-06 05:09:48,792 INFO     league_010 — C5__vs__random 1000/10000  C5 wins 94.0%  11.98 matches/s
2026-10-06 05:09:49,157 INFO     league_010 — C5__vs__threshold 400/10000  C5 wins 91.0%  9.40 matches/s
2026-10-06 05:09:50,810 INFO     league_010 — C20__vs__threshold 900/10000  C20 wins 91.0%  7.25 matches/s
2026-10-06 05:09:57,154 INFO     league_010 — C5__vs__random 1100/10000  C5 wins 94.0%  11.97 matches/s
2026-10-06 05:09:59,696 INFO     league_010 — C5__vs__threshold 500/10000  C5 wins 90.6%  9.42 matches/s
2026-10-06 05:10:04,585 INFO     league_010 — C20__vs__threshold 1000/10000  C20 wins 90.9%  7.25 matches/s
2026-10-06 05:10:05,223 INFO     league_010 — C5__vs__random 1200/10000  C5 wins 94.1%  12.01 matches/s
2026-10-06 05:10:10,469 INFO     league_010 — C5__vs__threshold 600/10000  C5 wins 90.8%  9.39 matches/s
2026-10-06 05:10:13,134 INFO     league_010 — C5__vs__random 1300/10000  C5 wins 94.2%  12.06 matches/s
2026-10-06 05:10:18,114 INFO     league_010 — C20__vs__threshold 1100/10000  C20 wins 90.7%  7.26 matches/s
2026-10-06 05:10:21,109 INFO     league_010 — C5__vs__threshold 700/10000  C5 wins 90.1%  9.39 matches/s
2026-10-06 05:10:21,138 INFO     league_010 — C5__vs__random 1400/10000  C5 wins 94.0%  12.09 matches/s
2026-10-06 05:10:29,352 INFO     league_010 — C5__vs__random 1500/10000  C5 wins 93.9%  12.09 matches/s
2026-10-06 05:10:31,609 INFO     league_010 — C5__vs__threshold 800/10000  C5 wins 89.6%  9.41 matches/s
2026-10-06 05:10:32,075 INFO     league_010 — C20__vs__threshold 1200/10000  C20 wins 90.7%  7.25 matches/s
2026-10-06 05:10:37,502 INFO     league_010 — C5__vs__random 1600/10000  C5 wins 93.9%  12.10 matches/s
2026-10-06 05:10:42,365 INFO     league_010 — C5__vs__threshold 900/10000  C5 wins 89.3%  9.40 matches/s
2026-10-06 05:10:45,632 INFO     league_010 — C5__vs__random 1700/10000  C5 wins 93.6%  12.11 matches/s
2026-10-06 05:10:45,898 INFO     league_010 — C20__vs__threshold 1300/10000  C20 wins 90.5%  7.25 matches/s
2026-10-06 05:10:52,931 INFO     league_010 — C5__vs__threshold 1000/10000  C5 wins 88.8%  9.40 matches/s
2026-10-06 05:10:54,068 INFO     league_010 — C5__vs__random 1800/10000  C5 wins 93.7%  12.10 matches/s
2026-10-06 05:10:59,400 INFO     league_010 — C20__vs__threshold 1400/10000  C20 wins 90.7%  7.26 matches/s
2026-10-06 05:11:02,327 INFO     league_010 — C5__vs__random 1900/10000  C5 wins 93.7%  12.10 matches/s
2026-10-06 05:11:03,642 INFO     league_010 — C5__vs__threshold 1100/10000  C5 wins 88.9%  9.40 matches/s
2026-10-06 05:11:10,528 INFO     league_010 — C5__vs__random 2000/10000  C5 wins 93.7%  12.10 matches/s
2026-10-06 05:11:12,949 INFO     league_010 — C20__vs__threshold 1500/10000  C20 wins 90.5%  7.27 matches/s
2026-10-06 05:11:14,783 INFO     league_010 — C5__vs__threshold 1200/10000  C5 wins 88.9%  9.36 matches/s
2026-10-06 05:11:18,913 INFO     league_010 — C5__vs__random 2100/10000  C5 wins 93.9%  12.10 matches/s
2026-10-06 05:11:25,423 INFO     league_010 — C5__vs__threshold 1300/10000  C5 wins 88.9%  9.36 matches/s
2026-10-06 05:11:26,802 INFO     league_010 — C20__vs__threshold 1600/10000  C20 wins 90.6%  7.27 matches/s
2026-10-06 05:11:26,876 INFO     league_010 — C5__vs__random 2200/10000  C5 wins 93.8%  12.12 matches/s
2026-10-06 05:11:35,371 INFO     league_010 — C5__vs__random 2300/10000  C5 wins 93.8%  12.10 matches/s
2026-10-06 05:11:36,102 INFO     league_010 — C5__vs__threshold 1400/10000  C5 wins 88.9%  9.36 matches/s
2026-10-06 05:11:40,410 INFO     league_010 — C20__vs__threshold 1700/10000  C20 wins 90.5%  7.27 matches/s
2026-10-06 05:11:43,972 INFO     league_010 — C5__vs__random 2400/10000  C5 wins 94.0%  12.08 matches/s
2026-10-06 05:11:46,797 INFO     league_010 — C5__vs__threshold 1500/10000  C5 wins 88.8%  9.36 matches/s
2026-10-06 05:11:52,181 INFO     league_010 — C5__vs__random 2500/10000  C5 wins 94.0%  12.08 matches/s
2026-10-06 05:11:54,156 INFO     league_010 — C20__vs__threshold 1800/10000  C20 wins 90.4%  7.27 matches/s
2026-10-06 05:11:57,237 INFO     league_010 — C5__vs__threshold 1600/10000  C5 wins 88.9%  9.38 matches/s
2026-10-06 05:12:00,655 INFO     league_010 — C5__vs__random 2600/10000  C5 wins 94.0%  12.07 matches/s
2026-10-06 05:12:07,804 INFO     league_010 — C5__vs__threshold 1700/10000  C5 wins 89.0%  9.38 matches/s
2026-10-06 05:12:07,923 INFO     league_010 — C20__vs__threshold 1900/10000  C20 wins 90.6%  7.27 matches/s
2026-10-06 05:12:08,852 INFO     league_010 — C5__vs__random 2700/10000  C5 wins 94.0%  12.08 matches/s
2026-10-06 05:12:17,093 INFO     league_010 — C5__vs__random 2800/10000  C5 wins 94.0%  12.08 matches/s
2026-10-06 05:12:19,193 INFO     league_010 — C5__vs__threshold 1800/10000  C5 wins 88.9%  9.35 matches/s
2026-10-06 05:12:21,907 INFO     league_010 — C20__vs__threshold 2000/10000  C20 wins 90.5%  7.27 matches/s
2026-10-06 05:12:25,287 INFO     league_010 — C5__vs__random 2900/10000  C5 wins 94.1%  12.08 matches/s
2026-10-06 05:12:30,205 INFO     league_010 — C5__vs__threshold 1900/10000  C5 wins 88.9%  9.33 matches/s
2026-10-06 05:12:33,330 INFO     league_010 — C5__vs__random 3000/10000  C5 wins 94.1%  12.10 matches/s
2026-10-06 05:12:35,495 INFO     league_010 — C20__vs__threshold 2100/10000  C20 wins 90.8%  7.27 matches/s
2026-10-06 05:12:40,520 INFO     league_010 — C5__vs__threshold 2000/10000  C5 wins 89.0%  9.35 matches/s
2026-10-06 05:12:41,422 INFO     league_010 — C5__vs__random 3100/10000  C5 wins 94.1%  12.10 matches/s
2026-10-06 05:12:49,005 INFO     league_010 — C20__vs__threshold 2200/10000  C20 wins 90.8%  7.28 matches/s
2026-10-06 05:12:49,549 INFO     league_010 — C5__vs__random 3200/10000  C5 wins 94.1%  12.11 matches/s
2026-10-06 05:12:51,453 INFO     league_010 — C5__vs__threshold 2100/10000  C5 wins 88.9%  9.34 matches/s
2026-10-06 05:12:57,155 INFO     league_010 — C5__vs__random 3300/10000  C5 wins 94.0%  12.14 matches/s
2026-10-06 05:13:01,883 INFO     league_010 — C5__vs__threshold 2200/10000  C5 wins 89.0%  9.35 matches/s
2026-10-06 05:13:02,385 INFO     league_010 — C20__vs__threshold 2300/10000  C20 wins 90.6%  7.28 matches/s
2026-10-06 05:13:05,212 INFO     league_010 — C5__vs__random 3400/10000  C5 wins 94.1%  12.15 matches/s
2026-10-06 05:13:13,142 INFO     league_010 — C5__vs__threshold 2300/10000  C5 wins 88.8%  9.33 matches/s
2026-10-06 05:13:14,159 INFO     league_010 — C5__vs__random 3500/10000  C5 wins 94.1%  12.12 matches/s
2026-10-06 05:13:16,247 INFO     league_010 — C20__vs__threshold 2400/10000  C20 wins 90.5%  7.28 matches/s
2026-10-06 05:13:21,959 INFO     league_010 — C5__vs__random 3600/10000  C5 wins 94.0%  12.13 matches/s
2026-10-06 05:13:23,875 INFO     league_010 — C5__vs__threshold 2400/10000  C5 wins 88.8%  9.33 matches/s
2026-10-06 05:13:30,176 INFO     league_010 — C20__vs__threshold 2500/10000  C20 wins 90.4%  7.28 matches/s
2026-10-06 05:13:30,279 INFO     league_010 — C5__vs__random 3700/10000  C5 wins 93.9%  12.13 matches/s
2026-10-06 05:13:34,410 INFO     league_010 — C5__vs__threshold 2500/10000  C5 wins 88.3%  9.33 matches/s
2026-10-06 05:13:38,637 INFO     league_010 — C5__vs__random 3800/10000  C5 wins 93.9%  12.13 matches/s
2026-10-06 05:13:44,625 INFO     league_010 — C20__vs__threshold 2600/10000  C20 wins 90.6%  7.26 matches/s
2026-10-06 05:13:45,148 INFO     league_010 — C5__vs__threshold 2600/10000  C5 wins 88.2%  9.33 matches/s
2026-10-06 05:13:47,052 INFO     league_010 — C5__vs__random 3900/10000  C5 wins 93.9%  12.12 matches/s
2026-10-06 05:13:55,281 INFO     league_010 — C5__vs__random 4000/10000  C5 wins 93.9%  12.12 matches/s
2026-10-06 05:13:56,154 INFO     league_010 — C5__vs__threshold 2700/10000  C5 wins 88.1%  9.32 matches/s
2026-10-06 05:13:58,572 INFO     league_010 — C20__vs__threshold 2700/10000  C20 wins 90.7%  7.26 matches/s
2026-10-06 05:14:03,434 INFO     league_010 — C5__vs__random 4100/10000  C5 wins 94.0%  12.13 matches/s
2026-10-06 05:14:06,726 INFO     league_010 — C5__vs__threshold 2800/10000  C5 wins 88.1%  9.33 matches/s
2026-10-06 05:14:11,583 INFO     league_010 — C5__vs__random 4200/10000  C5 wins 94.0%  12.13 matches/s
2026-10-06 05:14:12,138 INFO     league_010 — C20__vs__threshold 2800/10000  C20 wins 90.9%  7.26 matches/s
2026-10-06 05:14:17,122 INFO     league_010 — C5__vs__threshold 2900/10000  C5 wins 88.0%  9.34 matches/s
2026-10-06 05:14:20,080 INFO     league_010 — C5__vs__random 4300/10000  C5 wins 93.9%  12.12 matches/s
2026-10-06 05:14:25,762 INFO     league_010 — C20__vs__threshold 2900/10000  C20 wins 90.8%  7.27 matches/s
2026-10-06 05:14:27,849 INFO     league_010 — C5__vs__threshold 3000/10000  C5 wins 87.9%  9.34 matches/s
2026-10-06 05:14:28,381 INFO     league_010 — C5__vs__random 4400/10000  C5 wins 93.9%  12.12 matches/s
2026-10-06 05:14:36,615 INFO     league_010 — C5__vs__random 4500/10000  C5 wins 93.9%  12.12 matches/s
2026-10-06 05:14:38,687 INFO     league_010 — C5__vs__threshold 3100/10000  C5 wins 87.9%  9.33 matches/s
2026-10-06 05:14:39,367 INFO     league_010 — C20__vs__threshold 3000/10000  C20 wins 90.9%  7.27 matches/s
2026-10-06 05:14:44,810 INFO     league_010 — C5__vs__random 4600/10000  C5 wins 94.0%  12.12 matches/s
2026-10-06 05:14:49,073 INFO     league_010 — C5__vs__threshold 3200/10000  C5 wins 88.0%  9.34 matches/s
2026-10-06 05:14:52,917 INFO     league_010 — C20__vs__threshold 3100/10000  C20 wins 90.9%  7.27 matches/s
2026-10-06 05:14:52,923 INFO     league_010 — C5__vs__random 4700/10000  C5 wins 94.0%  12.13 matches/s
2026-10-06 05:14:59,657 INFO     league_010 — C5__vs__threshold 3300/10000  C5 wins 87.8%  9.35 matches/s
2026-10-06 05:15:01,236 INFO     league_010 — C5__vs__random 4800/10000  C5 wins 94.0%  12.12 matches/s
2026-10-06 05:15:06,777 INFO     league_010 — C20__vs__threshold 3200/10000  C20 wins 90.9%  7.27 matches/s
2026-10-06 05:15:09,590 INFO     league_010 — C5__vs__random 4900/10000  C5 wins 94.0%  12.12 matches/s
2026-10-06 05:15:10,303 INFO     league_010 — C5__vs__threshold 3400/10000  C5 wins 87.9%  9.35 matches/s
2026-10-06 05:15:17,400 INFO     league_010 — C5__vs__random 5000/10000  C5 wins 94.1%  12.13 matches/s
2026-10-06 05:15:20,270 INFO     league_010 — C20__vs__threshold 3300/10000  C20 wins 90.8%  7.28 matches/s
2026-10-06 05:15:21,228 INFO     league_010 — C5__vs__threshold 3500/10000  C5 wins 87.9%  9.34 matches/s
2026-10-06 05:15:25,328 INFO     league_010 — C5__vs__random 5100/10000  C5 wins 94.1%  12.14 matches/s
2026-10-06 05:15:32,022 INFO     league_010 — C5__vs__threshold 3600/10000  C5 wins 87.8%  9.34 matches/s
2026-10-06 05:15:33,279 INFO     league_010 — C5__vs__random 5200/10000  C5 wins 94.2%  12.15 matches/s
2026-10-06 05:15:34,365 INFO     league_010 — C20__vs__threshold 3400/10000  C20 wins 90.7%  7.27 matches/s
2026-10-06 05:15:41,388 INFO     league_010 — C5__vs__random 5300/10000  C5 wins 94.2%  12.15 matches/s
2026-10-06 05:15:42,689 INFO     league_010 — C5__vs__threshold 3700/10000  C5 wins 88.0%  9.34 matches/s
2026-10-06 05:15:47,938 INFO     league_010 — C20__vs__threshold 3500/10000  C20 wins 90.7%  7.27 matches/s
2026-10-06 05:15:49,617 INFO     league_010 — C5__vs__random 5400/10000  C5 wins 94.1%  12.15 matches/s
2026-10-06 05:15:53,328 INFO     league_010 — C5__vs__threshold 3800/10000  C5 wins 88.1%  9.34 matches/s
2026-10-06 05:15:57,996 INFO     league_010 — C5__vs__random 5500/10000  C5 wins 94.1%  12.15 matches/s
2026-10-06 05:16:01,710 INFO     league_010 — C20__vs__threshold 3600/10000  C20 wins 90.8%  7.27 matches/s
2026-10-06 05:16:03,982 INFO     league_010 — C5__vs__threshold 3900/10000  C5 wins 88.2%  9.34 matches/s
2026-10-06 05:16:06,252 INFO     league_010 — C5__vs__random 5600/10000  C5 wins 94.1%  12.15 matches/s
2026-10-06 05:16:14,183 INFO     league_010 — C5__vs__random 5700/10000  C5 wins 94.1%  12.16 matches/s
2026-10-06 05:16:14,557 INFO     league_010 — C5__vs__threshold 4000/10000  C5 wins 88.1%  9.35 matches/s
2026-10-06 05:16:15,632 INFO     league_010 — C20__vs__threshold 3700/10000  C20 wins 90.9%  7.27 matches/s
2026-10-06 05:16:22,446 INFO     league_010 — C5__vs__random 5800/10000  C5 wins 94.1%  12.16 matches/s
2026-10-06 05:16:25,608 INFO     league_010 — C5__vs__threshold 4100/10000  C5 wins 88.1%  9.34 matches/s
2026-10-06 05:16:29,177 INFO     league_010 — C20__vs__threshold 3800/10000  C20 wins 90.8%  7.27 matches/s
2026-10-06 05:16:30,588 INFO     league_010 — C5__vs__random 5900/10000  C5 wins 94.1%  12.16 matches/s
2026-10-06 05:16:36,587 INFO     league_010 — C5__vs__threshold 4200/10000  C5 wins 87.9%  9.33 matches/s
2026-10-06 05:16:38,652 INFO     league_010 — C5__vs__random 6000/10000  C5 wins 94.2%  12.16 matches/s
2026-10-06 05:16:42,629 INFO     league_010 — C20__vs__threshold 3900/10000  C20 wins 90.8%  7.28 matches/s
2026-10-06 05:16:46,542 INFO     league_010 — C5__vs__random 6100/10000  C5 wins 94.1%  12.17 matches/s
2026-10-06 05:16:47,362 INFO     league_010 — C5__vs__threshold 4300/10000  C5 wins 87.7%  9.33 matches/s
2026-10-06 05:16:54,746 INFO     league_010 — C5__vs__random 6200/10000  C5 wins 94.1%  12.17 matches/s
2026-10-06 05:16:56,786 INFO     league_010 — C20__vs__threshold 4000/10000  C20 wins 90.8%  7.27 matches/s
2026-10-06 05:16:58,389 INFO     league_010 — C5__vs__threshold 4400/10000  C5 wins 87.7%  9.33 matches/s
2026-10-06 05:17:02,674 INFO     league_010 — C5__vs__random 6300/10000  C5 wins 94.1%  12.18 matches/s
2026-10-06 05:17:08,981 INFO     league_010 — C5__vs__threshold 4500/10000  C5 wins 87.8%  9.33 matches/s
2026-10-06 05:17:10,883 INFO     league_010 — C20__vs__threshold 4100/10000  C20 wins 90.7%  7.27 matches/s
2026-10-06 05:17:11,199 INFO     league_010 — C5__vs__random 6400/10000  C5 wins 94.2%  12.17 matches/s
2026-10-06 05:17:19,404 INFO     league_010 — C5__vs__random 6500/10000  C5 wins 94.2%  12.17 matches/s
2026-10-06 05:17:19,767 INFO     league_010 — C5__vs__threshold 4600/10000  C5 wins 87.8%  9.33 matches/s
2026-10-06 05:17:24,337 INFO     league_010 — C20__vs__threshold 4200/10000  C20 wins 90.8%  7.27 matches/s
2026-10-06 05:17:27,128 INFO     league_010 — C5__vs__random 6600/10000  C5 wins 94.2%  12.18 matches/s
2026-10-06 05:17:30,183 INFO     league_010 — C5__vs__threshold 4700/10000  C5 wins 87.7%  9.33 matches/s
2026-10-06 05:17:35,135 INFO     league_010 — C5__vs__random 6700/10000  C5 wins 94.2%  12.19 matches/s
2026-10-06 05:17:37,909 INFO     league_010 — C20__vs__threshold 4300/10000  C20 wins 90.7%  7.27 matches/s
2026-10-06 05:17:41,103 INFO     league_010 — C5__vs__threshold 4800/10000  C5 wins 87.6%  9.33 matches/s
2026-10-06 05:17:43,660 INFO     league_010 — C5__vs__random 6800/10000  C5 wins 94.2%  12.18 matches/s
2026-10-06 05:17:51,371 INFO     league_010 — C5__vs__random 6900/10000  C5 wins 94.1%  12.19 matches/s
2026-10-06 05:17:51,915 INFO     league_010 — C20__vs__threshold 4400/10000  C20 wins 90.6%  7.27 matches/s
2026-10-06 05:17:52,020 INFO     league_010 — C5__vs__threshold 4900/10000  C5 wins 87.7%  9.33 matches/s
2026-10-06 05:17:59,407 INFO     league_010 — C5__vs__random 7000/10000  C5 wins 94.2%  12.19 matches/s
2026-10-06 05:18:02,457 INFO     league_010 — C5__vs__threshold 5000/10000  C5 wins 87.6%  9.33 matches/s
2026-10-06 05:18:05,550 INFO     league_010 — C20__vs__threshold 4500/10000  C20 wins 90.7%  7.27 matches/s
2026-10-06 05:18:07,428 INFO     league_010 — C5__vs__random 7100/10000  C5 wins 94.2%  12.20 matches/s
2026-10-06 05:18:13,134 INFO     league_010 — C5__vs__threshold 5100/10000  C5 wins 87.6%  9.33 matches/s
2026-10-06 05:18:15,386 INFO     league_010 — C5__vs__random 7200/10000  C5 wins 94.2%  12.20 matches/s
2026-10-06 05:18:19,698 INFO     league_010 — C20__vs__threshold 4600/10000  C20 wins 90.7%  7.27 matches/s
2026-10-06 05:18:23,619 INFO     league_010 — C5__vs__threshold 5200/10000  C5 wins 87.6%  9.34 matches/s
2026-10-06 05:18:23,826 INFO     league_010 — C5__vs__random 7300/10000  C5 wins 94.2%  12.20 matches/s
2026-10-06 05:18:31,872 INFO     league_010 — C5__vs__random 7400/10000  C5 wins 94.1%  12.20 matches/s
2026-10-06 05:18:33,264 INFO     league_010 — C20__vs__threshold 4700/10000  C20 wins 90.6%  7.27 matches/s
2026-10-06 05:18:34,348 INFO     league_010 — C5__vs__threshold 5300/10000  C5 wins 87.7%  9.33 matches/s
2026-10-06 05:18:40,059 INFO     league_010 — C5__vs__random 7500/10000  C5 wins 94.1%  12.20 matches/s
2026-10-06 05:18:44,918 INFO     league_010 — C5__vs__threshold 5400/10000  C5 wins 87.7%  9.34 matches/s
2026-10-06 05:18:46,995 INFO     league_010 — C20__vs__threshold 4800/10000  C20 wins 90.6%  7.27 matches/s
2026-10-06 05:18:48,234 INFO     league_010 — C5__vs__random 7600/10000  C5 wins 94.0%  12.20 matches/s
2026-10-06 05:18:55,468 INFO     league_010 — C5__vs__threshold 5500/10000  C5 wins 87.8%  9.34 matches/s
2026-10-06 05:18:56,961 INFO     league_010 — C5__vs__random 7700/10000  C5 wins 94.0%  12.19 matches/s
2026-10-06 05:19:00,979 INFO     league_010 — C20__vs__threshold 4900/10000  C20 wins 90.6%  7.27 matches/s
2026-10-06 05:19:05,089 INFO     league_010 — C5__vs__random 7800/10000  C5 wins 94.0%  12.19 matches/s
2026-10-06 05:19:06,312 INFO     league_010 — C5__vs__threshold 5600/10000  C5 wins 87.9%  9.34 matches/s
2026-10-06 05:19:13,710 INFO     league_010 — C5__vs__random 7900/10000  C5 wins 94.0%  12.18 matches/s
2026-10-06 05:19:14,860 INFO     league_010 — C20__vs__threshold 5000/10000  C20 wins 90.6%  7.27 matches/s
2026-10-06 05:19:16,882 INFO     league_010 — C5__vs__threshold 5700/10000  C5 wins 87.9%  9.34 matches/s
2026-10-06 05:19:21,858 INFO     league_010 — C5__vs__random 8000/10000  C5 wins 94.0%  12.18 matches/s
2026-10-06 05:19:27,543 INFO     league_010 — C5__vs__threshold 5800/10000  C5 wins 87.8%  9.34 matches/s
2026-10-06 05:19:28,780 INFO     league_010 — C20__vs__threshold 5100/10000  C20 wins 90.6%  7.26 matches/s
2026-10-06 05:19:30,466 INFO     league_010 — C5__vs__random 8100/10000  C5 wins 94.0%  12.18 matches/s
2026-10-06 05:19:38,520 INFO     league_010 — C5__vs__threshold 5900/10000  C5 wins 87.8%  9.34 matches/s
2026-10-06 05:19:38,958 INFO     league_010 — C5__vs__random 8200/10000  C5 wins 94.1%  12.17 matches/s
2026-10-06 05:19:42,423 INFO     league_010 — C20__vs__threshold 5200/10000  C20 wins 90.7%  7.27 matches/s
2026-10-06 05:19:47,547 INFO     league_010 — C5__vs__random 8300/10000  C5 wins 94.1%  12.17 matches/s
2026-10-06 05:19:49,166 INFO     league_010 — C5__vs__threshold 6000/10000  C5 wins 87.7%  9.34 matches/s
2026-10-06 05:19:56,006 INFO     league_010 — C5__vs__random 8400/10000  C5 wins 94.1%  12.16 matches/s
2026-10-06 05:19:56,388 INFO     league_010 — C20__vs__threshold 5300/10000  C20 wins 90.7%  7.26 matches/s
2026-10-06 05:19:59,890 INFO     league_010 — C5__vs__threshold 6100/10000  C5 wins 87.8%  9.34 matches/s
2026-10-06 05:20:04,777 INFO     league_010 — C5__vs__random 8500/10000  C5 wins 94.1%  12.15 matches/s
2026-10-06 05:20:10,096 INFO     league_010 — C20__vs__threshold 5400/10000  C20 wins 90.6%  7.26 matches/s
2026-10-06 05:20:10,699 INFO     league_010 — C5__vs__threshold 6200/10000  C5 wins 87.8%  9.34 matches/s
2026-10-06 05:20:13,171 INFO     league_010 — C5__vs__random 8600/10000  C5 wins 94.2%  12.15 matches/s
2026-10-06 05:20:21,474 INFO     league_010 — C5__vs__random 8700/10000  C5 wins 94.2%  12.15 matches/s
2026-10-06 05:20:21,481 INFO     league_010 — C5__vs__threshold 6300/10000  C5 wins 87.9%  9.33 matches/s
2026-10-06 05:20:24,204 INFO     league_010 — C20__vs__threshold 5500/10000  C20 wins 90.6%  7.26 matches/s
2026-10-06 05:20:29,645 INFO     league_010 — C5__vs__random 8800/10000  C5 wins 94.2%  12.15 matches/s
2026-10-06 05:20:32,005 INFO     league_010 — C5__vs__threshold 6400/10000  C5 wins 88.0%  9.34 matches/s
2026-10-06 05:20:37,993 INFO     league_010 — C20__vs__threshold 5600/10000  C20 wins 90.6%  7.26 matches/s
2026-10-06 05:20:38,021 INFO     league_010 — C5__vs__random 8900/10000  C5 wins 94.1%  12.15 matches/s
2026-10-06 05:20:42,871 INFO     league_010 — C5__vs__threshold 6500/10000  C5 wins 88.1%  9.34 matches/s
2026-10-06 05:20:46,511 INFO     league_010 — C5__vs__random 9000/10000  C5 wins 94.1%  12.14 matches/s
2026-10-06 05:20:51,866 INFO     league_010 — C20__vs__threshold 5700/10000  C20 wins 90.5%  7.26 matches/s
2026-10-06 05:20:53,491 INFO     league_010 — C5__vs__threshold 6600/10000  C5 wins 88.2%  9.34 matches/s
2026-10-06 05:20:54,779 INFO     league_010 — C5__vs__random 9100/10000  C5 wins 94.1%  12.14 matches/s
2026-10-06 05:21:03,293 INFO     league_010 — C5__vs__random 9200/10000  C5 wins 94.0%  12.14 matches/s
2026-10-06 05:21:04,437 INFO     league_010 — C5__vs__threshold 6700/10000  C5 wins 88.1%  9.33 matches/s
2026-10-06 05:21:05,605 INFO     league_010 — C20__vs__threshold 5800/10000  C20 wins 90.5%  7.26 matches/s
2026-10-06 05:21:11,595 INFO     league_010 — C5__vs__random 9300/10000  C5 wins 94.1%  12.14 matches/s
2026-10-06 05:21:15,182 INFO     league_010 — C5__vs__threshold 6800/10000  C5 wins 88.1%  9.33 matches/s
2026-10-06 05:21:19,355 INFO     league_010 — C20__vs__threshold 5900/10000  C20 wins 90.5%  7.26 matches/s
2026-10-06 05:21:20,009 INFO     league_010 — C5__vs__random 9400/10000  C5 wins 94.0%  12.13 matches/s
2026-10-06 05:21:25,844 INFO     league_010 — C5__vs__threshold 6900/10000  C5 wins 88.1%  9.33 matches/s
2026-10-06 05:21:28,183 INFO     league_010 — C5__vs__random 9500/10000  C5 wins 94.1%  12.13 matches/s
2026-10-06 05:21:33,459 INFO     league_010 — C20__vs__threshold 6000/10000  C20 wins 90.5%  7.26 matches/s
2026-10-06 05:21:36,465 INFO     league_010 — C5__vs__threshold 7000/10000  C5 wins 88.2%  9.33 matches/s
2026-10-06 05:21:36,746 INFO     league_010 — C5__vs__random 9600/10000  C5 wins 94.1%  12.13 matches/s
2026-10-06 05:21:44,809 INFO     league_010 — C5__vs__random 9700/10000  C5 wins 94.0%  12.13 matches/s
2026-10-06 05:21:46,910 INFO     league_010 — C20__vs__threshold 6100/10000  C20 wins 90.4%  7.26 matches/s
2026-10-06 05:21:47,206 INFO     league_010 — C5__vs__threshold 7100/10000  C5 wins 88.1%  9.33 matches/s
2026-10-06 05:21:52,704 INFO     league_010 — C5__vs__random 9800/10000  C5 wins 94.1%  12.14 matches/s
2026-10-06 05:21:57,938 INFO     league_010 — C5__vs__threshold 7200/10000  C5 wins 88.2%  9.33 matches/s
2026-10-06 05:22:00,656 INFO     league_010 — C5__vs__random 9900/10000  C5 wins 94.1%  12.14 matches/s
2026-10-06 05:22:01,184 INFO     league_010 — C20__vs__threshold 6200/10000  C20 wins 90.4%  7.26 matches/s
2026-10-06 05:22:08,609 INFO     league_010 — C5__vs__threshold 7300/10000  C5 wins 88.1%  9.33 matches/s
2026-10-06 05:22:08,906 INFO     league_010 — C5__vs__random 10000/10000  C5 wins 94.1%  12.14 matches/s
2026-10-06 05:22:08,909 INFO     league_010 — C5__vs__random winners_sha256=46a2750cbd12ed87d1b7f5df4ff9df12f351118bcfad4280b7ea4e48cc684905
2026-10-06 05:22:14,553 INFO     league_010 — C20__vs__threshold 6300/10000  C20 wins 90.4%  7.26 matches/s
2026-10-06 05:22:15,957 INFO     league_010 — M10__vs__random 100/10000  M10 wins 87.0%  14.44 matches/s
2026-10-06 05:22:19,422 INFO     league_010 — C5__vs__threshold 7400/10000  C5 wins 88.1%  9.33 matches/s
2026-10-06 05:22:22,917 INFO     league_010 — M10__vs__random 200/10000  M10 wins 86.0%  14.40 matches/s
2026-10-06 05:22:28,108 INFO     league_010 — C20__vs__threshold 6400/10000  C20 wins 90.5%  7.26 matches/s
2026-10-06 05:22:29,832 INFO     league_010 — M10__vs__random 300/10000  M10 wins 86.7%  14.42 matches/s
2026-10-06 05:22:30,255 INFO     league_010 — C5__vs__threshold 7500/10000  C5 wins 88.1%  9.33 matches/s
2026-10-06 05:22:36,558 INFO     league_010 — M10__vs__random 400/10000  M10 wins 86.8%  14.53 matches/s
2026-10-06 05:22:40,992 INFO     league_010 — C5__vs__threshold 7600/10000  C5 wins 88.1%  9.33 matches/s
2026-10-06 05:22:41,476 INFO     league_010 — C20__vs__threshold 6500/10000  C20 wins 90.5%  7.26 matches/s
2026-10-06 05:22:43,719 INFO     league_010 — M10__vs__random 500/10000  M10 wins 87.4%  14.41 matches/s
2026-10-06 05:22:50,474 INFO     league_010 — M10__vs__random 600/10000  M10 wins 87.3%  14.48 matches/s
2026-10-06 05:22:51,619 INFO     league_010 — C5__vs__threshold 7700/10000  C5 wins 88.1%  9.33 matches/s
2026-10-06 05:22:55,139 INFO     league_010 — C20__vs__threshold 6600/10000  C20 wins 90.4%  7.26 matches/s
2026-10-06 05:22:57,448 INFO     league_010 — M10__vs__random 700/10000  M10 wins 86.7%  14.46 matches/s
2026-10-06 05:23:01,937 INFO     league_010 — C5__vs__threshold 7800/10000  C5 wins 88.1%  9.34 matches/s
2026-10-06 05:23:04,656 INFO     league_010 — M10__vs__random 800/10000  M10 wins 87.2%  14.38 matches/s
2026-10-06 05:23:08,896 INFO     league_010 — C20__vs__threshold 6700/10000  C20 wins 90.5%  7.26 matches/s
2026-10-06 05:23:11,879 INFO     league_010 — M10__vs__random 900/10000  M10 wins 87.4%  14.32 matches/s
2026-10-06 05:23:12,623 INFO     league_010 — C5__vs__threshold 7900/10000  C5 wins 88.1%  9.34 matches/s
2026-10-06 05:23:18,462 INFO     league_010 — M10__vs__random 1000/10000  M10 wins 87.2%  14.40 matches/s
2026-10-06 05:23:22,225 INFO     league_010 — C20__vs__threshold 6800/10000  C20 wins 90.5%  7.27 matches/s
2026-10-06 05:23:23,517 INFO     league_010 — C5__vs__threshold 8000/10000  C5 wins 88.0%  9.34 matches/s
2026-10-06 05:23:25,353 INFO     league_010 — M10__vs__random 1100/10000  M10 wins 87.0%  14.41 matches/s
2026-10-06 05:23:32,511 INFO     league_010 — M10__vs__random 1200/10000  M10 wins 87.2%  14.37 matches/s
2026-10-06 05:23:34,078 INFO     league_010 — C5__vs__threshold 8100/10000  C5 wins 88.1%  9.34 matches/s
2026-10-06 05:23:36,103 INFO     league_010 — C20__vs__threshold 6900/10000  C20 wins 90.4%  7.27 matches/s
2026-10-06 05:23:40,438 INFO     league_010 — M10__vs__random 1300/10000  M10 wins 86.8%  14.22 matches/s
2026-10-06 05:23:44,992 INFO     league_010 — C5__vs__threshold 8200/10000  C5 wins 88.1%  9.34 matches/s
2026-10-06 05:23:47,568 INFO     league_010 — M10__vs__random 1400/10000  M10 wins 86.7%  14.21 matches/s
2026-10-06 05:23:49,742 INFO     league_010 — C20__vs__threshold 7000/10000  C20 wins 90.4%  7.27 matches/s
2026-10-06 05:23:54,727 INFO     league_010 — M10__vs__random 1500/10000  M10 wins 87.0%  14.19 matches/s
2026-10-06 05:23:55,586 INFO     league_010 — C5__vs__threshold 8300/10000  C5 wins 88.1%  9.34 matches/s
2026-10-06 05:24:02,304 INFO     league_010 — M10__vs__random 1600/10000  M10 wins 87.2%  14.13 matches/s
2026-10-06 05:24:03,517 INFO     league_010 — C20__vs__threshold 7100/10000  C20 wins 90.5%  7.27 matches/s
2026-10-06 05:24:06,435 INFO     league_010 — C5__vs__threshold 8400/10000  C5 wins 88.1%  9.33 matches/s
2026-10-06 05:24:09,125 INFO     league_010 — M10__vs__random 1700/10000  M10 wins 87.4%  14.16 matches/s
2026-10-06 05:24:16,131 INFO     league_010 — M10__vs__random 1800/10000  M10 wins 87.3%  14.16 matches/s
2026-10-06 05:24:17,214 INFO     league_010 — C5__vs__threshold 8500/10000  C5 wins 88.0%  9.33 matches/s
2026-10-06 05:24:17,397 INFO     league_010 — C20__vs__threshold 7200/10000  C20 wins 90.4%  7.27 matches/s
2026-10-06 05:24:22,865 INFO     league_010 — M10__vs__random 1900/10000  M10 wins 87.6%  14.20 matches/s
2026-10-06 05:24:27,672 INFO     league_010 — C5__vs__threshold 8600/10000  C5 wins 88.1%  9.34 matches/s
2026-10-06 05:24:30,209 INFO     league_010 — M10__vs__random 2000/10000  M10 wins 87.4%  14.17 matches/s
2026-10-06 05:24:30,903 INFO     league_010 — C20__vs__threshold 7300/10000  C20 wins 90.5%  7.27 matches/s
2026-10-06 05:24:37,393 INFO     league_010 — M10__vs__random 2100/10000  M10 wins 87.6%  14.15 matches/s
2026-10-06 05:24:38,269 INFO     league_010 — C5__vs__threshold 8700/10000  C5 wins 88.1%  9.34 matches/s
2026-10-06 05:24:43,938 INFO     league_010 — M10__vs__random 2200/10000  M10 wins 87.6%  14.20 matches/s
2026-10-06 05:24:44,562 INFO     league_010 — C20__vs__threshold 7400/10000  C20 wins 90.5%  7.27 matches/s
2026-10-06 05:24:48,934 INFO     league_010 — C5__vs__threshold 8800/10000  C5 wins 88.1%  9.34 matches/s
2026-10-06 05:24:51,098 INFO     league_010 — M10__vs__random 2300/10000  M10 wins 87.7%  14.19 matches/s
2026-10-06 05:24:57,597 INFO     league_010 — M10__vs__random 2400/10000  M10 wins 87.8%  14.24 matches/s
2026-10-06 05:24:58,492 INFO     league_010 — C20__vs__threshold 7500/10000  C20 wins 90.4%  7.27 matches/s
2026-10-06 05:24:59,566 INFO     league_010 — C5__vs__threshold 8900/10000  C5 wins 88.1%  9.34 matches/s
2026-10-06 05:25:04,475 INFO     league_010 — M10__vs__random 2500/10000  M10 wins 87.8%  14.25 matches/s
2026-10-06 05:25:10,093 INFO     league_010 — C5__vs__threshold 9000/10000  C5 wins 88.1%  9.34 matches/s
2026-10-06 05:25:11,535 INFO     league_010 — M10__vs__random 2600/10000  M10 wins 87.7%  14.25 matches/s
2026-10-06 05:25:12,518 INFO     league_010 — C20__vs__threshold 7600/10000  C20 wins 90.4%  7.27 matches/s
2026-10-06 05:25:18,616 INFO     league_010 — M10__vs__random 2700/10000  M10 wins 87.6%  14.24 matches/s
2026-10-06 05:25:20,435 INFO     league_010 — C5__vs__threshold 9100/10000  C5 wins 88.1%  9.34 matches/s
2026-10-06 05:25:25,404 INFO     league_010 — M10__vs__random 2800/10000  M10 wins 87.6%  14.26 matches/s
2026-10-06 05:25:26,266 INFO     league_010 — C20__vs__threshold 7700/10000  C20 wins 90.5%  7.27 matches/s
2026-10-06 05:25:30,898 INFO     league_010 — C5__vs__threshold 9200/10000  C5 wins 88.1%  9.35 matches/s
2026-10-06 05:25:32,528 INFO     league_010 — M10__vs__random 2900/10000  M10 wins 87.6%  14.25 matches/s
2026-10-06 05:25:39,191 INFO     league_010 — M10__vs__random 3000/10000  M10 wins 87.7%  14.27 matches/s
2026-10-06 05:25:39,858 INFO     league_010 — C20__vs__threshold 7800/10000  C20 wins 90.4%  7.27 matches/s
2026-10-06 05:25:41,579 INFO     league_010 — C5__vs__threshold 9300/10000  C5 wins 88.2%  9.35 matches/s
2026-10-06 05:25:46,641 INFO     league_010 — M10__vs__random 3100/10000  M10 wins 87.9%  14.25 matches/s
2026-10-06 05:25:52,104 INFO     league_010 — C5__vs__threshold 9400/10000  C5 wins 88.2%  9.35 matches/s
2026-10-06 05:25:53,194 INFO     league_010 — M10__vs__random 3200/10000  M10 wins 87.8%  14.28 matches/s
2026-10-06 05:25:54,060 INFO     league_010 — C20__vs__threshold 7900/10000  C20 wins 90.4%  7.27 matches/s
2026-10-06 05:26:00,302 INFO     league_010 — M10__vs__random 3300/10000  M10 wins 87.9%  14.27 matches/s
2026-10-06 05:26:02,834 INFO     league_010 — C5__vs__threshold 9500/10000  C5 wins 88.2%  9.35 matches/s
2026-10-06 05:26:07,162 INFO     league_010 — M10__vs__random 3400/10000  M10 wins 87.9%  14.28 matches/s
2026-10-06 05:26:07,508 INFO     league_010 — C20__vs__threshold 8000/10000  C20 wins 90.4%  7.27 matches/s
2026-10-06 05:26:13,282 INFO     league_010 — C5__vs__threshold 9600/10000  C5 wins 88.2%  9.35 matches/s
2026-10-06 05:26:13,650 INFO     league_010 — M10__vs__random 3500/10000  M10 wins 87.9%  14.31 matches/s
2026-10-06 05:26:20,578 INFO     league_010 — M10__vs__random 3600/10000  M10 wins 88.1%  14.31 matches/s
2026-10-06 05:26:21,044 INFO     league_010 — C20__vs__threshold 8100/10000  C20 wins 90.5%  7.27 matches/s
2026-10-06 05:26:23,855 INFO     league_010 — C5__vs__threshold 9700/10000  C5 wins 88.2%  9.35 matches/s
2026-10-06 05:26:27,558 INFO     league_010 — M10__vs__random 3700/10000  M10 wins 88.1%  14.31 matches/s
2026-10-06 05:26:34,309 INFO     league_010 — C20__vs__threshold 8200/10000  C20 wins 90.4%  7.27 matches/s
2026-10-06 05:26:34,700 INFO     league_010 — M10__vs__random 3800/10000  M10 wins 88.1%  14.30 matches/s
2026-10-06 05:26:34,811 INFO     league_010 — C5__vs__threshold 9800/10000  C5 wins 88.2%  9.35 matches/s
2026-10-06 05:26:41,769 INFO     league_010 — M10__vs__random 3900/10000  M10 wins 88.1%  14.30 matches/s
2026-10-06 05:26:45,275 INFO     league_010 — C5__vs__threshold 9900/10000  C5 wins 88.3%  9.35 matches/s
2026-10-06 05:26:47,585 INFO     league_010 — C20__vs__threshold 8300/10000  C20 wins 90.4%  7.27 matches/s
2026-10-06 05:26:48,792 INFO     league_010 — M10__vs__random 4000/10000  M10 wins 88.1%  14.30 matches/s
2026-10-06 05:26:55,462 INFO     league_010 — M10__vs__random 4100/10000  M10 wins 88.0%  14.31 matches/s
2026-10-06 05:26:55,828 INFO     league_010 — C5__vs__threshold 10000/10000  C5 wins 88.3%  9.35 matches/s
2026-10-06 05:26:55,830 INFO     league_010 — C5__vs__threshold winners_sha256=010bd72f422cbbc8d1a59ccd5458ae242b42d4cbd360603811c3db7e5b15cc7c
2026-10-06 05:27:00,782 INFO     league_010 — C20__vs__threshold 8400/10000  C20 wins 90.5%  7.28 matches/s
2026-10-06 05:27:02,301 INFO     league_010 — M10__vs__random 4200/10000  M10 wins 87.9%  14.32 matches/s
2026-10-06 05:27:06,334 INFO     league_010 — M10__vs__threshold 100/10000  M10 wins 91.0%  9.60 matches/s
2026-10-06 05:27:09,112 INFO     league_010 — M10__vs__random 4300/10000  M10 wins 87.9%  14.33 matches/s
2026-10-06 05:27:14,556 INFO     league_010 — C20__vs__threshold 8500/10000  C20 wins 90.5%  7.28 matches/s
2026-10-06 05:27:16,187 INFO     league_010 — M10__vs__random 4400/10000  M10 wins 87.7%  14.33 matches/s
2026-10-06 05:27:16,835 INFO     league_010 — M10__vs__threshold 200/10000  M10 wins 90.5%  9.56 matches/s
2026-10-06 05:27:23,260 INFO     league_010 — M10__vs__random 4500/10000  M10 wins 87.8%  14.32 matches/s
2026-10-06 05:27:27,069 INFO     league_010 — M10__vs__threshold 300/10000  M10 wins 90.7%  9.63 matches/s
2026-10-06 05:27:28,170 INFO     league_010 — C20__vs__threshold 8600/10000  C20 wins 90.5%  7.28 matches/s
2026-10-06 05:27:30,485 INFO     league_010 — M10__vs__random 4600/10000  M10 wins 87.7%  14.31 matches/s
2026-10-06 05:27:37,613 INFO     league_010 — M10__vs__threshold 400/10000  M10 wins 90.0%  9.59 matches/s
2026-10-06 05:27:37,708 INFO     league_010 — M10__vs__random 4700/10000  M10 wins 87.8%  14.30 matches/s
2026-10-06 05:27:41,618 INFO     league_010 — C20__vs__threshold 8700/10000  C20 wins 90.5%  7.28 matches/s
2026-10-06 05:27:45,320 INFO     league_010 — M10__vs__random 4800/10000  M10 wins 87.8%  14.27 matches/s
2026-10-06 05:27:47,677 INFO     league_010 — M10__vs__threshold 500/10000  M10 wins 91.4%  9.66 matches/s
2026-10-06 05:27:52,164 INFO     league_010 — M10__vs__random 4900/10000  M10 wins 87.8%  14.28 matches/s
2026-10-06 05:27:55,514 INFO     league_010 — C20__vs__threshold 8800/10000  C20 wins 90.5%  7.28 matches/s
2026-10-06 05:27:57,892 INFO     league_010 — M10__vs__threshold 600/10000  M10 wins 91.3%  9.68 matches/s
2026-10-06 05:27:58,656 INFO     league_010 — M10__vs__random 5000/10000  M10 wins 87.7%  14.30 matches/s
2026-10-06 05:28:05,515 INFO     league_010 — M10__vs__random 5100/10000  M10 wins 87.7%  14.31 matches/s
2026-10-06 05:28:08,283 INFO     league_010 — M10__vs__threshold 700/10000  M10 wins 90.3%  9.67 matches/s
2026-10-06 05:28:08,814 INFO     league_010 — C20__vs__threshold 8900/10000  C20 wins 90.5%  7.28 matches/s
2026-10-06 05:28:13,065 INFO     league_010 — M10__vs__random 5200/10000  M10 wins 87.6%  14.28 matches/s
2026-10-06 05:28:18,627 INFO     league_010 — M10__vs__threshold 800/10000  M10 wins 90.5%  9.67 matches/s
2026-10-06 05:28:19,985 INFO     league_010 — M10__vs__random 5300/10000  M10 wins 87.7%  14.29 matches/s
2026-10-06 05:28:22,098 INFO     league_010 — C20__vs__threshold 9000/10000  C20 wins 90.6%  7.28 matches/s
2026-10-06 05:28:27,393 INFO     league_010 — M10__vs__random 5400/10000  M10 wins 87.7%  14.27 matches/s
2026-10-06 05:28:28,942 INFO     league_010 — M10__vs__threshold 900/10000  M10 wins 90.9%  9.68 matches/s
2026-10-06 05:28:34,545 INFO     league_010 — M10__vs__random 5500/10000  M10 wins 87.7%  14.27 matches/s
2026-10-06 05:28:35,480 INFO     league_010 — C20__vs__threshold 9100/10000  C20 wins 90.6%  7.29 matches/s
2026-10-06 05:28:39,230 INFO     league_010 — M10__vs__threshold 1000/10000  M10 wins 91.1%  9.68 matches/s
2026-10-06 05:28:41,246 INFO     league_010 — M10__vs__random 5600/10000  M10 wins 87.7%  14.28 matches/s
2026-10-06 05:28:48,004 INFO     league_010 — M10__vs__random 5700/10000  M10 wins 87.7%  14.29 matches/s
2026-10-06 05:28:49,360 INFO     league_010 — C20__vs__threshold 9200/10000  C20 wins 90.6%  7.29 matches/s
2026-10-06 05:28:49,571 INFO     league_010 — M10__vs__threshold 1100/10000  M10 wins 90.8%  9.68 matches/s
2026-10-06 05:28:55,199 INFO     league_010 — M10__vs__random 5800/10000  M10 wins 87.6%  14.28 matches/s
2026-10-06 05:28:59,675 INFO     league_010 — M10__vs__threshold 1200/10000  M10 wins 90.9%  9.70 matches/s
2026-10-06 05:29:02,322 INFO     league_010 — M10__vs__random 5900/10000  M10 wins 87.7%  14.28 matches/s
2026-10-06 05:29:03,034 INFO     league_010 — C20__vs__threshold 9300/10000  C20 wins 90.6%  7.29 matches/s
2026-10-06 05:29:09,254 INFO     league_010 — M10__vs__random 6000/10000  M10 wins 87.7%  14.28 matches/s
2026-10-06 05:29:09,804 INFO     league_010 — M10__vs__threshold 1300/10000  M10 wins 90.9%  9.71 matches/s
2026-10-06 05:29:16,336 INFO     league_010 — M10__vs__random 6100/10000  M10 wins 87.7%  14.28 matches/s
2026-10-06 05:29:16,630 INFO     league_010 — C20__vs__threshold 9400/10000  C20 wins 90.6%  7.29 matches/s
2026-10-06 05:29:20,119 INFO     league_010 — M10__vs__threshold 1400/10000  M10 wins 90.8%  9.71 matches/s
2026-10-06 05:29:22,917 INFO     league_010 — M10__vs__random 6200/10000  M10 wins 87.7%  14.29 matches/s
2026-10-06 05:29:30,071 INFO     league_010 — C20__vs__threshold 9500/10000  C20 wins 90.7%  7.29 matches/s
2026-10-06 05:29:30,407 INFO     league_010 — M10__vs__random 6300/10000  M10 wins 87.7%  14.27 matches/s
2026-10-06 05:29:30,801 INFO     league_010 — M10__vs__threshold 1500/10000  M10 wins 90.5%  9.68 matches/s
2026-10-06 05:29:37,026 INFO     league_010 — M10__vs__random 6400/10000  M10 wins 87.7%  14.29 matches/s
2026-10-06 05:29:40,992 INFO     league_010 — M10__vs__threshold 1600/10000  M10 wins 90.5%  9.69 matches/s
2026-10-06 05:29:44,007 INFO     league_010 — M10__vs__random 6500/10000  M10 wins 87.7%  14.29 matches/s
2026-10-06 05:29:44,256 INFO     league_010 — C20__vs__threshold 9600/10000  C20 wins 90.6%  7.29 matches/s
2026-10-06 05:29:50,617 INFO     league_010 — M10__vs__random 6600/10000  M10 wins 87.7%  14.30 matches/s
2026-10-06 05:29:51,175 INFO     league_010 — M10__vs__threshold 1700/10000  M10 wins 90.5%  9.70 matches/s
2026-10-06 05:29:57,782 INFO     league_010 — C20__vs__threshold 9700/10000  C20 wins 90.6%  7.29 matches/s
2026-10-06 05:29:58,437 INFO     league_010 — M10__vs__random 6700/10000  M10 wins 87.6%  14.27 matches/s
2026-10-06 05:30:01,323 INFO     league_010 — M10__vs__threshold 1800/10000  M10 wins 90.3%  9.71 matches/s
2026-10-06 05:30:05,458 INFO     league_010 — M10__vs__random 6800/10000  M10 wins 87.7%  14.27 matches/s
2026-10-06 05:30:11,651 INFO     league_010 — C20__vs__threshold 9800/10000  C20 wins 90.6%  7.29 matches/s
2026-10-06 05:30:11,908 INFO     league_010 — M10__vs__random 6900/10000  M10 wins 87.6%  14.29 matches/s
2026-10-06 05:30:11,947 INFO     league_010 — M10__vs__threshold 1900/10000  M10 wins 89.8%  9.69 matches/s
2026-10-06 05:30:18,992 INFO     league_010 — M10__vs__random 7000/10000  M10 wins 87.7%  14.29 matches/s
2026-10-06 05:30:22,138 INFO     league_010 — M10__vs__threshold 2000/10000  M10 wins 89.9%  9.70 matches/s
2026-10-06 05:30:25,288 INFO     league_010 — C20__vs__threshold 9900/10000  C20 wins 90.5%  7.29 matches/s
2026-10-06 05:30:26,536 INFO     league_010 — M10__vs__random 7100/10000  M10 wins 87.7%  14.27 matches/s
2026-10-06 05:30:32,756 INFO     league_010 — M10__vs__threshold 2100/10000  M10 wins 89.9%  9.68 matches/s
2026-10-06 05:30:33,590 INFO     league_010 — M10__vs__random 7200/10000  M10 wins 87.7%  14.27 matches/s
2026-10-06 05:30:39,016 INFO     league_010 — C20__vs__threshold 10000/10000  C20 wins 90.5%  7.29 matches/s
2026-10-06 05:30:39,018 INFO     league_010 — C20__vs__threshold winners_sha256=e6e8d1552fee2480f49332e362ef2ca9813b211e88c2d59a42ccb05bffb4534d
2026-10-06 05:30:39,077 INFO     league_010 — finished C20__vs__threshold
2026-10-06 05:30:39,077 INFO     league_010 — finished C5__vs__random
2026-10-06 05:30:39,077 INFO     league_010 — finished C5__vs__threshold
2026-10-06 05:30:40,846 INFO     league_010 — M10__vs__random 7300/10000  M10 wins 87.7%  14.26 matches/s
2026-10-06 05:30:43,016 INFO     league_010 — M10__vs__threshold 2200/10000  M10 wins 89.9%  9.69 matches/s
2026-10-06 05:30:45,925 INFO     league_010 — M20__vs__random 100/10000  M20 wins 94.0%  14.74 matches/s
2026-10-06 05:30:47,816 INFO     league_010 — M10__vs__random 7400/10000  M10 wins 87.8%  14.26 matches/s
2026-10-06 05:30:52,516 INFO     league_010 — M20__vs__random 200/10000  M20 wins 89.0%  14.95 matches/s
2026-10-06 05:30:53,414 INFO     league_010 — M10__vs__threshold 2300/10000  M10 wins 89.8%  9.68 matches/s
2026-10-06 05:30:55,352 INFO     league_010 — M10__vs__random 7500/10000  M10 wins 87.8%  14.25 matches/s
2026-10-06 05:30:58,705 INFO     league_010 — M20__vs__random 300/10000  M20 wins 86.7%  15.33 matches/s
2026-10-06 05:31:02,493 INFO     league_010 — M10__vs__random 7600/10000  M10 wins 87.8%  14.25 matches/s
2026-10-06 05:31:03,410 INFO     league_010 — M10__vs__threshold 2400/10000  M10 wins 89.9%  9.70 matches/s
2026-10-06 05:31:04,968 INFO     league_010 — M20__vs__random 400/10000  M20 wins 87.5%  15.49 matches/s
2026-10-06 05:31:09,987 INFO     league_010 — M10__vs__random 7700/10000  M10 wins 87.8%  14.23 matches/s
2026-10-06 05:31:12,084 INFO     league_010 — M20__vs__random 500/10000  M20 wins 88.2%  15.18 matches/s
2026-10-06 05:31:13,507 INFO     league_010 — M10__vs__threshold 2500/10000  M10 wins 90.0%  9.71 matches/s
2026-10-06 05:31:16,849 INFO     league_010 — M10__vs__random 7800/10000  M10 wins 87.8%  14.24 matches/s
2026-10-06 05:31:19,062 INFO     league_010 — M20__vs__random 600/10000  M20 wins 87.7%  15.03 matches/s
2026-10-06 05:31:23,784 INFO     league_010 — M10__vs__threshold 2600/10000  M10 wins 90.0%  9.71 matches/s
2026-10-06 05:31:23,853 INFO     league_010 — M10__vs__random 7900/10000  M10 wins 87.8%  14.24 matches/s
2026-10-06 05:31:25,234 INFO     league_010 — M20__vs__random 700/10000  M20 wins 88.1%  15.19 matches/s
2026-10-06 05:31:31,222 INFO     league_010 — M10__vs__random 8000/10000  M10 wins 87.8%  14.23 matches/s
2026-10-06 05:31:32,132 INFO     league_010 — M20__vs__random 800/10000  M20 wins 88.2%  15.10 matches/s
2026-10-06 05:31:34,219 INFO     league_010 — M10__vs__threshold 2700/10000  M10 wins 90.0%  9.70 matches/s
2026-10-06 05:31:38,302 INFO     league_010 — M10__vs__random 8100/10000  M10 wins 87.8%  14.23 matches/s
2026-10-06 05:31:39,033 INFO     league_010 — M20__vs__random 900/10000  M20 wins 88.1%  15.03 matches/s
2026-10-06 05:31:44,486 INFO     league_010 — M10__vs__threshold 2800/10000  M10 wins 90.1%  9.70 matches/s
2026-10-06 05:31:45,224 INFO     league_010 — M10__vs__random 8200/10000  M10 wins 87.8%  14.23 matches/s
2026-10-06 05:31:45,853 INFO     league_010 — M20__vs__random 1000/10000  M20 wins 87.8%  14.99 matches/s
2026-10-06 05:31:52,431 INFO     league_010 — M20__vs__random 1100/10000  M20 wins 87.5%  15.01 matches/s
2026-10-06 05:31:52,514 INFO     league_010 — M10__vs__random 8300/10000  M10 wins 87.7%  14.22 matches/s
2026-10-06 05:31:54,727 INFO     league_010 — M10__vs__threshold 2900/10000  M10 wins 90.2%  9.71 matches/s
2026-10-06 05:31:59,361 INFO     league_010 — M20__vs__random 1200/10000  M20 wins 86.9%  14.96 matches/s
2026-10-06 05:31:59,404 INFO     league_010 — M10__vs__random 8400/10000  M10 wins 87.7%  14.23 matches/s
2026-10-06 05:32:05,324 INFO     league_010 — M10__vs__threshold 3000/10000  M10 wins 90.1%  9.70 matches/s
2026-10-06 05:32:05,984 INFO     league_010 — M20__vs__random 1300/10000  M20 wins 86.9%  14.97 matches/s
2026-10-06 05:32:06,477 INFO     league_010 — M10__vs__random 8500/10000  M10 wins 87.7%  14.23 matches/s
2026-10-06 05:32:12,485 INFO     league_010 — M20__vs__random 1400/10000  M20 wins 86.9%  15.00 matches/s
2026-10-06 05:32:14,188 INFO     league_010 — M10__vs__random 8600/10000  M10 wins 87.7%  14.21 matches/s
2026-10-06 05:32:15,136 INFO     league_010 — M10__vs__threshold 3100/10000  M10 wins 90.1%  9.71 matches/s
2026-10-06 05:32:19,097 INFO     league_010 — M20__vs__random 1500/10000  M20 wins 86.8%  15.01 matches/s
2026-10-06 05:32:21,536 INFO     league_010 — M10__vs__random 8700/10000  M10 wins 87.7%  14.20 matches/s
2026-10-06 05:32:25,609 INFO     league_010 — M10__vs__threshold 3200/10000  M10 wins 90.0%  9.71 matches/s
2026-10-06 05:32:25,901 INFO     league_010 — M20__vs__random 1600/10000  M20 wins 86.4%  14.99 matches/s
2026-10-06 05:32:28,655 INFO     league_010 — M10__vs__random 8800/10000  M10 wins 87.8%  14.20 matches/s
2026-10-06 05:32:32,625 INFO     league_010 — M20__vs__random 1700/10000  M20 wins 86.2%  14.98 matches/s
2026-10-06 05:32:35,387 INFO     league_010 — M10__vs__random 8900/10000  M10 wins 87.8%  14.21 matches/s
2026-10-06 05:32:35,999 INFO     league_010 — M10__vs__threshold 3300/10000  M10 wins 90.0%  9.70 matches/s
2026-10-06 05:32:38,893 INFO     league_010 — M20__vs__random 1800/10000  M20 wins 86.2%  15.03 matches/s
2026-10-06 05:32:42,646 INFO     league_010 — M10__vs__random 9000/10000  M10 wins 87.8%  14.20 matches/s
2026-10-06 05:32:45,670 INFO     league_010 — M20__vs__random 1900/10000  M20 wins 86.4%  15.02 matches/s
2026-10-06 05:32:46,161 INFO     league_010 — M10__vs__threshold 3400/10000  M10 wins 90.0%  9.71 matches/s
2026-10-06 05:32:49,979 INFO     league_010 — M10__vs__random 9100/10000  M10 wins 87.9%  14.20 matches/s
2026-10-06 05:32:52,562 INFO     league_010 — M20__vs__random 2000/10000  M20 wins 86.5%  14.99 matches/s
2026-10-06 05:32:56,580 INFO     league_010 — M10__vs__random 9200/10000  M10 wins 87.9%  14.21 matches/s
2026-10-06 05:32:56,635 INFO     league_010 — M10__vs__threshold 3500/10000  M10 wins 90.1%  9.70 matches/s
2026-10-06 05:32:58,839 INFO     league_010 — M20__vs__random 2100/10000  M20 wins 86.8%  15.03 matches/s
2026-10-06 05:33:04,057 INFO     league_010 — M10__vs__random 9300/10000  M10 wins 87.8%  14.20 matches/s
2026-10-06 05:33:05,016 INFO     league_010 — M20__vs__random 2200/10000  M20 wins 86.5%  15.08 matches/s
2026-10-06 05:33:06,562 INFO     league_010 — M10__vs__threshold 3600/10000  M10 wins 89.9%  9.71 matches/s
2026-10-06 05:33:10,974 INFO     league_010 — M10__vs__random 9400/10000  M10 wins 87.9%  14.20 matches/s
2026-10-06 05:33:12,384 INFO     league_010 — M20__vs__random 2300/10000  M20 wins 86.8%  15.01 matches/s
2026-10-06 05:33:16,797 INFO     league_010 — M10__vs__threshold 3700/10000  M10 wins 89.9%  9.71 matches/s
2026-10-06 05:33:18,170 INFO     league_010 — M10__vs__random 9500/10000  M10 wins 87.9%  14.20 matches/s
2026-10-06 05:33:18,863 INFO     league_010 — M20__vs__random 2400/10000  M20 wins 86.9%  15.03 matches/s
2026-10-06 05:33:25,254 INFO     league_010 — M10__vs__random 9600/10000  M10 wins 87.9%  14.20 matches/s
2026-10-06 05:33:25,676 INFO     league_010 — M20__vs__random 2500/10000  M20 wins 86.9%  15.01 matches/s
2026-10-06 05:33:26,919 INFO     league_010 — M10__vs__threshold 3800/10000  M10 wins 89.9%  9.72 matches/s
2026-10-06 05:33:32,397 INFO     league_010 — M10__vs__random 9700/10000  M10 wins 88.0%  14.19 matches/s
2026-10-06 05:33:32,635 INFO     league_010 — M20__vs__random 2600/10000  M20 wins 87.1%  14.99 matches/s
2026-10-06 05:33:37,105 INFO     league_010 — M10__vs__threshold 3900/10000  M10 wins 90.1%  9.72 matches/s
2026-10-06 05:33:39,155 INFO     league_010 — M20__vs__random 2700/10000  M20 wins 87.0%  15.00 matches/s
2026-10-06 05:33:39,783 INFO     league_010 — M10__vs__random 9800/10000  M10 wins 88.0%  14.19 matches/s
2026-10-06 05:33:45,792 INFO     league_010 — M20__vs__random 2800/10000  M20 wins 87.0%  15.00 matches/s
2026-10-06 05:33:46,808 INFO     league_010 — M10__vs__random 9900/10000  M10 wins 88.0%  14.19 matches/s
2026-10-06 05:33:47,143 INFO     league_010 — M10__vs__threshold 4000/10000  M10 wins 90.0%  9.73 matches/s
2026-10-06 05:33:52,412 INFO     league_010 — M20__vs__random 2900/10000  M20 wins 87.1%  15.00 matches/s
2026-10-06 05:33:53,632 INFO     league_010 — M10__vs__random 10000/10000  M10 wins 88.0%  14.19 matches/s
2026-10-06 05:33:53,634 INFO     league_010 — M10__vs__random winners_sha256=fa24b9c39b4b99ce4914cc36bc2f593354dcd2ee12464c4f345e0679a9d2182a
2026-10-06 05:33:53,694 INFO     league_010 — finished M10__vs__random
2026-10-06 05:33:57,659 INFO     league_010 — M10__vs__threshold 4100/10000  M10 wins 90.0%  9.72 matches/s
2026-10-06 05:33:59,396 INFO     league_010 — M20__vs__random 3000/10000  M20 wins 86.9%  14.98 matches/s
2026-10-06 05:34:06,306 INFO     league_010 — M20__vs__random 3100/10000  M20 wins 87.1%  14.96 matches/s
2026-10-06 05:34:07,290 INFO     league_010 — M20__vs__threshold 100/10000  M20 wins 91.0%  7.39 matches/s
2026-10-06 05:34:07,702 INFO     league_010 — M10__vs__threshold 4200/10000  M10 wins 90.0%  9.73 matches/s
2026-10-06 05:34:12,710 INFO     league_010 — M20__vs__random 3200/10000  M20 wins 87.2%  14.98 matches/s
2026-10-06 05:34:17,871 INFO     league_010 — M10__vs__threshold 4300/10000  M10 wins 90.0%  9.73 matches/s
2026-10-06 05:34:19,070 INFO     league_010 — M20__vs__random 3300/10000  M20 wins 87.1%  15.00 matches/s
2026-10-06 05:34:20,059 INFO     league_010 — M20__vs__threshold 200/10000  M20 wins 93.0%  7.60 matches/s
2026-10-06 05:34:25,643 INFO     league_010 — M20__vs__random 3400/10000  M20 wins 87.0%  15.01 matches/s
2026-10-06 05:34:28,191 INFO     league_010 — M10__vs__threshold 4400/10000  M10 wins 90.1%  9.73 matches/s
2026-10-06 05:34:32,351 INFO     league_010 — M20__vs__random 3500/10000  M20 wins 86.9%  15.01 matches/s
2026-10-06 05:34:33,407 INFO     league_010 — M20__vs__threshold 300/10000  M20 wins 93.0%  7.57 matches/s
2026-10-06 05:34:38,529 INFO     league_010 — M10__vs__threshold 4500/10000  M10 wins 90.2%  9.73 matches/s
2026-10-06 05:34:38,663 INFO     league_010 — M20__vs__random 3600/10000  M20 wins 87.1%  15.03 matches/s
2026-10-06 05:34:44,961 INFO     league_010 — M20__vs__random 3700/10000  M20 wins 87.1%  15.05 matches/s
2026-10-06 05:34:47,206 INFO     league_010 — M20__vs__threshold 400/10000  M20 wins 93.0%  7.48 matches/s
2026-10-06 05:34:49,118 INFO     league_010 — M10__vs__threshold 4600/10000  M10 wins 90.2%  9.72 matches/s
2026-10-06 05:34:51,457 INFO     league_010 — M20__vs__random 3800/10000  M20 wins 87.2%  15.06 matches/s
2026-10-06 05:34:58,201 INFO     league_010 — M20__vs__random 3900/10000  M20 wins 87.4%  15.05 matches/s
2026-10-06 05:34:59,538 INFO     league_010 — M10__vs__threshold 4700/10000  M10 wins 90.2%  9.72 matches/s
2026-10-06 05:35:00,687 INFO     league_010 — M20__vs__threshold 500/10000  M20 wins 93.4%  7.47 matches/s
2026-10-06 05:35:04,768 INFO     league_010 — M20__vs__random 4000/10000  M20 wins 87.4%  15.06 matches/s
2026-10-06 05:35:09,829 INFO     league_010 — M10__vs__threshold 4800/10000  M10 wins 90.2%  9.72 matches/s
2026-10-06 05:35:11,333 INFO     league_010 — M20__vs__random 4100/10000  M20 wins 87.2%  15.06 matches/s
2026-10-06 05:35:14,217 INFO     league_010 — M20__vs__threshold 600/10000  M20 wins 93.3%  7.46 matches/s
2026-10-06 05:35:18,097 INFO     league_010 — M20__vs__random 4200/10000  M20 wins 87.3%  15.06 matches/s
2026-10-06 05:35:20,090 INFO     league_010 — M10__vs__threshold 4900/10000  M10 wins 90.2%  9.72 matches/s
2026-10-06 05:35:24,520 INFO     league_010 — M20__vs__random 4300/10000  M20 wins 87.2%  15.07 matches/s
2026-10-06 05:35:27,826 INFO     league_010 — M20__vs__threshold 700/10000  M20 wins 93.0%  7.44 matches/s
2026-10-06 05:35:30,495 INFO     league_010 — M10__vs__threshold 5000/10000  M10 wins 90.2%  9.72 matches/s
2026-10-06 05:35:30,939 INFO     league_010 — M20__vs__random 4400/10000  M20 wins 87.2%  15.08 matches/s
2026-10-06 05:35:37,599 INFO     league_010 — M20__vs__random 4500/10000  M20 wins 87.1%  15.08 matches/s
2026-10-06 05:35:41,335 INFO     league_010 — M10__vs__threshold 5100/10000  M10 wins 90.2%  9.71 matches/s
2026-10-06 05:35:41,536 INFO     league_010 — M20__vs__threshold 800/10000  M20 wins 92.6%  7.42 matches/s
2026-10-06 05:35:43,948 INFO     league_010 — M20__vs__random 4600/10000  M20 wins 87.0%  15.09 matches/s
2026-10-06 05:35:50,526 INFO     league_010 — M20__vs__random 4700/10000  M20 wins 87.1%  15.09 matches/s
2026-10-06 05:35:51,994 INFO     league_010 — M10__vs__threshold 5200/10000  M10 wins 90.1%  9.70 matches/s
2026-10-06 05:35:54,497 INFO     league_010 — M20__vs__threshold 900/10000  M20 wins 93.0%  7.45 matches/s
2026-10-06 05:35:57,237 INFO     league_010 — M20__vs__random 4800/10000  M20 wins 87.1%  15.09 matches/s
2026-10-06 05:36:02,149 INFO     league_010 — M10__vs__threshold 5300/10000  M10 wins 90.2%  9.70 matches/s
2026-10-06 05:36:04,237 INFO     league_010 — M20__vs__random 4900/10000  M20 wins 87.2%  15.07 matches/s
2026-10-06 05:36:07,784 INFO     league_010 — M20__vs__threshold 1000/10000  M20 wins 92.6%  7.46 matches/s
2026-10-06 05:36:11,007 INFO     league_010 — M20__vs__random 5000/10000  M20 wins 87.1%  15.07 matches/s
2026-10-06 05:36:12,243 INFO     league_010 — M10__vs__threshold 5400/10000  M10 wins 90.3%  9.71 matches/s
2026-10-06 05:36:17,513 INFO     league_010 — M20__vs__random 5100/10000  M20 wins 87.1%  15.07 matches/s
2026-10-06 05:36:21,826 INFO     league_010 — M20__vs__threshold 1100/10000  M20 wins 92.2%  7.43 matches/s
2026-10-06 05:36:22,568 INFO     league_010 — M10__vs__threshold 5500/10000  M10 wins 90.2%  9.71 matches/s
2026-10-06 05:36:23,790 INFO     league_010 — M20__vs__random 5200/10000  M20 wins 87.1%  15.09 matches/s
2026-10-06 05:36:30,329 INFO     league_010 — M20__vs__random 5300/10000  M20 wins 86.9%  15.09 matches/s
2026-10-06 05:36:32,554 INFO     league_010 — M10__vs__threshold 5600/10000  M10 wins 90.2%  9.71 matches/s
2026-10-06 05:36:35,030 INFO     league_010 — M20__vs__threshold 1200/10000  M20 wins 92.4%  7.44 matches/s
2026-10-06 05:36:36,934 INFO     league_010 — M20__vs__random 5400/10000  M20 wins 87.1%  15.09 matches/s
2026-10-06 05:36:42,787 INFO     league_010 — M10__vs__threshold 5700/10000  M10 wins 90.2%  9.71 matches/s
2026-10-06 05:36:43,774 INFO     league_010 — M20__vs__random 5500/10000  M20 wins 87.1%  15.08 matches/s
2026-10-06 05:36:48,138 INFO     league_010 — M20__vs__threshold 1300/10000  M20 wins 92.7%  7.45 matches/s
2026-10-06 05:36:50,461 INFO     league_010 — M20__vs__random 5600/10000  M20 wins 87.2%  15.08 matches/s
2026-10-06 05:36:53,053 INFO     league_010 — M10__vs__threshold 5800/10000  M10 wins 90.2%  9.71 matches/s
2026-10-06 05:36:57,272 INFO     league_010 — M20__vs__random 5700/10000  M20 wins 87.0%  15.07 matches/s
2026-10-06 05:37:02,093 INFO     league_010 — M20__vs__threshold 1400/10000  M20 wins 92.4%  7.43 matches/s
2026-10-06 05:37:03,449 INFO     league_010 — M10__vs__threshold 5900/10000  M10 wins 90.2%  9.71 matches/s
2026-10-06 05:37:03,982 INFO     league_010 — M20__vs__random 5800/10000  M20 wins 87.1%  15.07 matches/s
2026-10-06 05:37:10,286 INFO     league_010 — M20__vs__random 5900/10000  M20 wins 87.0%  15.08 matches/s
2026-10-06 05:37:13,841 INFO     league_010 — M10__vs__threshold 6000/10000  M10 wins 90.2%  9.71 matches/s
2026-10-06 05:37:15,779 INFO     league_010 — M20__vs__threshold 1500/10000  M20 wins 92.6%  7.42 matches/s
2026-10-06 05:37:16,732 INFO     league_010 — M20__vs__random 6000/10000  M20 wins 87.0%  15.09 matches/s
2026-10-06 05:37:23,761 INFO     league_010 — M20__vs__random 6100/10000  M20 wins 87.0%  15.08 matches/s
2026-10-06 05:37:24,099 INFO     league_010 — M10__vs__threshold 6100/10000  M10 wins 90.2%  9.71 matches/s
2026-10-06 05:37:29,877 INFO     league_010 — M20__vs__threshold 1600/10000  M20 wins 92.5%  7.40 matches/s
2026-10-06 05:37:30,505 INFO     league_010 — M20__vs__random 6200/10000  M20 wins 86.9%  15.07 matches/s
2026-10-06 05:37:34,662 INFO     league_010 — M10__vs__threshold 6200/10000  M10 wins 90.3%  9.71 matches/s
2026-10-06 05:37:37,543 INFO     league_010 — M20__vs__random 6300/10000  M20 wins 86.9%  15.06 matches/s
2026-10-06 05:37:43,328 INFO     league_010 — M20__vs__threshold 1700/10000  M20 wins 92.5%  7.41 matches/s
2026-10-06 05:37:44,149 INFO     league_010 — M20__vs__random 6400/10000  M20 wins 86.9%  15.06 matches/s
2026-10-06 05:37:45,046 INFO     league_010 — M10__vs__threshold 6300/10000  M10 wins 90.3%  9.71 matches/s
2026-10-06 05:37:51,444 INFO     league_010 — M20__vs__random 6500/10000  M20 wins 86.9%  15.04 matches/s
2026-10-06 05:37:55,386 INFO     league_010 — M10__vs__threshold 6400/10000  M10 wins 90.3%  9.70 matches/s
2026-10-06 05:37:56,455 INFO     league_010 — M20__vs__threshold 1800/10000  M20 wins 92.7%  7.42 matches/s
2026-10-06 05:37:57,992 INFO     league_010 — M20__vs__random 6600/10000  M20 wins 86.8%  15.04 matches/s
2026-10-06 05:38:04,758 INFO     league_010 — M20__vs__random 6700/10000  M20 wins 86.9%  15.04 matches/s
2026-10-06 05:38:05,585 INFO     league_010 — M10__vs__threshold 6500/10000  M10 wins 90.3%  9.71 matches/s
2026-10-06 05:38:09,501 INFO     league_010 — M20__vs__threshold 1900/10000  M20 wins 92.7%  7.43 matches/s
2026-10-06 05:38:11,807 INFO     league_010 — M20__vs__random 6800/10000  M20 wins 86.8%  15.02 matches/s
2026-10-06 05:38:15,821 INFO     league_010 — M10__vs__threshold 6600/10000  M10 wins 90.3%  9.71 matches/s
2026-10-06 05:38:18,629 INFO     league_010 — M20__vs__random 6900/10000  M20 wins 86.8%  15.02 matches/s
2026-10-06 05:38:22,665 INFO     league_010 — M20__vs__threshold 2000/10000  M20 wins 92.8%  7.44 matches/s
2026-10-06 05:38:25,132 INFO     league_010 — M20__vs__random 7000/10000  M20 wins 86.8%  15.02 matches/s
2026-10-06 05:38:26,758 INFO     league_010 — M10__vs__threshold 6700/10000  M10 wins 90.3%  9.70 matches/s
2026-10-06 05:38:32,014 INFO     league_010 — M20__vs__random 7100/10000  M20 wins 86.8%  15.01 matches/s
2026-10-06 05:38:36,285 INFO     league_010 — M20__vs__threshold 2100/10000  M20 wins 92.6%  7.43 matches/s
2026-10-06 05:38:37,378 INFO     league_010 — M10__vs__threshold 6800/10000  M10 wins 90.3%  9.69 matches/s
2026-10-06 05:38:38,474 INFO     league_010 — M20__vs__random 7200/10000  M20 wins 86.9%  15.02 matches/s
2026-10-06 05:38:45,618 INFO     league_010 — M20__vs__random 7300/10000  M20 wins 86.9%  15.01 matches/s
2026-10-06 05:38:47,788 INFO     league_010 — M10__vs__threshold 6900/10000  M10 wins 90.3%  9.69 matches/s
2026-10-06 05:38:49,929 INFO     league_010 — M20__vs__threshold 2200/10000  M20 wins 92.6%  7.43 matches/s
2026-10-06 05:38:51,923 INFO     league_010 — M20__vs__random 7400/10000  M20 wins 86.9%  15.02 matches/s
2026-10-06 05:38:58,230 INFO     league_010 — M10__vs__threshold 7000/10000  M10 wins 90.3%  9.69 matches/s
2026-10-06 05:38:58,442 INFO     league_010 — M20__vs__random 7500/10000  M20 wins 86.9%  15.02 matches/s
2026-10-06 05:39:03,014 INFO     league_010 — M20__vs__threshold 2300/10000  M20 wins 92.6%  7.44 matches/s
2026-10-06 05:39:05,468 INFO     league_010 — M20__vs__random 7600/10000  M20 wins 87.0%  15.01 matches/s
2026-10-06 05:39:08,499 INFO     league_010 — M10__vs__threshold 7100/10000  M10 wins 90.3%  9.69 matches/s
2026-10-06 05:39:12,017 INFO     league_010 — M20__vs__random 7700/10000  M20 wins 87.0%  15.01 matches/s
2026-10-06 05:39:16,316 INFO     league_010 — M20__vs__threshold 2400/10000  M20 wins 92.6%  7.44 matches/s
2026-10-06 05:39:18,671 INFO     league_010 — M10__vs__threshold 7200/10000  M10 wins 90.3%  9.69 matches/s
2026-10-06 05:39:18,920 INFO     league_010 — M20__vs__random 7800/10000  M20 wins 87.0%  15.01 matches/s
2026-10-06 05:39:25,393 INFO     league_010 — M20__vs__random 7900/10000  M20 wins 87.1%  15.01 matches/s
2026-10-06 05:39:28,511 INFO     league_010 — M10__vs__threshold 7300/10000  M10 wins 90.4%  9.70 matches/s
2026-10-06 05:39:29,600 INFO     league_010 — M20__vs__threshold 2500/10000  M20 wins 92.6%  7.44 matches/s
2026-10-06 05:39:32,155 INFO     league_010 — M20__vs__random 8000/10000  M20 wins 87.1%  15.01 matches/s
2026-10-06 05:39:38,702 INFO     league_010 — M20__vs__random 8100/10000  M20 wins 87.1%  15.01 matches/s
2026-10-06 05:39:38,896 INFO     league_010 — M10__vs__threshold 7400/10000  M10 wins 90.4%  9.70 matches/s
2026-10-06 05:39:43,232 INFO     league_010 — M20__vs__threshold 2600/10000  M20 wins 92.6%  7.44 matches/s
2026-10-06 05:39:44,775 INFO     league_010 — M20__vs__random 8200/10000  M20 wins 87.0%  15.03 matches/s
2026-10-06 05:39:49,223 INFO     league_010 — M10__vs__threshold 7500/10000  M10 wins 90.3%  9.70 matches/s
2026-10-06 05:39:51,171 INFO     league_010 — M20__vs__random 8300/10000  M20 wins 86.9%  15.04 matches/s
2026-10-06 05:39:56,152 INFO     league_010 — M20__vs__threshold 2700/10000  M20 wins 92.6%  7.45 matches/s
2026-10-06 05:39:57,549 INFO     league_010 — M20__vs__random 8400/10000  M20 wins 86.8%  15.04 matches/s
2026-10-06 05:39:59,531 INFO     league_010 — M10__vs__threshold 7600/10000  M10 wins 90.2%  9.70 matches/s
2026-10-06 05:40:03,416 INFO     league_010 — M20__vs__random 8500/10000  M20 wins 86.8%  15.06 matches/s
2026-10-06 05:40:09,408 INFO     league_010 — M20__vs__threshold 2800/10000  M20 wins 92.8%  7.45 matches/s
2026-10-06 05:40:09,986 INFO     league_010 — M10__vs__threshold 7700/10000  M10 wins 90.3%  9.70 matches/s
2026-10-06 05:40:10,192 INFO     league_010 — M20__vs__random 8600/10000  M20 wins 86.8%  15.06 matches/s
2026-10-06 05:40:16,758 INFO     league_010 — M20__vs__random 8700/10000  M20 wins 86.8%  15.06 matches/s
2026-10-06 05:40:20,445 INFO     league_010 — M10__vs__threshold 7800/10000  M10 wins 90.3%  9.70 matches/s
2026-10-06 05:40:22,777 INFO     league_010 — M20__vs__threshold 2900/10000  M20 wins 92.8%  7.45 matches/s
2026-10-06 05:40:23,184 INFO     league_010 — M20__vs__random 8800/10000  M20 wins 86.8%  15.07 matches/s
2026-10-06 05:40:29,789 INFO     league_010 — M20__vs__random 8900/10000  M20 wins 86.7%  15.07 matches/s
2026-10-06 05:40:30,598 INFO     league_010 — M10__vs__threshold 7900/10000  M10 wins 90.4%  9.70 matches/s
2026-10-06 05:40:36,051 INFO     league_010 — M20__vs__threshold 3000/10000  M20 wins 92.7%  7.46 matches/s
2026-10-06 05:40:36,389 INFO     league_010 — M20__vs__random 9000/10000  M20 wins 86.7%  15.07 matches/s
2026-10-06 05:40:41,058 INFO     league_010 — M10__vs__threshold 8000/10000  M10 wins 90.4%  9.70 matches/s
2026-10-06 05:40:43,422 INFO     league_010 — M20__vs__random 9100/10000  M20 wins 86.7%  15.06 matches/s
2026-10-06 05:40:49,341 INFO     league_010 — M20__vs__threshold 3100/10000  M20 wins 92.7%  7.46 matches/s
2026-10-06 05:40:50,400 INFO     league_010 — M20__vs__random 9200/10000  M20 wins 86.7%  15.05 matches/s
2026-10-06 05:40:51,261 INFO     league_010 — M10__vs__threshold 8100/10000  M10 wins 90.4%  9.70 matches/s
2026-10-06 05:40:56,763 INFO     league_010 — M20__vs__random 9300/10000  M20 wins 86.7%  15.06 matches/s
2026-10-06 05:41:01,359 INFO     league_010 — M10__vs__threshold 8200/10000  M10 wins 90.5%  9.70 matches/s
2026-10-06 05:41:02,859 INFO     league_010 — M20__vs__threshold 3200/10000  M20 wins 92.5%  7.46 matches/s
2026-10-06 05:41:02,878 INFO     league_010 — M20__vs__random 9400/10000  M20 wins 86.7%  15.07 matches/s
2026-10-06 05:41:09,685 INFO     league_010 — M20__vs__random 9500/10000  M20 wins 86.7%  15.07 matches/s
2026-10-06 05:41:11,757 INFO     league_010 — M10__vs__threshold 8300/10000  M10 wins 90.5%  9.70 matches/s
2026-10-06 05:41:16,268 INFO     league_010 — M20__vs__random 9600/10000  M20 wins 86.7%  15.07 matches/s
2026-10-06 05:41:16,494 INFO     league_010 — M20__vs__threshold 3300/10000  M20 wins 92.4%  7.45 matches/s
2026-10-06 05:41:22,191 INFO     league_010 — M10__vs__threshold 8400/10000  M10 wins 90.4%  9.70 matches/s
2026-10-06 05:41:23,019 INFO     league_010 — M20__vs__random 9700/10000  M20 wins 86.6%  15.06 matches/s
2026-10-06 05:41:29,750 INFO     league_010 — M20__vs__threshold 3400/10000  M20 wins 92.5%  7.46 matches/s
2026-10-06 05:41:29,875 INFO     league_010 — M20__vs__random 9800/10000  M20 wins 86.7%  15.06 matches/s
2026-10-06 05:41:32,200 INFO     league_010 — M10__vs__threshold 8500/10000  M10 wins 90.5%  9.70 matches/s
2026-10-06 05:41:36,159 INFO     league_010 — M20__vs__random 9900/10000  M20 wins 86.7%  15.07 matches/s
2026-10-06 05:41:42,567 INFO     league_010 — M10__vs__threshold 8600/10000  M10 wins 90.4%  9.70 matches/s
2026-10-06 05:41:42,770 INFO     league_010 — M20__vs__threshold 3500/10000  M20 wins 92.5%  7.46 matches/s
2026-10-06 05:41:43,169 INFO     league_010 — M20__vs__random 10000/10000  M20 wins 86.7%  15.06 matches/s
2026-10-06 05:41:43,171 INFO     league_010 — M20__vs__random winners_sha256=9bf47f6b474472b4631dddd09eaf27a0d3243a55b253ebe182ba1390b8d3bfab
2026-10-06 05:41:49,700 INFO     league_010 — M5__vs__random 100/10000  M5 wins 81.0%  15.61 matches/s
2026-10-06 05:41:52,876 INFO     league_010 — M10__vs__threshold 8700/10000  M10 wins 90.5%  9.70 matches/s
2026-10-06 05:41:55,611 INFO     league_010 — M5__vs__random 200/10000  M5 wins 82.0%  16.24 matches/s
2026-10-06 05:41:56,445 INFO     league_010 — M20__vs__threshold 3600/10000  M20 wins 92.5%  7.46 matches/s
2026-10-06 05:42:02,267 INFO     league_010 — M5__vs__random 300/10000  M5 wins 84.0%  15.81 matches/s
2026-10-06 05:42:03,329 INFO     league_010 — M10__vs__threshold 8800/10000  M10 wins 90.5%  9.70 matches/s
2026-10-06 05:42:08,723 INFO     league_010 — M5__vs__random 400/10000  M5 wins 83.8%  15.73 matches/s
2026-10-06 05:42:10,016 INFO     league_010 — M20__vs__threshold 3700/10000  M20 wins 92.5%  7.46 matches/s
2026-10-06 05:42:14,325 INFO     league_010 — M10__vs__threshold 8900/10000  M10 wins 90.4%  9.69 matches/s
2026-10-06 05:42:15,246 INFO     league_010 — M5__vs__random 500/10000  M5 wins 83.4%  15.65 matches/s
2026-10-06 05:42:21,529 INFO     league_010 — M5__vs__random 600/10000  M5 wins 84.0%  15.69 matches/s
2026-10-06 05:42:23,426 INFO     league_010 — M20__vs__threshold 3800/10000  M20 wins 92.6%  7.46 matches/s
2026-10-06 05:42:25,204 INFO     league_010 — M10__vs__threshold 9000/10000  M10 wins 90.5%  9.68 matches/s
2026-10-06 05:42:27,534 INFO     league_010 — M5__vs__random 700/10000  M5 wins 84.4%  15.82 matches/s
2026-10-06 05:42:34,275 INFO     league_010 — M5__vs__random 800/10000  M5 wins 84.2%  15.69 matches/s
2026-10-06 05:42:35,464 INFO     league_010 — M10__vs__threshold 9100/10000  M10 wins 90.5%  9.69 matches/s
2026-10-06 05:42:36,861 INFO     league_010 — M20__vs__threshold 3900/10000  M20 wins 92.6%  7.46 matches/s
2026-10-06 05:42:40,739 INFO     league_010 — M5__vs__random 900/10000  M5 wins 84.2%  15.67 matches/s
2026-10-06 05:42:45,698 INFO     league_010 — M10__vs__threshold 9200/10000  M10 wins 90.5%  9.69 matches/s
2026-10-06 05:42:46,948 INFO     league_010 — M5__vs__random 1000/10000  M5 wins 83.9%  15.71 matches/s
2026-10-06 05:42:50,495 INFO     league_010 — M20__vs__threshold 4000/10000  M20 wins 92.6%  7.45 matches/s
2026-10-06 05:42:53,217 INFO     league_010 — M5__vs__random 1100/10000  M5 wins 83.7%  15.73 matches/s
2026-10-06 05:42:55,886 INFO     league_010 — M10__vs__threshold 9300/10000  M10 wins 90.4%  9.69 matches/s
2026-10-06 05:42:59,904 INFO     league_010 — M5__vs__random 1200/10000  M5 wins 83.8%  15.66 matches/s
2026-10-06 05:43:03,751 INFO     league_010 — M20__vs__threshold 4100/10000  M20 wins 92.6%  7.45 matches/s
2026-10-06 05:43:06,382 INFO     league_010 — M10__vs__threshold 9400/10000  M10 wins 90.5%  9.69 matches/s
2026-10-06 05:43:06,634 INFO     league_010 — M5__vs__random 1300/10000  M5 wins 83.8%  15.60 matches/s
2026-10-06 05:43:13,223 INFO     league_010 — M5__vs__random 1400/10000  M5 wins 83.6%  15.57 matches/s
2026-10-06 05:43:16,575 INFO     league_010 — M10__vs__threshold 9500/10000  M10 wins 90.5%  9.69 matches/s
2026-10-06 05:43:17,334 INFO     league_010 — M20__vs__threshold 4200/10000  M20 wins 92.6%  7.45 matches/s
2026-10-06 05:43:19,634 INFO     league_010 — M5__vs__random 1500/10000  M5 wins 83.4%  15.57 matches/s
2026-10-06 05:43:26,010 INFO     league_010 — M5__vs__random 1600/10000  M5 wins 83.5%  15.58 matches/s
2026-10-06 05:43:27,327 INFO     league_010 — M10__vs__threshold 9600/10000  M10 wins 90.4%  9.68 matches/s
2026-10-06 05:43:30,730 INFO     league_010 — M20__vs__threshold 4300/10000  M20 wins 92.6%  7.45 matches/s
2026-10-06 05:43:32,040 INFO     league_010 — M5__vs__random 1700/10000  M5 wins 83.8%  15.63 matches/s
2026-10-06 05:43:37,687 INFO     league_010 — M10__vs__threshold 9700/10000  M10 wins 90.4%  9.68 matches/s
2026-10-06 05:43:38,324 INFO     league_010 — M5__vs__random 1800/10000  M5 wins 84.0%  15.65 matches/s
2026-10-06 05:43:43,978 INFO     league_010 — M20__vs__threshold 4400/10000  M20 wins 92.6%  7.45 matches/s
2026-10-06 05:43:44,326 INFO     league_010 — M5__vs__random 1900/10000  M5 wins 84.2%  15.70 matches/s
2026-10-06 05:43:47,826 INFO     league_010 — M10__vs__threshold 9800/10000  M10 wins 90.4%  9.68 matches/s
2026-10-06 05:43:51,027 INFO     league_010 — M5__vs__random 2000/10000  M5 wins 84.0%  15.66 matches/s
2026-10-06 05:43:57,289 INFO     league_010 — M20__vs__threshold 4500/10000  M20 wins 92.6%  7.46 matches/s
2026-10-06 05:43:57,328 INFO     league_010 — M5__vs__random 2100/10000  M5 wins 84.0%  15.67 matches/s
2026-10-06 05:43:58,030 INFO     league_010 — M10__vs__threshold 9900/10000  M10 wins 90.4%  9.69 matches/s
2026-10-06 05:44:03,759 INFO     league_010 — M5__vs__random 2200/10000  M5 wins 84.1%  15.66 matches/s
2026-10-06 05:44:08,507 INFO     league_010 — M10__vs__threshold 10000/10000  M10 wins 90.4%  9.68 matches/s
2026-10-06 05:44:08,509 INFO     league_010 — M10__vs__threshold winners_sha256=53d9e814920d341a5204a762cb3922f1dcc74e0d125a23a3103ce39ebacdd25b
2026-10-06 05:44:08,558 INFO     league_010 — finished M10__vs__threshold
2026-10-06 05:44:08,559 INFO     league_010 — finished M20__vs__random
2026-10-06 05:44:10,317 INFO     league_010 — M5__vs__random 2300/10000  M5 wins 84.0%  15.64 matches/s
2026-10-06 05:44:10,721 INFO     league_010 — M20__vs__threshold 4600/10000  M20 wins 92.6%  7.46 matches/s
2026-10-06 05:44:16,727 INFO     league_010 — M5__vs__random 2400/10000  M5 wins 84.0%  15.64 matches/s
2026-10-06 05:44:18,544 INFO     league_010 — M5__vs__threshold 100/10000  M5 wins 91.0%  10.06 matches/s
2026-10-06 05:44:23,204 INFO     league_010 — M5__vs__random 2500/10000  M5 wins 84.0%  15.63 matches/s
2026-10-06 05:44:24,555 INFO     league_010 — M20__vs__threshold 4700/10000  M20 wins 92.6%  7.45 matches/s
2026-10-06 05:44:28,435 INFO     league_010 — M5__vs__threshold 200/10000  M5 wins 89.0%  10.08 matches/s
2026-10-06 05:44:29,643 INFO     league_010 — M5__vs__random 2600/10000  M5 wins 83.9%  15.63 matches/s
2026-10-06 05:44:36,040 INFO     league_010 — M5__vs__random 2700/10000  M5 wins 84.1%  15.63 matches/s
2026-10-06 05:44:37,678 INFO     league_010 — M20__vs__threshold 4800/10000  M20 wins 92.6%  7.45 matches/s
2026-10-06 05:44:38,501 INFO     league_010 — M5__vs__threshold 300/10000  M5 wins 88.3%  10.03 matches/s
2026-10-06 05:44:42,582 INFO     league_010 — M5__vs__random 2800/10000  M5 wins 84.3%  15.62 matches/s
2026-10-06 05:44:48,206 INFO     league_010 — M5__vs__threshold 400/10000  M5 wins 89.0%  10.10 matches/s
2026-10-06 05:44:49,236 INFO     league_010 — M5__vs__random 2900/10000  M5 wins 84.4%  15.60 matches/s
2026-10-06 05:44:51,724 INFO     league_010 — M20__vs__threshold 4900/10000  M20 wins 92.5%  7.45 matches/s
2026-10-06 05:44:55,563 INFO     league_010 — M5__vs__random 3000/10000  M5 wins 84.3%  15.60 matches/s
2026-10-06 05:44:58,429 INFO     league_010 — M5__vs__threshold 500/10000  M5 wins 88.0%  10.03 matches/s
2026-10-06 05:45:01,534 INFO     league_010 — M5__vs__random 3100/10000  M5 wins 84.2%  15.64 matches/s
2026-10-06 05:45:05,146 INFO     league_010 — M20__vs__threshold 5000/10000  M20 wins 92.6%  7.45 matches/s
2026-10-06 05:45:07,606 INFO     league_010 — M5__vs__random 3200/10000  M5 wins 84.1%  15.66 matches/s
2026-10-06 05:45:08,467 INFO     league_010 — M5__vs__threshold 600/10000  M5 wins 86.3%  10.02 matches/s
2026-10-06 05:45:14,105 INFO     league_010 — M5__vs__random 3300/10000  M5 wins 83.8%  15.65 matches/s
2026-10-06 05:45:17,853 INFO     league_010 — M20__vs__threshold 5100/10000  M20 wins 92.6%  7.46 matches/s
2026-10-06 05:45:18,524 INFO     league_010 — M5__vs__threshold 700/10000  M5 wins 85.9%  10.01 matches/s
2026-10-06 05:45:20,273 INFO     league_010 — M5__vs__random 3400/10000  M5 wins 83.7%  15.67 matches/s
2026-10-06 05:45:26,117 INFO     league_010 — M5__vs__random 3500/10000  M5 wins 83.6%  15.71 matches/s
2026-10-06 05:45:28,504 INFO     league_010 — M5__vs__threshold 800/10000  M5 wins 85.8%  10.01 matches/s
2026-10-06 05:45:30,875 INFO     league_010 — M20__vs__threshold 5200/10000  M20 wins 92.6%  7.46 matches/s
2026-10-06 05:45:32,361 INFO     league_010 — M5__vs__random 3600/10000  M5 wins 83.5%  15.72 matches/s
2026-10-06 05:45:38,592 INFO     league_010 — M5__vs__random 3700/10000  M5 wins 83.6%  15.72 matches/s
2026-10-06 05:45:38,726 INFO     league_010 — M5__vs__threshold 900/10000  M5 wins 85.8%  9.99 matches/s
2026-10-06 05:45:44,286 INFO     league_010 — M20__vs__threshold 5300/10000  M20 wins 92.6%  7.46 matches/s
2026-10-06 05:45:44,708 INFO     league_010 — M5__vs__random 3800/10000  M5 wins 83.7%  15.74 matches/s
2026-10-06 05:45:49,081 INFO     league_010 — M5__vs__threshold 1000/10000  M5 wins 85.8%  9.95 matches/s
2026-10-06 05:45:51,335 INFO     league_010 — M5__vs__random 3900/10000  M5 wins 83.6%  15.72 matches/s
2026-10-06 05:45:57,854 INFO     league_010 — M20__vs__threshold 5400/10000  M20 wins 92.7%  7.46 matches/s
2026-10-06 05:45:57,894 INFO     league_010 — M5__vs__random 4000/10000  M5 wins 83.8%  15.71 matches/s
2026-10-06 05:45:59,214 INFO     league_010 — M5__vs__threshold 1100/10000  M5 wins 86.2%  9.94 matches/s
2026-10-06 05:46:04,219 INFO     league_010 — M5__vs__random 4100/10000  M5 wins 83.8%  15.71 matches/s
2026-10-06 05:46:09,575 INFO     league_010 — M5__vs__threshold 1200/10000  M5 wins 86.2%  9.92 matches/s
2026-10-06 05:46:10,446 INFO     league_010 — M5__vs__random 4200/10000  M5 wins 83.9%  15.72 matches/s
2026-10-06 05:46:11,173 INFO     league_010 — M20__vs__threshold 5500/10000  M20 wins 92.7%  7.46 matches/s
2026-10-06 05:46:16,284 INFO     league_010 — M5__vs__random 4300/10000  M5 wins 84.0%  15.75 matches/s
2026-10-06 05:46:19,461 INFO     league_010 — M5__vs__threshold 1300/10000  M5 wins 86.0%  9.93 matches/s
2026-10-06 05:46:22,722 INFO     league_010 — M5__vs__random 4400/10000  M5 wins 84.0%  15.75 matches/s
2026-10-06 05:46:24,831 INFO     league_010 — M20__vs__threshold 5600/10000  M20 wins 92.7%  7.46 matches/s
2026-10-06 05:46:29,142 INFO     league_010 — M5__vs__random 4500/10000  M5 wins 83.9%  15.74 matches/s
2026-10-06 05:46:29,219 INFO     league_010 — M5__vs__threshold 1400/10000  M5 wins 86.1%  9.96 matches/s
2026-10-06 05:46:35,350 INFO     league_010 — M5__vs__random 4600/10000  M5 wins 84.0%  15.75 matches/s
2026-10-06 05:46:37,455 INFO     league_010 — M20__vs__threshold 5700/10000  M20 wins 92.8%  7.46 matches/s
2026-10-06 05:46:39,358 INFO     league_010 — M5__vs__threshold 1500/10000  M5 wins 86.3%  9.95 matches/s
2026-10-06 05:46:41,337 INFO     league_010 — M5__vs__random 4700/10000  M5 wins 84.0%  15.77 matches/s
2026-10-06 05:46:47,541 INFO     league_010 — M5__vs__random 4800/10000  M5 wins 84.0%  15.78 matches/s
2026-10-06 05:46:49,100 INFO     league_010 — M5__vs__threshold 1600/10000  M5 wins 86.5%  9.97 matches/s
2026-10-06 05:46:50,981 INFO     league_010 — M20__vs__threshold 5800/10000  M20 wins 92.8%  7.46 matches/s
2026-10-06 05:46:53,639 INFO     league_010 — M5__vs__random 4900/10000  M5 wins 84.0%  15.79 matches/s
2026-10-06 05:46:59,064 INFO     league_010 — M5__vs__threshold 1700/10000  M5 wins 86.2%  9.97 matches/s
2026-10-06 05:46:59,809 INFO     league_010 — M5__vs__random 5000/10000  M5 wins 84.0%  15.80 matches/s
2026-10-06 05:47:04,054 INFO     league_010 — M20__vs__threshold 5900/10000  M20 wins 92.8%  7.47 matches/s
2026-10-06 05:47:06,186 INFO     league_010 — M5__vs__random 5100/10000  M5 wins 84.1%  15.79 matches/s
2026-10-06 05:47:09,256 INFO     league_010 — M5__vs__threshold 1800/10000  M5 wins 86.0%  9.96 matches/s
2026-10-06 05:47:12,047 INFO     league_010 — M5__vs__random 5200/10000  M5 wins 84.0%  15.82 matches/s
2026-10-06 05:47:17,390 INFO     league_010 — M20__vs__threshold 6000/10000  M20 wins 92.8%  7.47 matches/s
2026-10-06 05:47:18,402 INFO     league_010 — M5__vs__random 5300/10000  M5 wins 84.1%  15.82 matches/s
2026-10-06 05:47:19,231 INFO     league_010 — M5__vs__threshold 1900/10000  M5 wins 85.8%  9.97 matches/s
2026-10-06 05:47:24,639 INFO     league_010 — M5__vs__random 5400/10000  M5 wins 83.9%  15.82 matches/s
2026-10-06 05:47:29,330 INFO     league_010 — M5__vs__threshold 2000/10000  M5 wins 85.9%  9.96 matches/s
2026-10-06 05:47:30,497 INFO     league_010 — M20__vs__threshold 6100/10000  M20 wins 92.8%  7.47 matches/s
2026-10-06 05:47:31,249 INFO     league_010 — M5__vs__random 5500/10000  M5 wins 83.9%  15.81 matches/s
2026-10-06 05:47:37,433 INFO     league_010 — M5__vs__random 5600/10000  M5 wins 83.9%  15.81 matches/s
2026-10-06 05:47:39,129 INFO     league_010 — M5__vs__threshold 2100/10000  M5 wins 86.1%  9.97 matches/s
2026-10-06 05:47:43,879 INFO     league_010 — M20__vs__threshold 6200/10000  M20 wins 92.7%  7.47 matches/s
2026-10-06 05:47:43,883 INFO     league_010 — M5__vs__random 5700/10000  M5 wins 83.9%  15.81 matches/s
2026-10-06 05:47:49,128 INFO     league_010 — M5__vs__threshold 2200/10000  M5 wins 86.0%  9.98 matches/s
2026-10-06 05:47:49,999 INFO     league_010 — M5__vs__random 5800/10000  M5 wins 84.0%  15.82 matches/s
2026-10-06 05:47:56,316 INFO     league_010 — M5__vs__random 5900/10000  M5 wins 84.0%  15.82 matches/s
2026-10-06 05:47:57,530 INFO     league_010 — M20__vs__threshold 6300/10000  M20 wins 92.7%  7.47 matches/s
2026-10-06 05:47:59,073 INFO     league_010 — M5__vs__threshold 2300/10000  M5 wins 86.1%  9.98 matches/s
2026-10-06 05:48:02,928 INFO     league_010 — M5__vs__random 6000/10000  M5 wins 84.2%  15.80 matches/s
2026-10-06 05:48:09,086 INFO     league_010 — M5__vs__threshold 2400/10000  M5 wins 86.2%  9.98 matches/s
2026-10-06 05:48:09,544 INFO     league_010 — M5__vs__random 6100/10000  M5 wins 84.3%  15.79 matches/s
2026-10-06 05:48:11,513 INFO     league_010 — M20__vs__threshold 6400/10000  M20 wins 92.7%  7.46 matches/s
2026-10-06 05:48:15,850 INFO     league_010 — M5__vs__random 6200/10000  M5 wins 84.3%  15.79 matches/s
2026-10-06 05:48:19,318 INFO     league_010 — M5__vs__threshold 2500/10000  M5 wins 86.2%  9.97 matches/s
2026-10-06 05:48:21,598 INFO     league_010 — M5__vs__random 6300/10000  M5 wins 84.3%  15.82 matches/s
2026-10-06 05:48:24,790 INFO     league_010 — M20__vs__threshold 6500/10000  M20 wins 92.7%  7.46 matches/s
2026-10-06 05:48:28,184 INFO     league_010 — M5__vs__random 6400/10000  M5 wins 84.3%  15.81 matches/s
2026-10-06 05:48:29,129 INFO     league_010 — M5__vs__threshold 2600/10000  M5 wins 86.2%  9.98 matches/s
2026-10-06 05:48:34,737 INFO     league_010 — M5__vs__random 6500/10000  M5 wins 84.4%  15.80 matches/s
2026-10-06 05:48:38,170 INFO     league_010 — M20__vs__threshold 6600/10000  M20 wins 92.7%  7.46 matches/s
2026-10-06 05:48:39,023 INFO     league_010 — M5__vs__threshold 2700/10000  M5 wins 86.3%  9.98 matches/s
2026-10-06 05:48:40,896 INFO     league_010 — M5__vs__random 6600/10000  M5 wins 84.3%  15.80 matches/s
2026-10-06 05:48:47,401 INFO     league_010 — M5__vs__random 6700/10000  M5 wins 84.3%  15.80 matches/s
2026-10-06 05:48:49,207 INFO     league_010 — M5__vs__threshold 2800/10000  M5 wins 86.1%  9.98 matches/s
2026-10-06 05:48:51,412 INFO     league_010 — M20__vs__threshold 6700/10000  M20 wins 92.7%  7.46 matches/s
2026-10-06 05:48:53,472 INFO     league_010 — M5__vs__random 6800/10000  M5 wins 84.3%  15.81 matches/s
2026-10-06 05:48:59,243 INFO     league_010 — M5__vs__threshold 2900/10000  M5 wins 86.1%  9.98 matches/s
2026-10-06 05:49:00,464 INFO     league_010 — M5__vs__random 6900/10000  M5 wins 84.3%  15.78 matches/s
2026-10-06 05:49:04,354 INFO     league_010 — M20__vs__threshold 6800/10000  M20 wins 92.7%  7.47 matches/s
2026-10-06 05:49:06,331 INFO     league_010 — M5__vs__random 7000/10000  M5 wins 84.4%  15.80 matches/s
2026-10-06 05:49:09,285 INFO     league_010 — M5__vs__threshold 3000/10000  M5 wins 85.9%  9.98 matches/s
2026-10-06 05:49:12,532 INFO     league_010 — M5__vs__random 7100/10000  M5 wins 84.4%  15.80 matches/s
2026-10-06 05:49:17,897 INFO     league_010 — M20__vs__threshold 6900/10000  M20 wins 92.7%  7.47 matches/s
2026-10-06 05:49:18,515 INFO     league_010 — M5__vs__random 7200/10000  M5 wins 84.4%  15.82 matches/s
2026-10-06 05:49:19,172 INFO     league_010 — M5__vs__threshold 3100/10000  M5 wins 85.9%  9.98 matches/s
2026-10-06 05:49:24,868 INFO     league_010 — M5__vs__random 7300/10000  M5 wins 84.4%  15.82 matches/s
2026-10-06 05:49:29,255 INFO     league_010 — M5__vs__threshold 3200/10000  M5 wins 85.8%  9.98 matches/s
2026-10-06 05:49:30,670 INFO     league_010 — M20__vs__threshold 7000/10000  M20 wins 92.7%  7.47 matches/s
2026-10-06 05:49:31,239 INFO     league_010 — M5__vs__random 7400/10000  M5 wins 84.5%  15.81 matches/s
2026-10-06 05:49:37,358 INFO     league_010 — M5__vs__random 7500/10000  M5 wins 84.4%  15.82 matches/s
2026-10-06 05:49:39,260 INFO     league_010 — M5__vs__threshold 3300/10000  M5 wins 85.9%  9.98 matches/s
2026-10-06 05:49:43,098 INFO     league_010 — M5__vs__random 7600/10000  M5 wins 84.3%  15.84 matches/s
2026-10-06 05:49:43,926 INFO     league_010 — M20__vs__threshold 7100/10000  M20 wins 92.6%  7.47 matches/s
2026-10-06 05:49:49,448 INFO     league_010 — M5__vs__threshold 3400/10000  M5 wins 85.9%  9.98 matches/s
2026-10-06 05:49:49,736 INFO     league_010 — M5__vs__random 7700/10000  M5 wins 84.4%  15.83 matches/s
2026-10-06 05:49:56,266 INFO     league_010 — M5__vs__random 7800/10000  M5 wins 84.4%  15.82 matches/s
2026-10-06 05:49:57,374 INFO     league_010 — M20__vs__threshold 7200/10000  M20 wins 92.6%  7.47 matches/s
2026-10-06 05:49:59,717 INFO     league_010 — M5__vs__threshold 3500/10000  M5 wins 85.8%  9.97 matches/s
2026-10-06 05:50:02,313 INFO     league_010 — M5__vs__random 7900/10000  M5 wins 84.4%  15.83 matches/s
2026-10-06 05:50:08,697 INFO     league_010 — M5__vs__random 8000/10000  M5 wins 84.5%  15.83 matches/s
2026-10-06 05:50:10,019 INFO     league_010 — M5__vs__threshold 3600/10000  M5 wins 85.8%  9.96 matches/s
2026-10-06 05:50:10,430 INFO     league_010 — M20__vs__threshold 7300/10000  M20 wins 92.6%  7.47 matches/s
2026-10-06 05:50:14,518 INFO     league_010 — M5__vs__random 8100/10000  M5 wins 84.5%  15.84 matches/s
2026-10-06 05:50:20,208 INFO     league_010 — M5__vs__threshold 3700/10000  M5 wins 85.8%  9.96 matches/s
2026-10-06 05:50:20,868 INFO     league_010 — M5__vs__random 8200/10000  M5 wins 84.5%  15.84 matches/s
2026-10-06 05:50:24,094 INFO     league_010 — M20__vs__threshold 7400/10000  M20 wins 92.6%  7.47 matches/s
2026-10-06 05:50:27,030 INFO     league_010 — M5__vs__random 8300/10000  M5 wins 84.5%  15.85 matches/s
2026-10-06 05:50:30,130 INFO     league_010 — M5__vs__threshold 3800/10000  M5 wins 85.7%  9.96 matches/s
2026-10-06 05:50:33,469 INFO     league_010 — M5__vs__random 8400/10000  M5 wins 84.5%  15.84 matches/s
2026-10-06 05:50:37,443 INFO     league_010 — M20__vs__threshold 7500/10000  M20 wins 92.6%  7.47 matches/s
2026-10-06 05:50:39,519 INFO     league_010 — M5__vs__random 8500/10000  M5 wins 84.5%  15.85 matches/s
2026-10-06 05:50:40,391 INFO     league_010 — M5__vs__threshold 3900/10000  M5 wins 85.8%  9.95 matches/s
2026-10-06 05:50:45,643 INFO     league_010 — M5__vs__random 8600/10000  M5 wins 84.5%  15.86 matches/s
2026-10-06 05:50:50,430 INFO     league_010 — M5__vs__threshold 4000/10000  M5 wins 85.8%  9.95 matches/s
2026-10-06 05:50:51,067 INFO     league_010 — M20__vs__threshold 7600/10000  M20 wins 92.6%  7.47 matches/s
2026-10-06 05:50:51,788 INFO     league_010 — M5__vs__random 8700/10000  M5 wins 84.5%  15.86 matches/s
2026-10-06 05:50:58,454 INFO     league_010 — M5__vs__random 8800/10000  M5 wins 84.5%  15.85 matches/s
2026-10-06 05:51:00,555 INFO     league_010 — M5__vs__threshold 4100/10000  M5 wins 85.9%  9.95 matches/s
2026-10-06 05:51:04,712 INFO     league_010 — M20__vs__threshold 7700/10000  M20 wins 92.5%  7.47 matches/s
2026-10-06 05:51:05,231 INFO     league_010 — M5__vs__random 8900/10000  M5 wins 84.5%  15.84 matches/s
2026-10-06 05:51:10,548 INFO     league_010 — M5__vs__threshold 4200/10000  M5 wins 85.8%  9.95 matches/s
2026-10-06 05:51:11,433 INFO     league_010 — M5__vs__random 9000/10000  M5 wins 84.5%  15.84 matches/s
2026-10-06 05:51:17,639 INFO     league_010 — M5__vs__random 9100/10000  M5 wins 84.5%  15.84 matches/s
2026-10-06 05:51:18,806 INFO     league_010 — M20__vs__threshold 7800/10000  M20 wins 92.5%  7.46 matches/s
2026-10-06 05:51:20,557 INFO     league_010 — M5__vs__threshold 4300/10000  M5 wins 85.7%  9.95 matches/s
2026-10-06 05:51:24,110 INFO     league_010 — M5__vs__random 9200/10000  M5 wins 84.5%  15.84 matches/s
2026-10-06 05:51:30,118 INFO     league_010 — M5__vs__random 9300/10000  M5 wins 84.6%  15.85 matches/s
2026-10-06 05:51:30,704 INFO     league_010 — M5__vs__threshold 4400/10000  M5 wins 85.6%  9.95 matches/s
2026-10-06 05:51:31,916 INFO     league_010 — M20__vs__threshold 7900/10000  M20 wins 92.5%  7.47 matches/s
2026-10-06 05:51:36,515 INFO     league_010 — M5__vs__random 9400/10000  M5 wins 84.6%  15.85 matches/s
2026-10-06 05:51:40,807 INFO     league_010 — M5__vs__threshold 4500/10000  M5 wins 85.6%  9.95 matches/s
2026-10-06 05:51:42,883 INFO     league_010 — M5__vs__random 9500/10000  M5 wins 84.6%  15.84 matches/s
2026-10-06 05:51:45,440 INFO     league_010 — M20__vs__threshold 8000/10000  M20 wins 92.6%  7.46 matches/s
2026-10-06 05:51:48,739 INFO     league_010 — M5__vs__random 9600/10000  M5 wins 84.6%  15.86 matches/s
2026-10-06 05:51:50,654 INFO     league_010 — M5__vs__threshold 4600/10000  M5 wins 85.5%  9.96 matches/s
2026-10-06 05:51:55,616 INFO     league_010 — M5__vs__random 9700/10000  M5 wins 84.5%  15.84 matches/s
2026-10-06 05:51:58,577 INFO     league_010 — M20__vs__threshold 8100/10000  M20 wins 92.5%  7.47 matches/s
2026-10-06 05:52:00,482 INFO     league_010 — M5__vs__threshold 4700/10000  M5 wins 85.5%  9.96 matches/s
2026-10-06 05:52:01,336 INFO     league_010 — M5__vs__random 9800/10000  M5 wins 84.4%  15.86 matches/s
2026-10-06 05:52:07,071 INFO     league_010 — M5__vs__random 9900/10000  M5 wins 84.5%  15.87 matches/s
2026-10-06 05:52:10,827 INFO     league_010 — M5__vs__threshold 4800/10000  M5 wins 85.5%  9.95 matches/s
2026-10-06 05:52:11,823 INFO     league_010 — M20__vs__threshold 8200/10000  M20 wins 92.5%  7.47 matches/s
2026-10-06 05:52:13,400 INFO     league_010 — M5__vs__random 10000/10000  M5 wins 84.4%  15.87 matches/s
2026-10-06 05:52:13,402 INFO     league_010 — M5__vs__random winners_sha256=0624413b72ce5e86e908915ff7ca0f8cd555ecf1460b1296868a68dbbd3d147d
2026-10-06 05:52:20,825 INFO     league_010 — M5__vs__threshold 4900/10000  M5 wins 85.5%  9.95 matches/s
2026-10-06 05:52:21,520 INFO     league_010 — bc_init__vs__random 100/10000  bc_init wins 73.0%  12.50 matches/s
2026-10-06 05:52:25,512 INFO     league_010 — M20__vs__threshold 8300/10000  M20 wins 92.5%  7.47 matches/s
2026-10-06 05:52:29,654 INFO     league_010 — bc_init__vs__random 200/10000  bc_init wins 77.5%  12.40 matches/s
2026-10-06 05:52:30,701 INFO     league_010 — M5__vs__threshold 5000/10000  M5 wins 85.5%  9.96 matches/s
2026-10-06 05:52:37,599 INFO     league_010 — bc_init__vs__random 300/10000  bc_init wins 79.7%  12.46 matches/s
2026-10-06 05:52:38,450 INFO     league_010 — M20__vs__threshold 8400/10000  M20 wins 92.5%  7.47 matches/s
2026-10-06 05:52:41,098 INFO     league_010 — M5__vs__threshold 5100/10000  M5 wins 85.6%  9.95 matches/s
2026-10-06 05:52:45,568 INFO     league_010 — bc_init__vs__random 400/10000  bc_init wins 82.2%  12.48 matches/s
2026-10-06 05:52:51,168 INFO     league_010 — M5__vs__threshold 5200/10000  M5 wins 85.5%  9.95 matches/s
2026-10-06 05:52:51,785 INFO     league_010 — M20__vs__threshold 8500/10000  M20 wins 92.6%  7.47 matches/s
2026-10-06 05:52:53,246 INFO     league_010 — bc_init__vs__random 500/10000  bc_init wins 83.6%  12.59 matches/s
2026-10-06 05:53:00,724 INFO     league_010 — bc_init__vs__random 600/10000  bc_init wins 84.0%  12.71 matches/s
2026-10-06 05:53:01,300 INFO     league_010 — M5__vs__threshold 5300/10000  M5 wins 85.4%  9.95 matches/s
2026-10-06 05:53:04,960 INFO     league_010 — M20__vs__threshold 8600/10000  M20 wins 92.6%  7.47 matches/s
2026-10-06 05:53:08,930 INFO     league_010 — bc_init__vs__random 700/10000  bc_init wins 84.1%  12.63 matches/s
2026-10-06 05:53:11,352 INFO     league_010 — M5__vs__threshold 5400/10000  M5 wins 85.4%  9.95 matches/s
2026-10-06 05:53:17,033 INFO     league_010 — bc_init__vs__random 800/10000  bc_init wins 83.4%  12.60 matches/s
2026-10-06 05:53:18,062 INFO     league_010 — M20__vs__threshold 8700/10000  M20 wins 92.5%  7.47 matches/s
2026-10-06 05:53:21,323 INFO     league_010 — M5__vs__threshold 5500/10000  M5 wins 85.4%  9.95 matches/s
2026-10-06 05:53:24,884 INFO     league_010 — bc_init__vs__random 900/10000  bc_init wins 83.8%  12.61 matches/s
2026-10-06 05:53:31,351 INFO     league_010 — M5__vs__threshold 5600/10000  M5 wins 85.4%  9.95 matches/s
2026-10-06 05:53:31,598 INFO     league_010 — M20__vs__threshold 8800/10000  M20 wins 92.5%  7.47 matches/s
2026-10-06 05:53:32,811 INFO     league_010 — bc_init__vs__random 1000/10000  bc_init wins 84.4%  12.61 matches/s
2026-10-06 05:53:40,720 INFO     league_010 — bc_init__vs__random 1100/10000  bc_init wins 83.5%  12.61 matches/s
2026-10-06 05:53:41,375 INFO     league_010 — M5__vs__threshold 5700/10000  M5 wins 85.5%  9.95 matches/s
2026-10-06 05:53:45,050 INFO     league_010 — M20__vs__threshold 8900/10000  M20 wins 92.5%  7.47 matches/s
2026-10-06 05:53:48,649 INFO     league_010 — bc_init__vs__random 1200/10000  bc_init wins 83.4%  12.61 matches/s
2026-10-06 05:53:51,561 INFO     league_010 — M5__vs__threshold 5800/10000  M5 wins 85.4%  9.95 matches/s
2026-10-06 05:53:56,613 INFO     league_010 — bc_init__vs__random 1300/10000  bc_init wins 84.0%  12.61 matches/s
2026-10-06 05:53:58,835 INFO     league_010 — M20__vs__threshold 9000/10000  M20 wins 92.5%  7.47 matches/s
2026-10-06 05:54:01,716 INFO     league_010 — M5__vs__threshold 5900/10000  M5 wins 85.3%  9.95 matches/s
2026-10-06 05:54:04,398 INFO     league_010 — bc_init__vs__random 1400/10000  bc_init wins 84.0%  12.63 matches/s
2026-10-06 05:54:11,745 INFO     league_010 — M5__vs__threshold 6000/10000  M5 wins 85.2%  9.95 matches/s
2026-10-06 05:54:11,977 INFO     league_010 — bc_init__vs__random 1500/10000  bc_init wins 84.1%  12.66 matches/s
2026-10-06 05:54:12,562 INFO     league_010 — M20__vs__threshold 9100/10000  M20 wins 92.5%  7.47 matches/s
2026-10-06 05:54:19,184 INFO     league_010 — bc_init__vs__random 1600/10000  bc_init wins 83.8%  12.73 matches/s
2026-10-06 05:54:21,979 INFO     league_010 — M5__vs__threshold 6100/10000  M5 wins 85.2%  9.94 matches/s
2026-10-06 05:54:26,055 INFO     league_010 — M20__vs__threshold 9200/10000  M20 wins 92.5%  7.47 matches/s
2026-10-06 05:54:27,015 INFO     league_010 — bc_init__vs__random 1700/10000  bc_init wins 83.8%  12.73 matches/s
2026-10-06 05:54:32,344 INFO     league_010 — M5__vs__threshold 6200/10000  M5 wins 85.2%  9.94 matches/s
2026-10-06 05:54:34,429 INFO     league_010 — bc_init__vs__random 1800/10000  bc_init wins 83.7%  12.77 matches/s
2026-10-06 05:54:39,751 INFO     league_010 — M20__vs__threshold 9300/10000  M20 wins 92.5%  7.46 matches/s
2026-10-06 05:54:42,348 INFO     league_010 — bc_init__vs__random 1900/10000  bc_init wins 84.0%  12.77 matches/s
2026-10-06 05:54:42,558 INFO     league_010 — M5__vs__threshold 6300/10000  M5 wins 85.2%  9.94 matches/s
2026-10-06 05:54:49,995 INFO     league_010 — bc_init__vs__random 2000/10000  bc_init wins 84.0%  12.78 matches/s
2026-10-06 05:54:52,562 INFO     league_010 — M5__vs__threshold 6400/10000  M5 wins 85.2%  9.94 matches/s
2026-10-06 05:54:53,051 INFO     league_010 — M20__vs__threshold 9400/10000  M20 wins 92.5%  7.46 matches/s
2026-10-06 05:54:58,385 INFO     league_010 — bc_init__vs__random 2100/10000  bc_init wins 83.9%  12.74 matches/s
2026-10-06 05:55:02,477 INFO     league_010 — M5__vs__threshold 6500/10000  M5 wins 85.2%  9.94 matches/s
2026-10-06 05:55:05,746 INFO     league_010 — M20__vs__threshold 9500/10000  M20 wins 92.5%  7.47 matches/s
2026-10-06 05:55:05,860 INFO     league_010 — bc_init__vs__random 2200/10000  bc_init wins 83.8%  12.77 matches/s
2026-10-06 05:55:12,340 INFO     league_010 — M5__vs__threshold 6600/10000  M5 wins 85.2%  9.94 matches/s
2026-10-06 05:55:13,049 INFO     league_010 — bc_init__vs__random 2300/10000  bc_init wins 84.1%  12.81 matches/s
2026-10-06 05:55:18,986 INFO     league_010 — M20__vs__threshold 9600/10000  M20 wins 92.5%  7.47 matches/s
2026-10-06 05:55:20,396 INFO     league_010 — bc_init__vs__random 2400/10000  bc_init wins 84.0%  12.84 matches/s
2026-10-06 05:55:22,469 INFO     league_010 — M5__vs__threshold 6700/10000  M5 wins 85.1%  9.94 matches/s
2026-10-06 05:55:28,260 INFO     league_010 — bc_init__vs__random 2500/10000  bc_init wins 83.9%  12.84 matches/s
2026-10-06 05:55:32,086 INFO     league_010 — M20__vs__threshold 9700/10000  M20 wins 92.5%  7.47 matches/s
2026-10-06 05:55:32,681 INFO     league_010 — M5__vs__threshold 6800/10000  M5 wins 85.1%  9.94 matches/s
2026-10-06 05:55:35,999 INFO     league_010 — bc_init__vs__random 2600/10000  bc_init wins 83.8%  12.84 matches/s
2026-10-06 05:55:42,751 INFO     league_010 — M5__vs__threshold 6900/10000  M5 wins 85.2%  9.94 matches/s
2026-10-06 05:55:43,832 INFO     league_010 — bc_init__vs__random 2700/10000  bc_init wins 83.9%  12.84 matches/s
2026-10-06 05:55:45,340 INFO     league_010 — M20__vs__threshold 9800/10000  M20 wins 92.5%  7.47 matches/s
2026-10-06 05:55:51,733 INFO     league_010 — bc_init__vs__random 2800/10000  bc_init wins 84.1%  12.83 matches/s
2026-10-06 05:55:53,055 INFO     league_010 — M5__vs__threshold 7000/10000  M5 wins 85.3%  9.94 matches/s
2026-10-06 05:55:58,624 INFO     league_010 — M20__vs__threshold 9900/10000  M20 wins 92.5%  7.47 matches/s
2026-10-06 05:55:59,248 INFO     league_010 — bc_init__vs__random 2900/10000  bc_init wins 84.0%  12.85 matches/s
2026-10-06 05:56:03,101 INFO     league_010 — M5__vs__threshold 7100/10000  M5 wins 85.3%  9.94 matches/s
2026-10-06 05:56:07,489 INFO     league_010 — bc_init__vs__random 3000/10000  bc_init wins 83.7%  12.82 matches/s
2026-10-06 05:56:11,908 INFO     league_010 — M20__vs__threshold 10000/10000  M20 wins 92.5%  7.47 matches/s
2026-10-06 05:56:11,910 INFO     league_010 — M20__vs__threshold winners_sha256=1ca85071edffb35e2313cdd1ea96861b3bea80c0a42debf2c4868fe80f77a5d0
2026-10-06 05:56:11,972 INFO     league_010 — finished M20__vs__threshold
2026-10-06 05:56:11,972 INFO     league_010 — finished M5__vs__random
2026-10-06 05:56:13,060 INFO     league_010 — M5__vs__threshold 7200/10000  M5 wins 85.3%  9.94 matches/s
2026-10-06 05:56:15,136 INFO     league_010 — bc_init__vs__random 3100/10000  bc_init wins 83.8%  12.83 matches/s
2026-10-06 05:56:22,796 INFO     league_010 — bc_init__vs__random 3200/10000  bc_init wins 83.7%  12.84 matches/s
2026-10-06 05:56:23,376 INFO     league_010 — M5__vs__threshold 7300/10000  M5 wins 85.2%  9.94 matches/s
2026-10-06 05:56:26,351 INFO     league_010 — bc_init__vs__threshold 100/10000  bc_init wins 42.0%  6.98 matches/s
2026-10-06 05:56:30,898 INFO     league_010 — bc_init__vs__random 3300/10000  bc_init wins 83.7%  12.82 matches/s
2026-10-06 05:56:33,633 INFO     league_010 — M5__vs__threshold 7400/10000  M5 wins 85.2%  9.93 matches/s
2026-10-06 05:56:39,110 INFO     league_010 — bc_init__vs__random 3400/10000  bc_init wins 83.5%  12.80 matches/s
2026-10-06 05:56:40,722 INFO     league_010 — bc_init__vs__threshold 200/10000  bc_init wins 39.0%  6.97 matches/s
2026-10-06 05:56:43,665 INFO     league_010 — M5__vs__threshold 7500/10000  M5 wins 85.1%  9.93 matches/s
2026-10-06 05:56:47,073 INFO     league_010 — bc_init__vs__random 3500/10000  bc_init wins 83.7%  12.79 matches/s
2026-10-06 05:56:53,715 INFO     league_010 — M5__vs__threshold 7600/10000  M5 wins 85.1%  9.93 matches/s
2026-10-06 05:56:55,275 INFO     league_010 — bc_init__vs__random 3600/10000  bc_init wins 83.5%  12.78 matches/s
2026-10-06 05:56:55,999 INFO     league_010 — bc_init__vs__threshold 300/10000  bc_init wins 38.3%  6.82 matches/s
2026-10-06 05:57:03,371 INFO     league_010 — bc_init__vs__random 3700/10000  bc_init wins 83.5%  12.77 matches/s
2026-10-06 05:57:04,206 INFO     league_010 — M5__vs__threshold 7700/10000  M5 wins 85.0%  9.93 matches/s
2026-10-06 05:57:10,054 INFO     league_010 — bc_init__vs__threshold 400/10000  bc_init wins 38.0%  6.89 matches/s
2026-10-06 05:57:10,744 INFO     league_010 — bc_init__vs__random 3800/10000  bc_init wins 83.3%  12.79 matches/s
2026-10-06 05:57:14,243 INFO     league_010 — M5__vs__threshold 7800/10000  M5 wins 85.0%  9.93 matches/s
2026-10-06 05:57:18,694 INFO     league_010 — bc_init__vs__random 3900/10000  bc_init wins 83.5%  12.78 matches/s
2026-10-06 05:57:24,349 INFO     league_010 — M5__vs__threshold 7900/10000  M5 wins 85.0%  9.93 matches/s
2026-10-06 05:57:24,624 INFO     league_010 — bc_init__vs__threshold 500/10000  bc_init wins 38.6%  6.89 matches/s
2026-10-06 05:57:26,163 INFO     league_010 — bc_init__vs__random 4000/10000  bc_init wins 83.6%  12.79 matches/s
2026-10-06 05:57:33,944 INFO     league_010 — bc_init__vs__random 4100/10000  bc_init wins 83.6%  12.80 matches/s
2026-10-06 05:57:34,510 INFO     league_010 — M5__vs__threshold 8000/10000  M5 wins 85.0%  9.93 matches/s
2026-10-06 05:57:38,822 INFO     league_010 — bc_init__vs__threshold 600/10000  bc_init wins 39.3%  6.91 matches/s
2026-10-06 05:57:41,845 INFO     league_010 — bc_init__vs__random 4200/10000  bc_init wins 83.6%  12.79 matches/s
2026-10-06 05:57:44,645 INFO     league_010 — M5__vs__threshold 8100/10000  M5 wins 85.1%  9.93 matches/s
2026-10-06 05:57:49,626 INFO     league_010 — bc_init__vs__random 4300/10000  bc_init wins 83.5%  12.79 matches/s
2026-10-06 05:57:53,127 INFO     league_010 — bc_init__vs__threshold 700/10000  bc_init wins 38.7%  6.92 matches/s
2026-10-06 05:57:54,833 INFO     league_010 — M5__vs__threshold 8200/10000  M5 wins 85.1%  9.92 matches/s
2026-10-06 05:57:57,700 INFO     league_010 — bc_init__vs__random 4400/10000  bc_init wins 83.5%  12.78 matches/s
2026-10-06 05:58:04,985 INFO     league_010 — bc_init__vs__random 4500/10000  bc_init wins 83.5%  12.80 matches/s
2026-10-06 05:58:05,407 INFO     league_010 — M5__vs__threshold 8300/10000  M5 wins 85.1%  9.92 matches/s
2026-10-06 05:58:07,713 INFO     league_010 — bc_init__vs__threshold 800/10000  bc_init wins 38.6%  6.92 matches/s
2026-10-06 05:58:13,349 INFO     league_010 — bc_init__vs__random 4600/10000  bc_init wins 83.5%  12.78 matches/s
2026-10-06 05:58:15,838 INFO     league_010 — M5__vs__threshold 8400/10000  M5 wins 85.0%  9.91 matches/s
2026-10-06 05:58:21,534 INFO     league_010 — bc_init__vs__random 4700/10000  bc_init wins 83.3%  12.77 matches/s
2026-10-06 05:58:21,674 INFO     league_010 — bc_init__vs__threshold 900/10000  bc_init wins 38.9%  6.94 matches/s
2026-10-06 05:58:25,926 INFO     league_010 — M5__vs__threshold 8500/10000  M5 wins 85.0%  9.91 matches/s
2026-10-06 05:58:29,113 INFO     league_010 — bc_init__vs__random 4800/10000  bc_init wins 83.2%  12.78 matches/s
2026-10-06 05:58:35,937 INFO     league_010 — M5__vs__threshold 8600/10000  M5 wins 85.0%  9.92 matches/s
2026-10-06 05:58:36,954 INFO     league_010 — bc_init__vs__random 4900/10000  bc_init wins 83.2%  12.78 matches/s
2026-10-06 05:58:36,984 INFO     league_010 — bc_init__vs__threshold 1000/10000  bc_init wins 39.1%  6.90 matches/s
2026-10-06 05:58:44,455 INFO     league_010 — bc_init__vs__random 5000/10000  bc_init wins 83.3%  12.79 matches/s
2026-10-06 05:58:46,079 INFO     league_010 — M5__vs__threshold 8700/10000  M5 wins 85.1%  9.91 matches/s
2026-10-06 05:58:51,515 INFO     league_010 — bc_init__vs__threshold 1100/10000  bc_init wins 39.4%  6.90 matches/s
2026-10-06 05:58:52,002 INFO     league_010 — bc_init__vs__random 5100/10000  bc_init wins 83.4%  12.80 matches/s
2026-10-06 05:58:56,101 INFO     league_010 — M5__vs__threshold 8800/10000  M5 wins 85.1%  9.92 matches/s
2026-10-06 05:58:59,929 INFO     league_010 — bc_init__vs__random 5200/10000  bc_init wins 83.4%  12.80 matches/s
2026-10-06 05:59:06,084 INFO     league_010 — bc_init__vs__threshold 1200/10000  bc_init wins 39.0%  6.89 matches/s
2026-10-06 05:59:06,249 INFO     league_010 — M5__vs__threshold 8900/10000  M5 wins 85.1%  9.91 matches/s
2026-10-06 05:59:07,739 INFO     league_010 — bc_init__vs__random 5300/10000  bc_init wins 83.5%  12.80 matches/s
2026-10-06 05:59:15,471 INFO     league_010 — bc_init__vs__random 5400/10000  bc_init wins 83.5%  12.80 matches/s
2026-10-06 05:59:16,247 INFO     league_010 — M5__vs__threshold 9000/10000  M5 wins 85.1%  9.92 matches/s
2026-10-06 05:59:20,226 INFO     league_010 — bc_init__vs__threshold 1300/10000  bc_init wins 39.1%  6.91 matches/s
2026-10-06 05:59:23,699 INFO     league_010 — bc_init__vs__random 5500/10000  bc_init wins 83.5%  12.79 matches/s
2026-10-06 05:59:26,133 INFO     league_010 — M5__vs__threshold 9100/10000  M5 wins 85.2%  9.92 matches/s
2026-10-06 05:59:31,774 INFO     league_010 — bc_init__vs__random 5600/10000  bc_init wins 83.4%  12.78 matches/s
2026-10-06 05:59:34,673 INFO     league_010 — bc_init__vs__threshold 1400/10000  bc_init wins 39.2%  6.91 matches/s
2026-10-06 05:59:36,382 INFO     league_010 — M5__vs__threshold 9200/10000  M5 wins 85.2%  9.92 matches/s
2026-10-06 05:59:39,764 INFO     league_010 — bc_init__vs__random 5700/10000  bc_init wins 83.4%  12.77 matches/s
2026-10-06 05:59:46,504 INFO     league_010 — M5__vs__threshold 9300/10000  M5 wins 85.1%  9.92 matches/s
2026-10-06 05:59:47,543 INFO     league_010 — bc_init__vs__random 5800/10000  bc_init wins 83.4%  12.77 matches/s
2026-10-06 05:59:49,476 INFO     league_010 — bc_init__vs__threshold 1500/10000  bc_init wins 39.4%  6.90 matches/s
2026-10-06 05:59:55,622 INFO     league_010 — bc_init__vs__random 5900/10000  bc_init wins 83.3%  12.77 matches/s
2026-10-06 05:59:56,718 INFO     league_010 — M5__vs__threshold 9400/10000  M5 wins 85.1%  9.91 matches/s
2026-10-06 06:00:03,652 INFO     league_010 — bc_init__vs__random 6000/10000  bc_init wins 83.3%  12.76 matches/s
2026-10-06 06:00:03,698 INFO     league_010 — bc_init__vs__threshold 1600/10000  bc_init wins 39.2%  6.91 matches/s
2026-10-06 06:00:06,836 INFO     league_010 — M5__vs__threshold 9500/10000  M5 wins 85.1%  9.91 matches/s
2026-10-06 06:00:11,643 INFO     league_010 — bc_init__vs__random 6100/10000  bc_init wins 83.3%  12.76 matches/s
2026-10-06 06:00:17,361 INFO     league_010 — M5__vs__threshold 9600/10000  M5 wins 85.1%  9.91 matches/s
2026-10-06 06:00:17,924 INFO     league_010 — bc_init__vs__threshold 1700/10000  bc_init wins 39.2%  6.91 matches/s
2026-10-06 06:00:19,544 INFO     league_010 — bc_init__vs__random 6200/10000  bc_init wins 83.3%  12.76 matches/s
2026-10-06 06:00:27,490 INFO     league_010 — bc_init__vs__random 6300/10000  bc_init wins 83.4%  12.75 matches/s
2026-10-06 06:00:27,505 INFO     league_010 — M5__vs__threshold 9700/10000  M5 wins 85.1%  9.91 matches/s
2026-10-06 06:00:32,416 INFO     league_010 — bc_init__vs__threshold 1800/10000  bc_init wins 39.1%  6.91 matches/s
2026-10-06 06:00:35,244 INFO     league_010 — bc_init__vs__random 6400/10000  bc_init wins 83.4%  12.76 matches/s
2026-10-06 06:00:37,919 INFO     league_010 — M5__vs__threshold 9800/10000  M5 wins 85.0%  9.91 matches/s
2026-10-06 06:00:43,248 INFO     league_010 — bc_init__vs__random 6500/10000  bc_init wins 83.4%  12.75 matches/s
2026-10-06 06:00:46,293 INFO     league_010 — bc_init__vs__threshold 1900/10000  bc_init wins 38.7%  6.93 matches/s
2026-10-06 06:00:48,373 INFO     league_010 — M5__vs__threshold 9900/10000  M5 wins 85.1%  9.90 matches/s
2026-10-06 06:00:51,189 INFO     league_010 — bc_init__vs__random 6600/10000  bc_init wins 83.3%  12.75 matches/s
2026-10-06 06:00:58,473 INFO     league_010 — M5__vs__threshold 10000/10000  M5 wins 85.1%  9.90 matches/s
2026-10-06 06:00:58,475 INFO     league_010 — M5__vs__threshold winners_sha256=6cbdc643499b48d847aaedacad92b2fedd6bcfbe1f54a6a22790f052c712b350
2026-10-06 06:00:58,523 INFO     league_010 — finished M5__vs__threshold
2026-10-06 06:00:59,048 INFO     league_010 — random__vs__threshold 100/10000  random wins 14.0%  209.58 matches/s
2026-10-06 06:00:59,329 INFO     league_010 — bc_init__vs__random 6700/10000  bc_init wins 83.3%  12.74 matches/s
2026-10-06 06:00:59,545 INFO     league_010 — random__vs__threshold 200/10000  random wins 11.5%  205.12 matches/s
2026-10-06 06:01:00,078 INFO     league_010 — random__vs__threshold 300/10000  random wins 11.0%  198.99 matches/s
2026-10-06 06:01:00,604 INFO     league_010 — random__vs__threshold 400/10000  random wins 10.2%  196.65 matches/s
2026-10-06 06:01:00,762 INFO     league_010 — bc_init__vs__threshold 2000/10000  bc_init wins 38.9%  6.93 matches/s
2026-10-06 06:01:01,136 INFO     league_010 — random__vs__threshold 500/10000  random wins 11.4%  194.87 matches/s
2026-10-06 06:01:01,642 INFO     league_010 — random__vs__threshold 600/10000  random wins 11.7%  195.37 matches/s
2026-10-06 06:01:02,133 INFO     league_010 — random__vs__threshold 700/10000  random wins 11.9%  196.51 matches/s
2026-10-06 06:01:02,638 INFO     league_010 — random__vs__threshold 800/10000  random wins 11.5%  196.70 matches/s
2026-10-06 06:01:03,165 INFO     league_010 — random__vs__threshold 900/10000  random wins 12.2%  195.87 matches/s
2026-10-06 06:01:03,675 INFO     league_010 — random__vs__threshold 1000/10000  random wins 12.3%  195.92 matches/s
2026-10-06 06:01:04,172 INFO     league_010 — random__vs__threshold 1100/10000  random wins 12.3%  196.36 matches/s
2026-10-06 06:01:04,706 INFO     league_010 — random__vs__threshold 1200/10000  random wins 12.2%  195.57 matches/s
2026-10-06 06:01:05,217 INFO     league_010 — random__vs__threshold 1300/10000  random wins 12.2%  195.60 matches/s
2026-10-06 06:01:05,716 INFO     league_010 — random__vs__threshold 1400/10000  random wins 11.8%  195.92 matches/s
2026-10-06 06:01:06,233 INFO     league_010 — random__vs__threshold 1500/10000  random wins 11.7%  195.75 matches/s
2026-10-06 06:01:06,736 INFO     league_010 — random__vs__threshold 1600/10000  random wins 11.8%  195.94 matches/s
2026-10-06 06:01:07,036 INFO     league_010 — bc_init__vs__random 6800/10000  bc_init wins 83.3%  12.75 matches/s
2026-10-06 06:01:07,229 INFO     league_010 — random__vs__threshold 1700/10000  random wins 12.0%  196.33 matches/s
2026-10-06 06:01:07,718 INFO     league_010 — random__vs__threshold 1800/10000  random wins 12.2%  196.78 matches/s
2026-10-06 06:01:08,207 INFO     league_010 — random__vs__threshold 1900/10000  random wins 12.1%  197.17 matches/s
2026-10-06 06:01:08,721 INFO     league_010 — random__vs__threshold 2000/10000  random wins 12.0%  197.02 matches/s
2026-10-06 06:01:09,244 INFO     league_010 — random__vs__threshold 2100/10000  random wins 12.0%  196.75 matches/s
2026-10-06 06:01:09,755 INFO     league_010 — random__vs__threshold 2200/10000  random wins 11.9%  196.70 matches/s
2026-10-06 06:01:10,272 INFO     league_010 — random__vs__threshold 2300/10000  random wins 12.0%  196.56 matches/s
2026-10-06 06:01:10,805 INFO     league_010 — random__vs__threshold 2400/10000  random wins 12.2%  196.16 matches/s
2026-10-06 06:01:11,317 INFO     league_010 — random__vs__threshold 2500/10000  random wins 12.1%  196.13 matches/s
2026-10-06 06:01:11,835 INFO     league_010 — random__vs__threshold 2600/10000  random wins 12.3%  196.00 matches/s
2026-10-06 06:01:12,355 INFO     league_010 — random__vs__threshold 2700/10000  random wins 12.3%  195.87 matches/s
2026-10-06 06:01:12,869 INFO     league_010 — random__vs__threshold 2800/10000  random wins 12.3%  195.82 matches/s
2026-10-06 06:01:13,363 INFO     league_010 — random__vs__threshold 2900/10000  random wins 12.3%  196.05 matches/s
2026-10-06 06:01:13,871 INFO     league_010 — random__vs__threshold 3000/10000  random wins 12.4%  196.08 matches/s
2026-10-06 06:01:14,322 INFO     league_010 — bc_init__vs__random 6900/10000  bc_init wins 83.3%  12.76 matches/s
2026-10-06 06:01:14,377 INFO     league_010 — random__vs__threshold 3100/10000  random wins 12.3%  196.12 matches/s
2026-10-06 06:01:14,887 INFO     league_010 — random__vs__threshold 3200/10000  random wins 12.4%  196.11 matches/s
2026-10-06 06:01:15,368 INFO     league_010 — bc_init__vs__threshold 2100/10000  bc_init wins 39.0%  6.92 matches/s
2026-10-06 06:01:15,392 INFO     league_010 — random__vs__threshold 3300/10000  random wins 12.5%  196.17 matches/s
2026-10-06 06:01:15,902 INFO     league_010 — random__vs__threshold 3400/10000  random wins 12.5%  196.18 matches/s
2026-10-06 06:01:16,416 INFO     league_010 — random__vs__threshold 3500/10000  random wins 12.4%  196.13 matches/s
2026-10-06 06:01:16,915 INFO     league_010 — random__vs__threshold 3600/10000  random wins 12.4%  196.24 matches/s
2026-10-06 06:01:17,410 INFO     league_010 — random__vs__threshold 3700/10000  random wins 12.3%  196.40 matches/s
2026-10-06 06:01:17,946 INFO     league_010 — random__vs__threshold 3800/10000  random wins 12.3%  196.12 matches/s
2026-10-06 06:01:18,465 INFO     league_010 — random__vs__threshold 3900/10000  random wins 12.2%  196.03 matches/s
2026-10-06 06:01:19,002 INFO     league_010 — random__vs__threshold 4000/10000  random wins 12.1%  195.77 matches/s
2026-10-06 06:01:19,507 INFO     league_010 — random__vs__threshold 4100/10000  random wins 12.1%  195.83 matches/s
2026-10-06 06:01:19,994 INFO     league_010 — random__vs__threshold 4200/10000  random wins 12.0%  196.05 matches/s
2026-10-06 06:01:20,501 INFO     league_010 — random__vs__threshold 4300/10000  random wins 12.0%  196.08 matches/s
2026-10-06 06:01:20,971 INFO     league_010 — random__vs__threshold 4400/10000  random wins 12.0%  196.43 matches/s
2026-10-06 06:01:21,489 INFO     league_010 — random__vs__threshold 4500/10000  random wins 12.1%  196.35 matches/s
2026-10-06 06:01:21,626 INFO     league_010 — bc_init__vs__random 7000/10000  bc_init wins 83.2%  12.77 matches/s
2026-10-06 06:01:21,962 INFO     league_010 — random__vs__threshold 4600/10000  random wins 12.2%  196.65 matches/s
2026-10-06 06:01:22,461 INFO     league_010 — random__vs__threshold 4700/10000  random wins 12.1%  196.73 matches/s
2026-10-06 06:01:22,967 INFO     league_010 — random__vs__threshold 4800/10000  random wins 12.1%  196.75 matches/s
2026-10-06 06:01:23,517 INFO     league_010 — random__vs__threshold 4900/10000  random wins 12.1%  196.42 matches/s
2026-10-06 06:01:24,010 INFO     league_010 — random__vs__threshold 5000/10000  random wins 12.1%  196.54 matches/s
2026-10-06 06:01:24,507 INFO     league_010 — random__vs__threshold 5100/10000  random wins 12.1%  196.63 matches/s
2026-10-06 06:01:24,996 INFO     league_010 — random__vs__threshold 5200/10000  random wins 12.1%  196.78 matches/s
2026-10-06 06:01:25,499 INFO     league_010 — random__vs__threshold 5300/10000  random wins 12.1%  196.82 matches/s
2026-10-06 06:01:26,013 INFO     league_010 — random__vs__threshold 5400/10000  random wins 12.0%  196.77 matches/s
2026-10-06 06:01:26,525 INFO     league_010 — random__vs__threshold 5500/10000  random wins 12.1%  196.74 matches/s
2026-10-06 06:01:27,064 INFO     league_010 — random__vs__threshold 5600/10000  random wins 12.0%  196.54 matches/s
2026-10-06 06:01:27,575 INFO     league_010 — random__vs__threshold 5700/10000  random wins 12.0%  196.52 matches/s
2026-10-06 06:01:28,084 INFO     league_010 — random__vs__threshold 5800/10000  random wins 12.0%  196.52 matches/s
2026-10-06 06:01:28,576 INFO     league_010 — random__vs__threshold 5900/10000  random wins 12.1%  196.63 matches/s
2026-10-06 06:01:29,097 INFO     league_010 — random__vs__threshold 6000/10000  random wins 12.1%  196.55 matches/s
2026-10-06 06:01:29,227 INFO     league_010 — bc_init__vs__random 7100/10000  bc_init wins 83.3%  12.78 matches/s
2026-10-06 06:01:29,582 INFO     league_010 — bc_init__vs__threshold 2200/10000  bc_init wins 39.0%  6.93 matches/s
2026-10-06 06:01:29,603 INFO     league_010 — random__vs__threshold 6100/10000  random wins 12.1%  196.57 matches/s
2026-10-06 06:01:30,118 INFO     league_010 — random__vs__threshold 6200/10000  random wins 12.1%  196.53 matches/s
2026-10-06 06:01:30,655 INFO     league_010 — random__vs__threshold 6300/10000  random wins 12.1%  196.36 matches/s
2026-10-06 06:01:31,206 INFO     league_010 — random__vs__threshold 6400/10000  random wins 12.2%  196.11 matches/s
2026-10-06 06:01:31,707 INFO     league_010 — random__vs__threshold 6500/10000  random wins 12.2%  196.16 matches/s
2026-10-06 06:01:32,226 INFO     league_010 — random__vs__threshold 6600/10000  random wins 12.2%  196.11 matches/s
2026-10-06 06:01:32,718 INFO     league_010 — random__vs__threshold 6700/10000  random wins 12.2%  196.20 matches/s
2026-10-06 06:01:33,188 INFO     league_010 — random__vs__threshold 6800/10000  random wins 12.1%  196.43 matches/s
2026-10-06 06:01:33,713 INFO     league_010 — random__vs__threshold 6900/10000  random wins 12.1%  196.34 matches/s
2026-10-06 06:01:34,222 INFO     league_010 — random__vs__threshold 7000/10000  random wins 12.2%  196.34 matches/s
2026-10-06 06:01:34,715 INFO     league_010 — random__vs__threshold 7100/10000  random wins 12.2%  196.44 matches/s
2026-10-06 06:01:35,222 INFO     league_010 — random__vs__threshold 7200/10000  random wins 12.2%  196.44 matches/s
2026-10-06 06:01:35,740 INFO     league_010 — random__vs__threshold 7300/10000  random wins 12.3%  196.40 matches/s
2026-10-06 06:01:36,227 INFO     league_010 — random__vs__threshold 7400/10000  random wins 12.2%  196.51 matches/s
2026-10-06 06:01:36,738 INFO     league_010 — random__vs__threshold 7500/10000  random wins 12.2%  196.50 matches/s
2026-10-06 06:01:36,861 INFO     league_010 — bc_init__vs__random 7200/10000  bc_init wins 83.2%  12.78 matches/s
2026-10-06 06:01:37,188 INFO     league_010 — random__vs__threshold 7600/10000  random wins 12.2%  196.80 matches/s
2026-10-06 06:01:37,700 INFO     league_010 — random__vs__threshold 7700/10000  random wins 12.2%  196.78 matches/s
2026-10-06 06:01:38,203 INFO     league_010 — random__vs__threshold 7800/10000  random wins 12.2%  196.81 matches/s
2026-10-06 06:01:38,687 INFO     league_010 — random__vs__threshold 7900/10000  random wins 12.3%  196.92 matches/s
2026-10-06 06:01:39,185 INFO     league_010 — random__vs__threshold 8000/10000  random wins 12.3%  196.97 matches/s
2026-10-06 06:01:39,708 INFO     league_010 — random__vs__threshold 8100/10000  random wins 12.4%  196.90 matches/s
2026-10-06 06:01:40,201 INFO     league_010 — random__vs__threshold 8200/10000  random wins 12.4%  196.97 matches/s
2026-10-06 06:01:40,695 INFO     league_010 — random__vs__threshold 8300/10000  random wins 12.4%  197.03 matches/s
2026-10-06 06:01:41,205 INFO     league_010 — random__vs__threshold 8400/10000  random wins 12.4%  197.02 matches/s
2026-10-06 06:01:41,749 INFO     league_010 — random__vs__threshold 8500/10000  random wins 12.5%  196.86 matches/s
2026-10-06 06:01:42,261 INFO     league_010 — random__vs__threshold 8600/10000  random wins 12.4%  196.84 matches/s
2026-10-06 06:01:42,777 INFO     league_010 — random__vs__threshold 8700/10000  random wins 12.4%  196.80 matches/s
2026-10-06 06:01:43,299 INFO     league_010 — random__vs__threshold 8800/10000  random wins 12.5%  196.74 matches/s
2026-10-06 06:01:43,793 INFO     league_010 — random__vs__threshold 8900/10000  random wins 12.5%  196.81 matches/s
2026-10-06 06:01:44,308 INFO     league_010 — random__vs__threshold 9000/10000  random wins 12.5%  196.78 matches/s
2026-10-06 06:01:44,438 INFO     league_010 — bc_init__vs__threshold 2300/10000  bc_init wins 39.0%  6.92 matches/s
2026-10-06 06:01:44,470 INFO     league_010 — bc_init__vs__random 7300/10000  bc_init wins 83.1%  12.79 matches/s
2026-10-06 06:01:44,834 INFO     league_010 — random__vs__threshold 9100/10000  random wins 12.5%  196.70 matches/s
2026-10-06 06:01:45,375 INFO     league_010 — random__vs__threshold 9200/10000  random wins 12.6%  196.56 matches/s
2026-10-06 06:01:45,889 INFO     league_010 — random__vs__threshold 9300/10000  random wins 12.5%  196.54 matches/s
2026-10-06 06:01:46,416 INFO     league_010 — random__vs__threshold 9400/10000  random wins 12.6%  196.47 matches/s
2026-10-06 06:01:46,954 INFO     league_010 — random__vs__threshold 9500/10000  random wins 12.6%  196.35 matches/s
2026-10-06 06:01:47,480 INFO     league_010 — random__vs__threshold 9600/10000  random wins 12.6%  196.28 matches/s
2026-10-06 06:01:47,998 INFO     league_010 — random__vs__threshold 9700/10000  random wins 12.6%  196.25 matches/s
2026-10-06 06:01:48,510 INFO     league_010 — random__vs__threshold 9800/10000  random wins 12.7%  196.24 matches/s
2026-10-06 06:01:49,018 INFO     league_010 — random__vs__threshold 9900/10000  random wins 12.7%  196.24 matches/s
2026-10-06 06:01:49,518 INFO     league_010 — random__vs__threshold 10000/10000  random wins 12.7%  196.28 matches/s
2026-10-06 06:01:49,520 INFO     league_010 — random__vs__threshold winners_sha256=b027214ea692696f93452371ab8b22b62d5ce996b357c8299ef65ef691bb23fc
2026-10-06 06:01:51,758 INFO     league_010 — bc_init__vs__random 7400/10000  bc_init wins 83.0%  12.80 matches/s
2026-10-06 06:01:56,868 INFO     league_010 — bc_init__vs__threshold 2400/10000  bc_init wins 39.3%  6.96 matches/s
2026-10-06 06:01:57,453 INFO     league_010 — bc_init__vs__random 7500/10000  bc_init wins 83.0%  12.84 matches/s
2026-10-06 06:02:03,230 INFO     league_010 — bc_init__vs__random 7600/10000  bc_init wins 83.1%  12.89 matches/s
2026-10-06 06:02:08,026 INFO     league_010 — bc_init__vs__threshold 2500/10000  bc_init wins 39.6%  7.02 matches/s
2026-10-06 06:02:08,539 INFO     league_010 — bc_init__vs__random 7700/10000  bc_init wins 83.1%  12.94 matches/s
2026-10-06 06:02:14,192 INFO     league_010 — bc_init__vs__random 7800/10000  bc_init wins 83.1%  12.99 matches/s
2026-10-06 06:02:18,876 INFO     league_010 — bc_init__vs__threshold 2600/10000  bc_init wins 39.8%  7.09 matches/s
2026-10-06 06:02:19,856 INFO     league_010 — bc_init__vs__random 7900/10000  bc_init wins 83.1%  13.03 matches/s
2026-10-06 06:02:25,364 INFO     league_010 — bc_init__vs__random 8000/10000  bc_init wins 83.1%  13.08 matches/s
2026-10-06 06:02:29,817 INFO     league_010 — bc_init__vs__threshold 2700/10000  bc_init wins 39.6%  7.15 matches/s
2026-10-06 06:02:31,007 INFO     league_010 — bc_init__vs__random 8100/10000  bc_init wins 83.1%  13.12 matches/s
2026-10-06 06:02:36,208 INFO     league_010 — bc_init__vs__random 8200/10000  bc_init wins 83.2%  13.17 matches/s
2026-10-06 06:02:40,895 INFO     league_010 — bc_init__vs__threshold 2800/10000  bc_init wins 39.7%  7.20 matches/s
2026-10-06 06:02:42,131 INFO     league_010 — bc_init__vs__random 8300/10000  bc_init wins 83.2%  13.20 matches/s
2026-10-06 06:02:47,683 INFO     league_010 — bc_init__vs__random 8400/10000  bc_init wins 83.1%  13.25 matches/s
2026-10-06 06:02:51,753 INFO     league_010 — bc_init__vs__threshold 2900/10000  bc_init wins 39.8%  7.26 matches/s
2026-10-06 06:02:53,687 INFO     league_010 — bc_init__vs__random 8500/10000  bc_init wins 83.2%  13.28 matches/s
2026-10-06 06:02:59,359 INFO     league_010 — bc_init__vs__random 8600/10000  bc_init wins 83.2%  13.32 matches/s
2026-10-06 06:03:02,829 INFO     league_010 — bc_init__vs__threshold 3000/10000  bc_init wins 39.6%  7.30 matches/s
2026-10-06 06:03:05,004 INFO     league_010 — bc_init__vs__random 8700/10000  bc_init wins 83.1%  13.35 matches/s
2026-10-06 06:03:10,321 INFO     league_010 — bc_init__vs__random 8800/10000  bc_init wins 83.1%  13.40 matches/s
2026-10-06 06:03:13,942 INFO     league_010 — bc_init__vs__threshold 3100/10000  bc_init wins 39.6%  7.35 matches/s
2026-10-06 06:03:15,670 INFO     league_010 — bc_init__vs__random 8900/10000  bc_init wins 83.2%  13.44 matches/s
2026-10-06 06:03:21,314 INFO     league_010 — bc_init__vs__random 9000/10000  bc_init wins 83.1%  13.48 matches/s
2026-10-06 06:03:24,666 INFO     league_010 — bc_init__vs__threshold 3200/10000  bc_init wins 39.5%  7.40 matches/s
2026-10-06 06:03:26,762 INFO     league_010 — bc_init__vs__random 9100/10000  bc_init wins 83.2%  13.52 matches/s
2026-10-06 06:03:32,414 INFO     league_010 — bc_init__vs__random 9200/10000  bc_init wins 83.1%  13.55 matches/s
2026-10-06 06:03:35,617 INFO     league_010 — bc_init__vs__threshold 3300/10000  bc_init wins 39.7%  7.44 matches/s
2026-10-06 06:03:38,078 INFO     league_010 — bc_init__vs__random 9300/10000  bc_init wins 83.1%  13.59 matches/s
2026-10-06 06:03:43,466 INFO     league_010 — bc_init__vs__random 9400/10000  bc_init wins 83.1%  13.62 matches/s
2026-10-06 06:03:46,648 INFO     league_010 — bc_init__vs__threshold 3400/10000  bc_init wins 39.8%  7.48 matches/s
2026-10-06 06:03:49,069 INFO     league_010 — bc_init__vs__random 9500/10000  bc_init wins 83.1%  13.66 matches/s
2026-10-06 06:03:54,818 INFO     league_010 — bc_init__vs__random 9600/10000  bc_init wins 83.1%  13.69 matches/s
2026-10-06 06:03:57,446 INFO     league_010 — bc_init__vs__threshold 3500/10000  bc_init wins 39.8%  7.52 matches/s
2026-10-06 06:04:00,265 INFO     league_010 — bc_init__vs__random 9700/10000  bc_init wins 83.1%  13.72 matches/s
2026-10-06 06:04:06,034 INFO     league_010 — bc_init__vs__random 9800/10000  bc_init wins 83.1%  13.75 matches/s
2026-10-06 06:04:08,127 INFO     league_010 — bc_init__vs__threshold 3600/10000  bc_init wins 39.6%  7.56 matches/s
2026-10-06 06:04:11,735 INFO     league_010 — bc_init__vs__random 9900/10000  bc_init wins 83.1%  13.78 matches/s
2026-10-06 06:04:17,257 INFO     league_010 — bc_init__vs__random 10000/10000  bc_init wins 83.0%  13.82 matches/s
2026-10-06 06:04:17,259 INFO     league_010 — bc_init__vs__random winners_sha256=609f81d1df6a78dad2cc01f40989287a67c6e04ff2febe672a611534a03001db
2026-10-06 06:04:17,315 INFO     league_010 — finished bc_init__vs__random
2026-10-06 06:04:19,299 INFO     league_010 — bc_init__vs__threshold 3700/10000  bc_init wins 39.6%  7.59 matches/s
2026-10-06 06:04:30,051 INFO     league_010 — bc_init__vs__threshold 3800/10000  bc_init wins 39.8%  7.63 matches/s
2026-10-06 06:04:41,010 INFO     league_010 — bc_init__vs__threshold 3900/10000  bc_init wins 39.9%  7.66 matches/s
2026-10-06 06:04:51,741 INFO     league_010 — bc_init__vs__threshold 4000/10000  bc_init wins 39.9%  7.70 matches/s
2026-10-06 06:05:02,780 INFO     league_010 — bc_init__vs__threshold 4100/10000  bc_init wins 39.9%  7.72 matches/s
2026-10-06 06:05:13,473 INFO     league_010 — bc_init__vs__threshold 4200/10000  bc_init wins 40.0%  7.76 matches/s
2026-10-06 06:05:24,187 INFO     league_010 — bc_init__vs__threshold 4300/10000  bc_init wins 40.0%  7.79 matches/s
2026-10-06 06:05:34,894 INFO     league_010 — bc_init__vs__threshold 4400/10000  bc_init wins 40.0%  7.82 matches/s
2026-10-06 06:05:45,620 INFO     league_010 — bc_init__vs__threshold 4500/10000  bc_init wins 40.0%  7.85 matches/s
2026-10-06 06:05:56,487 INFO     league_010 — bc_init__vs__threshold 4600/10000  bc_init wins 40.0%  7.87 matches/s
2026-10-06 06:06:07,241 INFO     league_010 — bc_init__vs__threshold 4700/10000  bc_init wins 40.1%  7.90 matches/s
2026-10-06 06:06:18,165 INFO     league_010 — bc_init__vs__threshold 4800/10000  bc_init wins 40.1%  7.92 matches/s
2026-10-06 06:06:29,049 INFO     league_010 — bc_init__vs__threshold 4900/10000  bc_init wins 40.0%  7.94 matches/s
2026-10-06 06:06:39,614 INFO     league_010 — bc_init__vs__threshold 5000/10000  bc_init wins 40.1%  7.97 matches/s
2026-10-06 06:06:50,691 INFO     league_010 — bc_init__vs__threshold 5100/10000  bc_init wins 40.0%  7.99 matches/s
2026-10-06 06:07:01,518 INFO     league_010 — bc_init__vs__threshold 5200/10000  bc_init wins 40.1%  8.01 matches/s
2026-10-06 06:07:12,055 INFO     league_010 — bc_init__vs__threshold 5300/10000  bc_init wins 40.2%  8.03 matches/s
2026-10-06 06:07:22,590 INFO     league_010 — bc_init__vs__threshold 5400/10000  bc_init wins 40.2%  8.05 matches/s
2026-10-06 06:07:33,389 INFO     league_010 — bc_init__vs__threshold 5500/10000  bc_init wins 40.3%  8.07 matches/s
2026-10-06 06:07:44,151 INFO     league_010 — bc_init__vs__threshold 5600/10000  bc_init wins 40.2%  8.09 matches/s
2026-10-06 06:07:54,744 INFO     league_010 — bc_init__vs__threshold 5700/10000  bc_init wins 40.1%  8.11 matches/s
2026-10-06 06:08:05,365 INFO     league_010 — bc_init__vs__threshold 5800/10000  bc_init wins 40.1%  8.13 matches/s
2026-10-06 06:08:15,789 INFO     league_010 — bc_init__vs__threshold 5900/10000  bc_init wins 40.0%  8.15 matches/s
2026-10-06 06:08:26,535 INFO     league_010 — bc_init__vs__threshold 6000/10000  bc_init wins 40.0%  8.17 matches/s
2026-10-06 06:08:37,165 INFO     league_010 — bc_init__vs__threshold 6100/10000  bc_init wins 40.1%  8.19 matches/s
2026-10-06 06:08:47,911 INFO     league_010 — bc_init__vs__threshold 6200/10000  bc_init wins 40.1%  8.20 matches/s
2026-10-06 06:08:58,524 INFO     league_010 — bc_init__vs__threshold 6300/10000  bc_init wins 40.2%  8.22 matches/s
2026-10-06 06:09:09,063 INFO     league_010 — bc_init__vs__threshold 6400/10000  bc_init wins 40.1%  8.24 matches/s
2026-10-06 06:09:19,727 INFO     league_010 — bc_init__vs__threshold 6500/10000  bc_init wins 40.1%  8.25 matches/s
2026-10-06 06:09:30,722 INFO     league_010 — bc_init__vs__threshold 6600/10000  bc_init wins 40.1%  8.26 matches/s
2026-10-06 06:09:41,236 INFO     league_010 — bc_init__vs__threshold 6700/10000  bc_init wins 40.1%  8.28 matches/s
2026-10-06 06:09:52,301 INFO     league_010 — bc_init__vs__threshold 6800/10000  bc_init wins 40.2%  8.29 matches/s
2026-10-06 06:10:03,440 INFO     league_010 — bc_init__vs__threshold 6900/10000  bc_init wins 40.0%  8.30 matches/s
2026-10-06 06:10:14,244 INFO     league_010 — bc_init__vs__threshold 7000/10000  bc_init wins 40.1%  8.31 matches/s
2026-10-06 06:10:24,981 INFO     league_010 — bc_init__vs__threshold 7100/10000  bc_init wins 40.1%  8.32 matches/s
2026-10-06 06:10:35,969 INFO     league_010 — bc_init__vs__threshold 7200/10000  bc_init wins 40.1%  8.33 matches/s
2026-10-06 06:10:46,614 INFO     league_010 — bc_init__vs__threshold 7300/10000  bc_init wins 40.2%  8.35 matches/s
2026-10-06 06:10:57,275 INFO     league_010 — bc_init__vs__threshold 7400/10000  bc_init wins 40.2%  8.36 matches/s
2026-10-06 06:11:07,675 INFO     league_010 — bc_init__vs__threshold 7500/10000  bc_init wins 40.1%  8.37 matches/s
2026-10-06 06:11:18,558 INFO     league_010 — bc_init__vs__threshold 7600/10000  bc_init wins 40.2%  8.38 matches/s
2026-10-06 06:11:29,451 INFO     league_010 — bc_init__vs__threshold 7700/10000  bc_init wins 40.1%  8.39 matches/s
2026-10-06 06:11:40,481 INFO     league_010 — bc_init__vs__threshold 7800/10000  bc_init wins 40.2%  8.40 matches/s
2026-10-06 06:11:51,156 INFO     league_010 — bc_init__vs__threshold 7900/10000  bc_init wins 40.2%  8.41 matches/s
2026-10-06 06:12:01,864 INFO     league_010 — bc_init__vs__threshold 8000/10000  bc_init wins 40.2%  8.42 matches/s
2026-10-06 06:12:12,544 INFO     league_010 — bc_init__vs__threshold 8100/10000  bc_init wins 40.1%  8.43 matches/s
2026-10-06 06:12:23,705 INFO     league_010 — bc_init__vs__threshold 8200/10000  bc_init wins 40.1%  8.44 matches/s
2026-10-06 06:12:34,445 INFO     league_010 — bc_init__vs__threshold 8300/10000  bc_init wins 40.1%  8.45 matches/s
2026-10-06 06:12:45,222 INFO     league_010 — bc_init__vs__threshold 8400/10000  bc_init wins 40.2%  8.46 matches/s
2026-10-06 06:12:55,951 INFO     league_010 — bc_init__vs__threshold 8500/10000  bc_init wins 40.2%  8.47 matches/s
2026-10-06 06:13:06,988 INFO     league_010 — bc_init__vs__threshold 8600/10000  bc_init wins 40.2%  8.47 matches/s
2026-10-06 06:13:17,588 INFO     league_010 — bc_init__vs__threshold 8700/10000  bc_init wins 40.2%  8.48 matches/s
2026-10-06 06:13:28,433 INFO     league_010 — bc_init__vs__threshold 8800/10000  bc_init wins 40.1%  8.49 matches/s
2026-10-06 06:13:39,957 INFO     league_010 — bc_init__vs__threshold 8900/10000  bc_init wins 40.2%  8.49 matches/s
2026-10-06 06:13:51,078 INFO     league_010 — bc_init__vs__threshold 9000/10000  bc_init wins 40.2%  8.50 matches/s
2026-10-06 06:14:01,961 INFO     league_010 — bc_init__vs__threshold 9100/10000  bc_init wins 40.2%  8.51 matches/s
2026-10-06 06:14:12,953 INFO     league_010 — bc_init__vs__threshold 9200/10000  bc_init wins 40.2%  8.51 matches/s
2026-10-06 06:14:23,518 INFO     league_010 — bc_init__vs__threshold 9300/10000  bc_init wins 40.2%  8.52 matches/s
2026-10-06 06:14:34,577 INFO     league_010 — bc_init__vs__threshold 9400/10000  bc_init wins 40.1%  8.53 matches/s
2026-10-06 06:14:44,971 INFO     league_010 — bc_init__vs__threshold 9500/10000  bc_init wins 40.1%  8.54 matches/s
2026-10-06 06:14:56,295 INFO     league_010 — bc_init__vs__threshold 9600/10000  bc_init wins 40.1%  8.54 matches/s
2026-10-06 06:15:07,330 INFO     league_010 — bc_init__vs__threshold 9700/10000  bc_init wins 40.1%  8.54 matches/s
2026-10-06 06:15:18,286 INFO     league_010 — bc_init__vs__threshold 9800/10000  bc_init wins 40.1%  8.55 matches/s
2026-10-06 06:15:29,386 INFO     league_010 — bc_init__vs__threshold 9900/10000  bc_init wins 40.1%  8.55 matches/s
2026-10-06 06:15:40,212 INFO     league_010 — bc_init__vs__threshold 10000/10000  bc_init wins 40.1%  8.56 matches/s
2026-10-06 06:15:40,214 INFO     league_010 — bc_init__vs__threshold winners_sha256=b320c2c4bd19e5e7b28161230af6702b40fd56130f9fd2a5349bb3ecbd2678ba
2026-10-06 06:15:40,266 INFO     league_010 — finished bc_init__vs__threshold
2026-10-06 06:15:40,266 INFO     league_010 — finished random__vs__threshold
2026-10-06 06:15:40,326 INFO     league_010 — league league: all pairings done
exit 0 2026-10-06T06:15:41+00:00
