2026-06-05 01:04:30,062 INFO     train — Truco RL Training
2026-06-05 01:04:30,062 INFO     train —   Opponent mode : threshold
2026-06-05 01:04:30,062 INFO     train —   Total steps   : 5,000,000
2026-06-05 01:04:30,062 INFO     train —   Parallel envs : 16  (CPU cores: 20)
2026-06-05 01:04:30,062 INFO     train —   Shaped reward : True
2026-06-05 01:04:30,062 INFO     train —   Aux heads     : False  (lambda_max=0.100, anneal=10,000,000 steps)
2026-06-05 01:04:30,062 INFO     train —   MC rollouts   : 0  (V_MC in obs[169])
2026-06-05 01:04:30,062 INFO     train —   MC pot. reward: False
2026-06-05 01:04:30,062 INFO     train —   Load checkpoint: None (fresh)
2026-06-05 01:04:30,086 INFO     train —   Device        : cuda
2026-06-05 01:04:30,086 INFO     train —   Est. FPS      : ~2400  (16 envs × 150 FPS/env, capped at 20 cores)
2026-06-05 01:04:30,086 INFO     train —   Est. duration : ~0h 34m (rough — selfplay is slower)
Using cuda device
Logging to /home/guido/Desktop/fac/2026/mmo/truco-py/logs/MaskablePPO_threshold_9
---------------------------------
| rollout/           |          |
|    ep_len_mean     | 2.63     |
|    ep_rew_mean     | 0.217    |
| time/              |          |
|    fps             | 1281     |
|    iterations      | 1        |
|    time_elapsed    | 6        |
|    total_timesteps | 8192     |
---------------------------------
-----------------------------------------
| rollout/                |             |
|    ep_len_mean          | 2.72        |
|    ep_rew_mean          | 0.184       |
| time/                   |             |
|    fps                  | 1322        |
|    iterations           | 2           |
|    time_elapsed         | 12          |
|    total_timesteps      | 16384       |
| train/                  |             |
|    approx_kl            | 0.002795782 |
|    clip_fraction        | 0.00217     |
|    clip_range           | 0.2         |
|    entropy_loss         | -0.858      |
|    explained_variance   | -0.0421     |
|    learning_rate        | 0.0003      |
|    loss                 | 0.885       |
|    n_updates            | 4           |
|    policy_gradient_loss | -0.00629    |
|    value_loss           | 1.88        |
-----------------------------------------
------------------------------------------
| rollout/                |              |
|    ep_len_mean          | 2.75         |
|    ep_rew_mean          | 0.014        |
| time/                   |              |
|    fps                  | 1696         |
|    iterations           | 3            |
|    time_elapsed         | 14           |
|    total_timesteps      | 24576        |
| train/                  |              |
|    approx_kl            | 0.0052112974 |
|    clip_fraction        | 0.0162       |
|    clip_range           | 0.2          |
|    entropy_loss         | -0.851       |
|    explained_variance   | 0.0356       |
|    learning_rate        | 0.0003       |
|    loss                 | 0.792        |
|    n_updates            | 8            |
|    policy_gradient_loss | -0.0056      |
|    value_loss           | 1.76         |
------------------------------------------
-----------------------------------------
| rollout/                |             |
|    ep_len_mean          | 2.63        |
|    ep_rew_mean          | 0.2         |
| time/                   |             |
|    fps                  | 1931        |
|    iterations           | 4           |
|    time_elapsed         | 16          |
|    total_timesteps      | 32768       |
| train/                  |             |
|    approx_kl            | 0.006388672 |
|    clip_fraction        | 0.0284      |
|    clip_range           | 0.2         |
|    entropy_loss         | -0.832      |
|    explained_variance   | 0.0623      |
|    learning_rate        | 0.0003      |
|    loss                 | 0.795       |
|    n_updates            | 12          |
|    policy_gradient_loss | -0.00565    |
|    value_loss           | 1.69        |
-----------------------------------------
-----------------------------------------
| rollout/                |             |
|    ep_len_mean          | 2.78        |
|    ep_rew_mean          | 0.177       |
| time/                   |             |
|    fps                  | 2031        |
|    iterations           | 5           |
|    time_elapsed         | 20          |
|    total_timesteps      | 40960       |
| train/                  |             |
|    approx_kl            | 0.005488604 |
|    clip_fraction        | 0.0151      |
|    clip_range           | 0.2         |
|    entropy_loss         | -0.809      |
|    explained_variance   | 0.0754      |
|    learning_rate        | 0.0003      |
|    loss                 | 0.724       |
|    n_updates            | 16          |
|    policy_gradient_loss | -0.00524    |
|    value_loss           | 1.59        |
-----------------------------------------
------------------------------------------
| rollout/                |              |
|    ep_len_mean          | 2.69         |
|    ep_rew_mean          | 0.108        |
| time/                   |              |
|    fps                  | 2131         |
|    iterations           | 6            |
|    time_elapsed         | 23           |
|    total_timesteps      | 49152        |
| train/                  |              |
|    approx_kl            | 0.0063226633 |
|    clip_fraction        | 0.0273       |
|    clip_range           | 0.2          |
|    entropy_loss         | -0.77        |
|    explained_variance   | 0.0933       |
|    learning_rate        | 0.0003       |
|    loss                 | 0.748        |
|    n_updates            | 20           |
|    policy_gradient_loss | -0.00428     |
|    value_loss           | 1.57         |
------------------------------------------
----------------------------------------
| rollout/                |            |
|    ep_len_mean          | 2.76       |
|    ep_rew_mean          | 0.013      |
| time/                   |            |
|    fps                  | 2281       |
|    iterations           | 7          |
|    time_elapsed         | 25         |
|    total_timesteps      | 57344      |
| train/                  |            |
|    approx_kl            | 0.00402477 |
|    clip_fraction        | 0.0111     |
|    clip_range           | 0.2        |
|    entropy_loss         | -0.761     |
|    explained_variance   | 0.101      |
|    learning_rate        | 0.0003     |
|    loss                 | 0.777      |
|    n_updates            | 24         |
|    policy_gradient_loss | -0.00359   |
|    value_loss           | 1.61       |
----------------------------------------
-----------------------------------------
| rollout/                |             |
|    ep_len_mean          | 2.67        |
|    ep_rew_mean          | 0.228       |
| time/                   |             |
|    fps                  | 2337        |
|    iterations           | 8           |
|    time_elapsed         | 28          |
|    total_timesteps      | 65536       |
| train/                  |             |
|    approx_kl            | 0.005327701 |
|    clip_fraction        | 0.025       |
|    clip_range           | 0.2         |
|    entropy_loss         | -0.731      |
|    explained_variance   | 0.141       |
|    learning_rate        | 0.0003      |
|    loss                 | 0.739       |
|    n_updates            | 28          |
|    policy_gradient_loss | -0.00322    |
|    value_loss           | 1.56        |
-----------------------------------------
-----------------------------------------
| rollout/                |             |
|    ep_len_mean          | 2.53        |
|    ep_rew_mean          | 0.259       |
| time/                   |             |
|    fps                  | 2443        |
|    iterations           | 9           |
|    time_elapsed         | 30          |
|    total_timesteps      | 73728       |
| train/                  |             |
|    approx_kl            | 0.004162751 |
|    clip_fraction        | 0.0153      |
|    clip_range           | 0.2         |
|    entropy_loss         | -0.731      |
|    explained_variance   | 0.156       |
|    learning_rate        | 0.0003      |
|    loss                 | 0.717       |
|    n_updates            | 32          |
|    policy_gradient_loss | -0.00346    |
|    value_loss           | 1.49        |
-----------------------------------------
-----------------------------------------
| rollout/                |             |
|    ep_len_mean          | 2.79        |
|    ep_rew_mean          | 0.133       |
| time/                   |             |
|    fps                  | 2535        |
|    iterations           | 10          |
|    time_elapsed         | 32          |
|    total_timesteps      | 81920       |
| train/                  |             |
|    approx_kl            | 0.008138758 |
|    clip_fraction        | 0.0412      |
|    clip_range           | 0.2         |
|    entropy_loss         | -0.697      |
|    explained_variance   | 0.187       |
|    learning_rate        | 0.0003      |
|    loss                 | 0.729       |
|    n_updates            | 36          |
|    policy_gradient_loss | -0.00515    |
|    value_loss           | 1.43        |
-----------------------------------------
------------------------------------------
| rollout/                |              |
|    ep_len_mean          | 2.73         |
|    ep_rew_mean          | 0.253        |
| time/                   |              |
|    fps                  | 2607         |
|    iterations           | 11           |
|    time_elapsed         | 34           |
|    total_timesteps      | 90112        |
| train/                  |              |
|    approx_kl            | 0.0059664035 |
|    clip_fraction        | 0.0317       |
|    clip_range           | 0.2          |
|    entropy_loss         | -0.665       |
|    explained_variance   | 0.204        |
|    learning_rate        | 0.0003       |
|    loss                 | 0.734        |
|    n_updates            | 40           |
|    policy_gradient_loss | -0.00393     |
|    value_loss           | 1.43         |
------------------------------------------
-----------------------------------------
| rollout/                |             |
|    ep_len_mean          | 2.83        |
|    ep_rew_mean          | -0.194      |
| time/                   |             |
|    fps                  | 2688        |
|    iterations           | 12          |
|    time_elapsed         | 36          |
|    total_timesteps      | 98304       |
| train/                  |             |
|    approx_kl            | 0.006107309 |
|    clip_fraction        | 0.0272      |
|    clip_range           | 0.2         |
|    entropy_loss         | -0.647      |
|    explained_variance   | 0.239       |
|    learning_rate        | 0.0003      |
|    loss                 | 0.599       |
|    n_updates            | 44          |
|    policy_gradient_loss | -0.00431    |
|    value_loss           | 1.32        |
-----------------------------------------
------------------------------------------
| rollout/                |              |
|    ep_len_mean          | 2.78         |
|    ep_rew_mean          | 0.273        |
| time/                   |              |
|    fps                  | 2691         |
|    iterations           | 13           |
|    time_elapsed         | 39           |
|    total_timesteps      | 106496       |
| train/                  |              |
|    approx_kl            | 0.0057823835 |
|    clip_fraction        | 0.028        |
|    clip_range           | 0.2          |
|    entropy_loss         | -0.633       |
|    explained_variance   | 0.24         |
|    learning_rate        | 0.0003       |
|    loss                 | 0.679        |
|    n_updates            | 48           |
|    policy_gradient_loss | -0.0033      |
|    value_loss           | 1.35         |
------------------------------------------
-----------------------------------------
| rollout/                |             |
|    ep_len_mean          | 2.73        |
|    ep_rew_mean          | -0.0111     |
| time/                   |             |
|    fps                  | 2762        |
|    iterations           | 14          |
|    time_elapsed         | 41          |
|    total_timesteps      | 114688      |
| train/                  |             |
|    approx_kl            | 0.006965363 |
|    clip_fraction        | 0.0329      |
|    clip_range           | 0.2         |
|    entropy_loss         | -0.608      |
|    explained_variance   | 0.28        |
|    learning_rate        | 0.0003      |
|    loss                 | 0.641       |
|    n_updates            | 52          |
|    policy_gradient_loss | -0.00399    |
|    value_loss           | 1.26        |
-----------------------------------------
------------------------------------------
| rollout/                |              |
|    ep_len_mean          | 2.72         |
|    ep_rew_mean          | 0.129        |
| time/                   |              |
|    fps                  | 2786         |
|    iterations           | 15           |
|    time_elapsed         | 44           |
|    total_timesteps      | 122880       |
| train/                  |              |
|    approx_kl            | 0.0045397654 |
|    clip_fraction        | 0.0216       |
|    clip_range           | 0.2          |
|    entropy_loss         | -0.592       |
|    explained_variance   | 0.254        |
|    learning_rate        | 0.0003       |
|    loss                 | 0.637        |
|    n_updates            | 56           |
|    policy_gradient_loss | -0.00332     |
|    value_loss           | 1.29         |
------------------------------------------
------------------------------------------
| rollout/                |              |
|    ep_len_mean          | 2.95         |
|    ep_rew_mean          | -0.041       |
| time/                   |              |
|    fps                  | 2758         |
|    iterations           | 16           |
|    time_elapsed         | 47           |
|    total_timesteps      | 131072       |
| train/                  |              |
|    approx_kl            | 0.0046672393 |
|    clip_fraction        | 0.0212       |
|    clip_range           | 0.2          |
|    entropy_loss         | -0.59        |
|    explained_variance   | 0.306        |
|    learning_rate        | 0.0003       |
|    loss                 | 0.577        |
|    n_updates            | 60           |
|    policy_gradient_loss | -0.00311     |
|    value_loss           | 1.21         |
------------------------------------------
-----------------------------------------
| rollout/                |             |
|    ep_len_mean          | 2.79        |
|    ep_rew_mean          | -0.232      |
| time/                   |             |
|    fps                  | 2731        |
|    iterations           | 17          |
|    time_elapsed         | 50          |
|    total_timesteps      | 139264      |
| train/                  |             |
|    approx_kl            | 0.007047582 |
|    clip_fraction        | 0.0353      |
|    clip_range           | 0.2         |
|    entropy_loss         | -0.574      |
|    explained_variance   | 0.3         |
|    learning_rate        | 0.0003      |
|    loss                 | 0.571       |
|    n_updates            | 64          |
|    policy_gradient_loss | -0.00434    |
|    value_loss           | 1.18        |
-----------------------------------------
------------------------------------------
| rollout/                |              |
|    ep_len_mean          | 2.93         |
|    ep_rew_mean          | 0.08         |
| time/                   |              |
|    fps                  | 2717         |
|    iterations           | 18           |
|    time_elapsed         | 54           |
|    total_timesteps      | 147456       |
| train/                  |              |
|    approx_kl            | 0.0060325675 |
|    clip_fraction        | 0.034        |
|    clip_range           | 0.2          |
|    entropy_loss         | -0.552       |
|    explained_variance   | 0.319        |
|    learning_rate        | 0.0003       |
|    loss                 | 0.533        |
|    n_updates            | 68           |
|    policy_gradient_loss | -0.00353     |
|    value_loss           | 1.15         |
------------------------------------------
------------------------------------------
| rollout/                |              |
|    ep_len_mean          | 2.73         |
|    ep_rew_mean          | 0.338        |
| time/                   |              |
|    fps                  | 2702         |
|    iterations           | 19           |
|    time_elapsed         | 57           |
|    total_timesteps      | 155648       |
| train/                  |              |
|    approx_kl            | 0.0039805174 |
|    clip_fraction        | 0.0185       |
|    clip_range           | 0.2          |
|    entropy_loss         | -0.537       |
|    explained_variance   | 0.286        |
|    learning_rate        | 0.0003       |
|    loss                 | 0.559        |
|    n_updates            | 72           |
|    policy_gradient_loss | -0.00239     |
|    value_loss           | 1.22         |
------------------------------------------
-----------------------------------------
| rollout/                |             |
|    ep_len_mean          | 2.86        |
|    ep_rew_mean          | 0.186       |
| time/                   |             |
|    fps                  | 2693        |
|    iterations           | 20          |
|    time_elapsed         | 60          |
|    total_timesteps      | 163840      |
| train/                  |             |
|    approx_kl            | 0.005549529 |
|    clip_fraction        | 0.03        |
|    clip_range           | 0.2         |
|    entropy_loss         | -0.515      |
|    explained_variance   | 0.294       |
|    learning_rate        | 0.0003      |
|    loss                 | 0.587       |
|    n_updates            | 76          |
|    policy_gradient_loss | -0.00408    |
|    value_loss           | 1.21        |
-----------------------------------------
------------------------------------------
| rollout/                |              |
|    ep_len_mean          | 2.89         |
|    ep_rew_mean          | 0.389        |
| time/                   |              |
|    fps                  | 2671         |
|    iterations           | 21           |
|    time_elapsed         | 64           |
|    total_timesteps      | 172032       |
| train/                  |              |
|    approx_kl            | 0.0042061405 |
|    clip_fraction        | 0.0212       |
|    clip_range           | 0.2          |
|    entropy_loss         | -0.519       |
|    explained_variance   | 0.305        |
|    learning_rate        | 0.0003       |
|    loss                 | 0.588        |
|    n_updates            | 80           |
|    policy_gradient_loss | -0.00314     |
|    value_loss           | 1.19         |
------------------------------------------
------------------------------------------
| rollout/                |              |
|    ep_len_mean          | 2.79         |
|    ep_rew_mean          | 0.297        |
| time/                   |              |
|    fps                  | 2641         |
|    iterations           | 22           |
|    time_elapsed         | 68           |
|    total_timesteps      | 180224       |
| train/                  |              |
|    approx_kl            | 0.0037954005 |
|    clip_fraction        | 0.0162       |
|    clip_range           | 0.2          |
|    entropy_loss         | -0.515       |
|    explained_variance   | 0.306        |
|    learning_rate        | 0.0003       |
|    loss                 | 0.536        |
|    n_updates            | 84           |
|    policy_gradient_loss | -0.00328     |
|    value_loss           | 1.18         |
------------------------------------------
-----------------------------------------
| rollout/                |             |
|    ep_len_mean          | 2.95        |
|    ep_rew_mean          | 0.208       |
| time/                   |             |
|    fps                  | 2634        |
|    iterations           | 23          |
|    time_elapsed         | 71          |
|    total_timesteps      | 188416      |
| train/                  |             |
|    approx_kl            | 0.005456945 |
|    clip_fraction        | 0.0254      |
|    clip_range           | 0.2         |
|    entropy_loss         | -0.514      |
|    explained_variance   | 0.295       |
|    learning_rate        | 0.0003      |
|    loss                 | 0.604       |
|    n_updates            | 88          |
|    policy_gradient_loss | -0.0033     |
|    value_loss           | 1.24        |
-----------------------------------------
------------------------------------------
| rollout/                |              |
|    ep_len_mean          | 2.89         |
|    ep_rew_mean          | 0.476        |
| time/                   |              |
|    fps                  | 2619         |
|    iterations           | 24           |
|    time_elapsed         | 75           |
|    total_timesteps      | 196608       |
| train/                  |              |
|    approx_kl            | 0.0045047374 |
|    clip_fraction        | 0.0247       |
|    clip_range           | 0.2          |
|    entropy_loss         | -0.478       |
|    explained_variance   | 0.299        |
|    learning_rate        | 0.0003       |
|    loss                 | 0.565        |
|    n_updates            | 92           |
|    policy_gradient_loss | -0.00327     |
|    value_loss           | 1.18         |
------------------------------------------
------------------------------------------
| rollout/                |              |
|    ep_len_mean          | 2.89         |
|    ep_rew_mean          | 0.235        |
| time/                   |              |
|    fps                  | 2604         |
|    iterations           | 25           |
|    time_elapsed         | 78           |
|    total_timesteps      | 204800       |
| train/                  |              |
|    approx_kl            | 0.0038543637 |
|    clip_fraction        | 0.0182       |
|    clip_range           | 0.2          |
|    entropy_loss         | -0.481       |
|    explained_variance   | 0.306        |
|    learning_rate        | 0.0003       |
|    loss                 | 0.558        |
|    n_updates            | 96           |
|    policy_gradient_loss | -0.00207     |
|    value_loss           | 1.19         |
------------------------------------------
------------------------------------------
| rollout/                |              |
|    ep_len_mean          | 2.71         |
|    ep_rew_mean          | -0.00992     |
| time/                   |              |
|    fps                  | 2621         |
|    iterations           | 26           |
|    time_elapsed         | 81           |
|    total_timesteps      | 212992       |
| train/                  |              |
|    approx_kl            | 0.0043581594 |
|    clip_fraction        | 0.0235       |
|    clip_range           | 0.2          |
|    entropy_loss         | -0.457       |
|    explained_variance   | 0.287        |
|    learning_rate        | 0.0003       |
|    loss                 | 0.588        |
|    n_updates            | 100          |
|    policy_gradient_loss | -0.00251     |
|    value_loss           | 1.27         |
------------------------------------------
-----------------------------------------
| rollout/                |             |
|    ep_len_mean          | 2.73        |
|    ep_rew_mean          | 0.186       |
| time/                   |             |
|    fps                  | 2642        |
|    iterations           | 27          |
|    time_elapsed         | 83          |
|    total_timesteps      | 221184      |
| train/                  |             |
|    approx_kl            | 0.003575624 |
|    clip_fraction        | 0.0178      |
|    clip_range           | 0.2         |
|    entropy_loss         | -0.464      |
|    explained_variance   | 0.325       |
|    learning_rate        | 0.0003      |
|    loss                 | 0.563       |
|    n_updates            | 104         |
|    policy_gradient_loss | -0.00267    |
|    value_loss           | 1.19        |
-----------------------------------------
------------------------------------------
| rollout/                |              |
|    ep_len_mean          | 2.86         |
|    ep_rew_mean          | 0.00188      |
| time/                   |              |
|    fps                  | 2661         |
|    iterations           | 28           |
|    time_elapsed         | 86           |
|    total_timesteps      | 229376       |
| train/                  |              |
|    approx_kl            | 0.0047975825 |
|    clip_fraction        | 0.0257       |
|    clip_range           | 0.2          |
|    entropy_loss         | -0.451       |
|    explained_variance   | 0.3          |
|    learning_rate        | 0.0003       |
|    loss                 | 0.641        |
|    n_updates            | 108          |
|    policy_gradient_loss | -0.0035      |
|    value_loss           | 1.24         |
------------------------------------------
-----------------------------------------
| rollout/                |             |
|    ep_len_mean          | 2.7         |
|    ep_rew_mean          | 0.462       |
| time/                   |             |
|    fps                  | 2673        |
|    iterations           | 29          |
|    time_elapsed         | 88          |
|    total_timesteps      | 237568      |
| train/                  |             |
|    approx_kl            | 0.003402683 |
|    clip_fraction        | 0.0152      |
|    clip_range           | 0.2         |
|    entropy_loss         | -0.438      |
|    explained_variance   | 0.299       |
|    learning_rate        | 0.0003      |
|    loss                 | 0.586       |
|    n_updates            | 112         |
|    policy_gradient_loss | -0.00228    |
|    value_loss           | 1.27        |
-----------------------------------------
-----------------------------------------
| rollout/                |             |
|    ep_len_mean          | 2.83        |
|    ep_rew_mean          | 0.319       |
| time/                   |             |
|    fps                  | 2703        |
|    iterations           | 30          |
|    time_elapsed         | 90          |
|    total_timesteps      | 245760      |
| train/                  |             |
|    approx_kl            | 0.003921972 |
|    clip_fraction        | 0.022       |
|    clip_range           | 0.2         |
|    entropy_loss         | -0.423      |
|    explained_variance   | 0.286       |
|    learning_rate        | 0.0003      |
|    loss                 | 0.647       |
|    n_updates            | 116         |
|    policy_gradient_loss | -0.00274    |
|    value_loss           | 1.27        |
-----------------------------------------
------------------------------------------
| rollout/                |              |
|    ep_len_mean          | 2.76         |
|    ep_rew_mean          | 0.196        |
| time/                   |              |
|    fps                  | 2724         |
|    iterations           | 31           |
|    time_elapsed         | 93           |
|    total_timesteps      | 253952       |
| train/                  |              |
|    approx_kl            | 0.0036304984 |
|    clip_fraction        | 0.0192       |
|    clip_range           | 0.2          |
|    entropy_loss         | -0.41        |
|    explained_variance   | 0.284        |
|    learning_rate        | 0.0003       |
|    loss                 | 0.632        |
|    n_updates            | 120          |
|    policy_gradient_loss | -0.00267     |
|    value_loss           | 1.28         |
------------------------------------------
------------------------------------------
| rollout/                |              |
|    ep_len_mean          | 2.92         |
|    ep_rew_mean          | 0.109        |
| time/                   |              |
|    fps                  | 2708         |
|    iterations           | 32           |
|    time_elapsed         | 96           |
|    total_timesteps      | 262144       |
| train/                  |              |
|    approx_kl            | 0.0035103695 |
|    clip_fraction        | 0.02         |
|    clip_range           | 0.2          |
|    entropy_loss         | -0.398       |
|    explained_variance   | 0.28         |
|    learning_rate        | 0.0003       |
|    loss                 | 0.624        |
|    n_updates            | 124          |
|    policy_gradient_loss | -0.00278     |
|    value_loss           | 1.25         |
------------------------------------------
------------------------------------------
| rollout/                |              |
|    ep_len_mean          | 2.88         |
|    ep_rew_mean          | 0.182        |
| time/                   |              |
|    fps                  | 2694         |
|    iterations           | 33           |
|    time_elapsed         | 100          |
|    total_timesteps      | 270336       |
| train/                  |              |
|    approx_kl            | 0.0028860546 |
|    clip_fraction        | 0.0141       |
|    clip_range           | 0.2          |
|    entropy_loss         | -0.405       |
|    explained_variance   | 0.295        |
|    learning_rate        | 0.0003       |
|    loss                 | 0.608        |
|    n_updates            | 128          |
|    policy_gradient_loss | -0.00215     |
|    value_loss           | 1.27         |
------------------------------------------
------------------------------------------
| rollout/                |              |
|    ep_len_mean          | 2.76         |
|    ep_rew_mean          | -0.0467      |
| time/                   |              |
|    fps                  | 2682         |
|    iterations           | 34           |
|    time_elapsed         | 103          |
|    total_timesteps      | 278528       |
| train/                  |              |
|    approx_kl            | 0.0033193347 |
|    clip_fraction        | 0.0174       |
|    clip_range           | 0.2          |
|    entropy_loss         | -0.393       |
|    explained_variance   | 0.276        |
|    learning_rate        | 0.0003       |
|    loss                 | 0.583        |
|    n_updates            | 132          |
|    policy_gradient_loss | -0.00236     |
|    value_loss           | 1.26         |
------------------------------------------
-----------------------------------------
| rollout/                |             |
|    ep_len_mean          | 2.64        |
|    ep_rew_mean          | 0.189       |
| time/                   |             |
|    fps                  | 2667        |
|    iterations           | 35          |
|    time_elapsed         | 107         |
|    total_timesteps      | 286720      |
| train/                  |             |
|    approx_kl            | 0.004275826 |
|    clip_fraction        | 0.0251      |
|    clip_range           | 0.2         |
|    entropy_loss         | -0.387      |
|    explained_variance   | 0.304       |
|    learning_rate        | 0.0003      |
|    loss                 | 0.567       |
|    n_updates            | 136         |
|    policy_gradient_loss | -0.00289    |
|    value_loss           | 1.24        |
-----------------------------------------
------------------------------------------
| rollout/                |              |
|    ep_len_mean          | 2.69         |
|    ep_rew_mean          | 0.00406      |
| time/                   |              |
|    fps                  | 2663         |
|    iterations           | 36           |
|    time_elapsed         | 110          |
|    total_timesteps      | 294912       |
| train/                  |              |
|    approx_kl            | 0.0027683205 |
|    clip_fraction        | 0.0135       |
|    clip_range           | 0.2          |
|    entropy_loss         | -0.381       |
|    explained_variance   | 0.315        |
|    learning_rate        | 0.0003       |
|    loss                 | 0.578        |
|    n_updates            | 140          |
|    policy_gradient_loss | -0.00189     |
|    value_loss           | 1.22         |
------------------------------------------
-----------------------------------------
| rollout/                |             |
|    ep_len_mean          | 2.89        |
|    ep_rew_mean          | -0.00881    |
| time/                   |             |
|    fps                  | 2658        |
|    iterations           | 37          |
|    time_elapsed         | 113         |
|    total_timesteps      | 303104      |
| train/                  |             |
|    approx_kl            | 0.002948817 |
|    clip_fraction        | 0.0151      |
|    clip_range           | 0.2         |
|    entropy_loss         | -0.379      |
|    explained_variance   | 0.294       |
|    learning_rate        | 0.0003      |
|    loss                 | 0.602       |
|    n_updates            | 144         |
|    policy_gradient_loss | -0.00219    |
|    value_loss           | 1.24        |
-----------------------------------------
------------------------------------------
| rollout/                |              |
|    ep_len_mean          | 2.91         |
|    ep_rew_mean          | -0.32        |
| time/                   |              |
|    fps                  | 2648         |
|    iterations           | 38           |
|    time_elapsed         | 117          |
|    total_timesteps      | 311296       |
| train/                  |              |
|    approx_kl            | 0.0033472413 |
|    clip_fraction        | 0.0167       |
|    clip_range           | 0.2          |
|    entropy_loss         | -0.378       |
|    explained_variance   | 0.318        |
|    learning_rate        | 0.0003       |
|    loss                 | 0.606        |
|    n_updates            | 148          |
|    policy_gradient_loss | -0.00273     |
|    value_loss           | 1.24         |
------------------------------------------
------------------------------------------
| rollout/                |              |
|    ep_len_mean          | 2.73         |
|    ep_rew_mean          | 0.12         |
| time/                   |              |
|    fps                  | 2632         |
|    iterations           | 39           |
|    time_elapsed         | 121          |
|    total_timesteps      | 319488       |
| train/                  |              |
|    approx_kl            | 0.0035433297 |
|    clip_fraction        | 0.0193       |
|    clip_range           | 0.2          |
|    entropy_loss         | -0.38        |
|    explained_variance   | 0.297        |
|    learning_rate        | 0.0003       |
|    loss                 | 0.603        |
|    n_updates            | 152          |
|    policy_gradient_loss | -0.00289     |
|    value_loss           | 1.23         |
------------------------------------------
-----------------------------------------
| rollout/                |             |
|    ep_len_mean          | 2.58        |
|    ep_rew_mean          | 0.217       |
| time/                   |             |
|    fps                  | 2652        |
|    iterations           | 40          |
|    time_elapsed         | 123         |
|    total_timesteps      | 327680      |
| train/                  |             |
|    approx_kl            | 0.002763903 |
|    clip_fraction        | 0.0157      |
|    clip_range           | 0.2         |
|    entropy_loss         | -0.358      |
|    explained_variance   | 0.303       |
|    learning_rate        | 0.0003      |
|    loss                 | 0.618       |
|    n_updates            | 156         |
|    policy_gradient_loss | -0.00263    |
|    value_loss           | 1.29        |
-----------------------------------------
------------------------------------------
| rollout/                |              |
|    ep_len_mean          | 2.88         |
|    ep_rew_mean          | 0.0746       |
| time/                   |              |
|    fps                  | 2668         |
|    iterations           | 41           |
|    time_elapsed         | 125          |
|    total_timesteps      | 335872       |
| train/                  |              |
|    approx_kl            | 0.0031226873 |
|    clip_fraction        | 0.0173       |
|    clip_range           | 0.2          |
|    entropy_loss         | -0.358       |
|    explained_variance   | 0.3          |
|    learning_rate        | 0.0003       |
|    loss                 | 0.572        |
|    n_updates            | 160          |
|    policy_gradient_loss | -0.00245     |
|    value_loss           | 1.22         |
------------------------------------------
------------------------------------------
| rollout/                |              |
|    ep_len_mean          | 2.67         |
|    ep_rew_mean          | 0.248        |
| time/                   |              |
|    fps                  | 2685         |
|    iterations           | 42           |
|    time_elapsed         | 128          |
|    total_timesteps      | 344064       |
| train/                  |              |
|    approx_kl            | 0.0024434968 |
|    clip_fraction        | 0.0129       |
|    clip_range           | 0.2          |
|    entropy_loss         | -0.356       |
|    explained_variance   | 0.307        |
|    learning_rate        | 0.0003       |
|    loss                 | 0.594        |
|    n_updates            | 164          |
|    policy_gradient_loss | -0.00234     |
|    value_loss           | 1.21         |
------------------------------------------
------------------------------------------
| rollout/                |              |
|    ep_len_mean          | 2.83         |
|    ep_rew_mean          | 0.151        |
| time/                   |              |
|    fps                  | 2694         |
|    iterations           | 43           |
|    time_elapsed         | 130          |
|    total_timesteps      | 352256       |
| train/                  |              |
|    approx_kl            | 0.0037292733 |
|    clip_fraction        | 0.0209       |
|    clip_range           | 0.2          |
|    entropy_loss         | -0.36        |
|    explained_variance   | 0.314        |
|    learning_rate        | 0.0003       |
|    loss                 | 0.583        |
|    n_updates            | 168          |
|    policy_gradient_loss | -0.00273     |
|    value_loss           | 1.21         |
------------------------------------------
------------------------------------------
| rollout/                |              |
|    ep_len_mean          | 2.76         |
|    ep_rew_mean          | 0.049        |
| time/                   |              |
|    fps                  | 2717         |
|    iterations           | 44           |
|    time_elapsed         | 132          |
|    total_timesteps      | 360448       |
| train/                  |              |
|    approx_kl            | 0.0031314036 |
|    clip_fraction        | 0.0184       |
|    clip_range           | 0.2          |
|    entropy_loss         | -0.359       |
|    explained_variance   | 0.313        |
|    learning_rate        | 0.0003       |
|    loss                 | 0.592        |
|    n_updates            | 172          |
|    policy_gradient_loss | -0.0023      |
|    value_loss           | 1.18         |
------------------------------------------
------------------------------------------
| rollout/                |              |
|    ep_len_mean          | 2.88         |
|    ep_rew_mean          | 0.206        |
| time/                   |              |
|    fps                  | 2723         |
|    iterations           | 45           |
|    time_elapsed         | 135          |
|    total_timesteps      | 368640       |
| train/                  |              |
|    approx_kl            | 0.0033182353 |
|    clip_fraction        | 0.0168       |
|    clip_range           | 0.2          |
|    entropy_loss         | -0.363       |
|    explained_variance   | 0.335        |
|    learning_rate        | 0.0003       |
|    loss                 | 0.571        |
|    n_updates            | 176          |
|    policy_gradient_loss | -0.00284     |
|    value_loss           | 1.17         |
------------------------------------------
------------------------------------------
| rollout/                |              |
|    ep_len_mean          | 2.77         |
|    ep_rew_mean          | 0.405        |
| time/                   |              |
|    fps                  | 2747         |
|    iterations           | 46           |
|    time_elapsed         | 137          |
|    total_timesteps      | 376832       |
| train/                  |              |
|    approx_kl            | 0.0031286585 |
|    clip_fraction        | 0.0136       |
|    clip_range           | 0.2          |
|    entropy_loss         | -0.358       |
|    explained_variance   | 0.315        |
|    learning_rate        | 0.0003       |
|    loss                 | 0.58         |
|    n_updates            | 180          |
|    policy_gradient_loss | -0.0025      |
|    value_loss           | 1.23         |
------------------------------------------
------------------------------------------
| rollout/                |              |
|    ep_len_mean          | 2.89         |
|    ep_rew_mean          | 0.0368       |
| time/                   |              |
|    fps                  | 2767         |
|    iterations           | 47           |
|    time_elapsed         | 139          |
|    total_timesteps      | 385024       |
| train/                  |              |
|    approx_kl            | 0.0033663618 |
|    clip_fraction        | 0.0204       |
|    clip_range           | 0.2          |
|    entropy_loss         | -0.349       |
|    explained_variance   | 0.295        |
|    learning_rate        | 0.0003       |
|    loss                 | 0.631        |
|    n_updates            | 184          |
|    policy_gradient_loss | -0.00291     |
|    value_loss           | 1.24         |
------------------------------------------
------------------------------------------
| rollout/                |              |
|    ep_len_mean          | 2.77         |
|    ep_rew_mean          | 0.283        |
| time/                   |              |
|    fps                  | 2782         |
|    iterations           | 48           |
|    time_elapsed         | 141          |
|    total_timesteps      | 393216       |
| train/                  |              |
|    approx_kl            | 0.0035264501 |
|    clip_fraction        | 0.0173       |
|    clip_range           | 0.2          |
|    entropy_loss         | -0.349       |
|    explained_variance   | 0.303        |
|    learning_rate        | 0.0003       |
|    loss                 | 0.671        |
|    n_updates            | 188          |
|    policy_gradient_loss | -0.00322     |
|    value_loss           | 1.3          |
------------------------------------------
------------------------------------------
| rollout/                |              |
|    ep_len_mean          | 2.89         |
|    ep_rew_mean          | 0.233        |
| time/                   |              |
|    fps                  | 2800         |
|    iterations           | 49           |
|    time_elapsed         | 143          |
|    total_timesteps      | 401408       |
| train/                  |              |
|    approx_kl            | 0.0029304014 |
|    clip_fraction        | 0.0144       |
|    clip_range           | 0.2          |
|    entropy_loss         | -0.35        |
|    explained_variance   | 0.305        |
|    learning_rate        | 0.0003       |
|    loss                 | 0.639        |
|    n_updates            | 192          |
|    policy_gradient_loss | -0.00218     |
|    value_loss           | 1.27         |
------------------------------------------
-----------------------------------------
| rollout/                |             |
|    ep_len_mean          | 2.73        |
|    ep_rew_mean          | 0.28        |
| time/                   |             |
|    fps                  | 2821        |
|    iterations           | 50          |
|    time_elapsed         | 145         |
|    total_timesteps      | 409600      |
| train/                  |             |
|    approx_kl            | 0.002551131 |
|    clip_fraction        | 0.0119      |
|    clip_range           | 0.2         |
|    entropy_loss         | -0.342      |
|    explained_variance   | 0.304       |
|    learning_rate        | 0.0003      |
|    loss                 | 0.61        |
|    n_updates            | 196         |
|    policy_gradient_loss | -0.00213    |
|    value_loss           | 1.24        |
-----------------------------------------
------------------------------------------
| rollout/                |              |
|    ep_len_mean          | 2.83         |
|    ep_rew_mean          | 0.0902       |
| time/                   |              |
|    fps                  | 2843         |
|    iterations           | 51           |
|    time_elapsed         | 146          |
|    total_timesteps      | 417792       |
| train/                  |              |
|    approx_kl            | 0.0033157412 |
|    clip_fraction        | 0.0172       |
|    clip_range           | 0.2          |
|    entropy_loss         | -0.339       |
|    explained_variance   | 0.289        |
|    learning_rate        | 0.0003       |
|    loss                 | 0.606        |
|    n_updates            | 200          |
|    policy_gradient_loss | -0.00304     |
|    value_loss           | 1.28         |
------------------------------------------
-----------------------------------------
| rollout/                |             |
|    ep_len_mean          | 2.75        |
|    ep_rew_mean          | 0.149       |
| time/                   |             |
|    fps                  | 2864        |
|    iterations           | 52          |
|    time_elapsed         | 148         |
|    total_timesteps      | 425984      |
| train/                  |             |
|    approx_kl            | 0.002348586 |
|    clip_fraction        | 0.0184      |
|    clip_range           | 0.2         |
|    entropy_loss         | -0.343      |
|    explained_variance   | 0.279       |
|    learning_rate        | 0.0003      |
|    loss                 | 0.663       |
|    n_updates            | 204         |
|    policy_gradient_loss | -0.00268    |
|    value_loss           | 1.36        |
-----------------------------------------
-----------------------------------------
| rollout/                |             |
|    ep_len_mean          | 2.71        |
|    ep_rew_mean          | 0.529       |
| time/                   |             |
|    fps                  | 2884        |
|    iterations           | 53          |
|    time_elapsed         | 150         |
|    total_timesteps      | 434176      |
| train/                  |             |
|    approx_kl            | 0.002846885 |
|    clip_fraction        | 0.0133      |
|    clip_range           | 0.2         |
|    entropy_loss         | -0.346      |
|    explained_variance   | 0.303       |
|    learning_rate        | 0.0003      |
|    loss                 | 0.567       |
|    n_updates            | 208         |
|    policy_gradient_loss | -0.0024     |
|    value_loss           | 1.23        |
-----------------------------------------
------------------------------------------
| rollout/                |              |
|    ep_len_mean          | 2.71         |
|    ep_rew_mean          | 0.159        |
| time/                   |              |
|    fps                  | 2904         |
|    iterations           | 54           |
|    time_elapsed         | 152          |
|    total_timesteps      | 442368       |
| train/                  |              |
|    approx_kl            | 0.0039488957 |
|    clip_fraction        | 0.0213       |
|    clip_range           | 0.2          |
|    entropy_loss         | -0.336       |
|    explained_variance   | 0.312        |
|    learning_rate        | 0.0003       |
|    loss                 | 0.55         |
|    n_updates            | 212          |
|    policy_gradient_loss | -0.0031      |
|    value_loss           | 1.23         |
------------------------------------------
------------------------------------------
| rollout/                |              |
|    ep_len_mean          | 2.83         |
|    ep_rew_mean          | 0.366        |
| time/                   |              |
|    fps                  | 2924         |
|    iterations           | 55           |
|    time_elapsed         | 154          |
|    total_timesteps      | 450560       |
| train/                  |              |
|    approx_kl            | 0.0024561982 |
|    clip_fraction        | 0.0124       |
|    clip_range           | 0.2          |
|    entropy_loss         | -0.323       |
|    explained_variance   | 0.308        |
|    learning_rate        | 0.0003       |
|    loss                 | 0.584        |
|    n_updates            | 216          |
|    policy_gradient_loss | -0.00221     |
|    value_loss           | 1.24         |
------------------------------------------
------------------------------------------
| rollout/                |              |
|    ep_len_mean          | 2.84         |
|    ep_rew_mean          | -0.000765    |
| time/                   |              |
|    fps                  | 2943         |
|    iterations           | 56           |
|    time_elapsed         | 155          |
|    total_timesteps      | 458752       |
| train/                  |              |
|    approx_kl            | 0.0042228317 |
|    clip_fraction        | 0.0253       |
|    clip_range           | 0.2          |
|    entropy_loss         | -0.318       |
|    explained_variance   | 0.302        |
|    learning_rate        | 0.0003       |
|    loss                 | 0.647        |
|    n_updates            | 220          |
|    policy_gradient_loss | -0.00335     |
|    value_loss           | 1.25         |
------------------------------------------
------------------------------------------
| rollout/                |              |
|    ep_len_mean          | 2.87         |
|    ep_rew_mean          | 0.288        |
| time/                   |              |
|    fps                  | 2962         |
|    iterations           | 57           |
|    time_elapsed         | 157          |
|    total_timesteps      | 466944       |
| train/                  |              |
|    approx_kl            | 0.0031350357 |
|    clip_fraction        | 0.0176       |
|    clip_range           | 0.2          |
|    entropy_loss         | -0.313       |
|    explained_variance   | 0.285        |
|    learning_rate        | 0.0003       |
|    loss                 | 0.642        |
|    n_updates            | 224          |
|    policy_gradient_loss | -0.00294     |
|    value_loss           | 1.34         |
------------------------------------------
-----------------------------------------
| rollout/                |             |
|    ep_len_mean          | 2.78        |
|    ep_rew_mean          | 0.114       |
| time/                   |             |
|    fps                  | 2980        |
|    iterations           | 58          |
|    time_elapsed         | 159         |
|    total_timesteps      | 475136      |
| train/                  |             |
|    approx_kl            | 0.002517093 |
|    clip_fraction        | 0.016       |
|    clip_range           | 0.2         |
|    entropy_loss         | -0.308      |
|    explained_variance   | 0.285       |
|    learning_rate        | 0.0003      |
|    loss                 | 0.594       |
|    n_updates            | 228         |
|    policy_gradient_loss | -0.00283    |
|    value_loss           | 1.26        |
-----------------------------------------
-----------------------------------------
| rollout/                |             |
|    ep_len_mean          | 2.93        |
|    ep_rew_mean          | 0.506       |
| time/                   |             |
|    fps                  | 2998        |
|    iterations           | 59          |
|    time_elapsed         | 161         |
|    total_timesteps      | 483328      |
| train/                  |             |
|    approx_kl            | 0.003226064 |
|    clip_fraction        | 0.0185      |
|    clip_range           | 0.2         |
|    entropy_loss         | -0.307      |
|    explained_variance   | 0.291       |
|    learning_rate        | 0.0003      |
|    loss                 | 0.619       |
|    n_updates            | 232         |
|    policy_gradient_loss | -0.00228    |
|    value_loss           | 1.24        |
-----------------------------------------
------------------------------------------
| rollout/                |              |
|    ep_len_mean          | 2.83         |
|    ep_rew_mean          | 0.42         |
| time/                   |              |
|    fps                  | 3016         |
|    iterations           | 60           |
|    time_elapsed         | 162          |
|    total_timesteps      | 491520       |
| train/                  |              |
|    approx_kl            | 0.0023258268 |
|    clip_fraction        | 0.0135       |
|    clip_range           | 0.2          |
|    entropy_loss         | -0.297       |
|    explained_variance   | 0.291        |
|    learning_rate        | 0.0003       |
|    loss                 | 0.606        |
|    n_updates            | 236          |
|    policy_gradient_loss | -0.00208     |
|    value_loss           | 1.28         |
------------------------------------------
------------------------------------------
| rollout/                |              |
|    ep_len_mean          | 2.75         |
|    ep_rew_mean          | 0.163        |
| time/                   |              |
|    fps                  | 3031         |
|    iterations           | 61           |
|    time_elapsed         | 164          |
|    total_timesteps      | 499712       |
| train/                  |              |
|    approx_kl            | 0.0032459449 |
|    clip_fraction        | 0.0179       |
|    clip_range           | 0.2          |
|    entropy_loss         | -0.308       |
|    explained_variance   | 0.301        |
|    learning_rate        | 0.0003       |
|    loss                 | 0.619        |
|    n_updates            | 240          |
|    policy_gradient_loss | -0.00274     |
|    value_loss           | 1.25         |
------------------------------------------
-----------------------------------------
| rollout/                |             |
|    ep_len_mean          | 2.74        |
|    ep_rew_mean          | -0.0885     |
| time/                   |             |
|    fps                  | 3047        |
|    iterations           | 62          |
|    time_elapsed         | 166         |
|    total_timesteps      | 507904      |
| train/                  |             |
|    approx_kl            | 0.003086312 |
|    clip_fraction        | 0.0182      |
|    clip_range           | 0.2         |
|    entropy_loss         | -0.313      |
|    explained_variance   | 0.311       |
|    learning_rate        | 0.0003      |
|    loss                 | 0.587       |
|    n_updates            | 244         |
|    policy_gradient_loss | -0.00249    |
|    value_loss           | 1.21        |
-----------------------------------------
2026-06-05 01:07:33,357 INFO     train — checkpoint saved: truco_threshold_500000.zip
2026-06-05 01:07:33,358 INFO     train — Progress: 500,000 / 5,000,000 steps  (10.0%)  fps=2984  ETA=0h 25m
Logging to /home/guido/Desktop/fac/2026/mmo/truco-py/logs/MaskablePPO_threshold_9
---------------------------------
| rollout/           |          |
|    ep_len_mean     | 2.92     |
|    ep_rew_mean     | 0.264    |
| time/              |          |
|    fps             | 3687     |
|    iterations      | 1        |
|    time_elapsed    | 2        |
|    total_timesteps | 516096   |
---------------------------------
-----------------------------------------
| rollout/                |             |
|    ep_len_mean          | 2.79        |
|    ep_rew_mean          | 0.0307      |
| time/                   |             |
|    fps                  | 3234        |
|    iterations           | 2           |
|    time_elapsed         | 5           |
|    total_timesteps      | 524288      |
| train/                  |             |
|    approx_kl            | 0.002813621 |
|    clip_fraction        | 0.0159      |
|    clip_range           | 0.2         |
|    entropy_loss         | -0.311      |
|    explained_variance   | 0.288       |
|    learning_rate        | 0.0003      |
|    loss                 | 0.623       |
|    n_updates            | 252         |
|    policy_gradient_loss | -0.00258    |
|    value_loss           | 1.27        |
-----------------------------------------
------------------------------------------
| rollout/                |              |
|    ep_len_mean          | 2.83         |
|    ep_rew_mean          | 0.165        |
| time/                   |              |
|    fps                  | 3475         |
|    iterations           | 3            |
|    time_elapsed         | 7            |
|    total_timesteps      | 532480       |
| train/                  |              |
|    approx_kl            | 0.0032253733 |
|    clip_fraction        | 0.0204       |
|    clip_range           | 0.2          |
|    entropy_loss         | -0.313       |
|    explained_variance   | 0.288        |
|    learning_rate        | 0.0003       |
|    loss                 | 0.619        |
|    n_updates            | 256          |
|    policy_gradient_loss | -0.00328     |
|    value_loss           | 1.24         |
------------------------------------------
------------------------------------------
| rollout/                |              |
|    ep_len_mean          | 2.83         |
|    ep_rew_mean          | 0.0913       |
| time/                   |              |
|    fps                  | 3658         |
|    iterations           | 4            |
|    time_elapsed         | 8            |
|    total_timesteps      | 540672       |
| train/                  |              |
|    approx_kl            | 0.0021507165 |
|    clip_fraction        | 0.00992      |
|    clip_range           | 0.2          |
|    entropy_loss         | -0.305       |
|    explained_variance   | 0.323        |
|    learning_rate        | 0.0003       |
|    loss                 | 0.567        |
|    n_updates            | 260          |
|    policy_gradient_loss | -0.00203     |
|    value_loss           | 1.18         |
------------------------------------------
-----------------------------------------
| rollout/                |             |
|    ep_len_mean          | 2.71        |
|    ep_rew_mean          | 0.496       |
| time/                   |             |
|    fps                  | 3811        |
|    iterations           | 5           |
|    time_elapsed         | 10          |
|    total_timesteps      | 548864      |
| train/                  |             |
|    approx_kl            | 0.003357543 |
|    clip_fraction        | 0.0194      |
|    clip_range           | 0.2         |
|    entropy_loss         | -0.287      |
|    explained_variance   | 0.311       |
|    learning_rate        | 0.0003      |
|    loss                 | 0.605       |
|    n_updates            | 264         |
|    policy_gradient_loss | -0.00297    |
|    value_loss           | 1.23        |
-----------------------------------------
------------------------------------------
| rollout/                |              |
|    ep_len_mean          | 2.8          |
|    ep_rew_mean          | 0.565        |
| time/                   |              |
|    fps                  | 3917         |
|    iterations           | 6            |
|    time_elapsed         | 12           |
|    total_timesteps      | 557056       |
| train/                  |              |
|    approx_kl            | 0.0019487285 |
|    clip_fraction        | 0.00943      |
|    clip_range           | 0.2          |
|    entropy_loss         | -0.276       |
|    explained_variance   | 0.303        |
|    learning_rate        | 0.0003       |
|    loss                 | 0.561        |
|    n_updates            | 268          |
|    policy_gradient_loss | -0.00222     |
|    value_loss           | 1.22         |
------------------------------------------
------------------------------------------
| rollout/                |              |
|    ep_len_mean          | 2.81         |
|    ep_rew_mean          | 0.346        |
| time/                   |              |
|    fps                  | 4000         |
|    iterations           | 7            |
|    time_elapsed         | 14           |
|    total_timesteps      | 565248       |
| train/                  |              |
|    approx_kl            | 0.0027342585 |
|    clip_fraction        | 0.0141       |
|    clip_range           | 0.2          |
|    entropy_loss         | -0.271       |
|    explained_variance   | 0.32         |
|    learning_rate        | 0.0003       |
|    loss                 | 0.56         |
|    n_updates            | 272          |
|    policy_gradient_loss | -0.00239     |
|    value_loss           | 1.17         |
------------------------------------------
------------------------------------------
| rollout/                |              |
|    ep_len_mean          | 2.7          |
|    ep_rew_mean          | 0.0877       |
| time/                   |              |
|    fps                  | 4057         |
|    iterations           | 8            |
|    time_elapsed         | 16           |
|    total_timesteps      | 573440       |
| train/                  |              |
|    approx_kl            | 0.0023145203 |
|    clip_fraction        | 0.0112       |
|    clip_range           | 0.2          |
|    entropy_loss         | -0.266       |
|    explained_variance   | 0.298        |
|    learning_rate        | 0.0003       |
|    loss                 | 0.589        |
|    n_updates            | 276          |
|    policy_gradient_loss | -0.00217     |
|    value_loss           | 1.24         |
------------------------------------------
-----------------------------------------
| rollout/                |             |
|    ep_len_mean          | 2.73        |
|    ep_rew_mean          | 0.323       |
| time/                   |             |
|    fps                  | 4103        |
|    iterations           | 9           |
|    time_elapsed         | 17          |
|    total_timesteps      | 581632      |
| train/                  |             |
|    approx_kl            | 0.003406666 |
|    clip_fraction        | 0.0183      |
|    clip_range           | 0.2         |
|    entropy_loss         | -0.275      |
|    explained_variance   | 0.32        |
|    learning_rate        | 0.0003      |
|    loss                 | 0.546       |
|    n_updates            | 280         |
|    policy_gradient_loss | -0.00322    |
|    value_loss           | 1.17        |
-----------------------------------------
------------------------------------------
| rollout/                |              |
|    ep_len_mean          | 2.63         |
|    ep_rew_mean          | 0.424        |
| time/                   |              |
|    fps                  | 4144         |
|    iterations           | 10           |
|    time_elapsed         | 19           |
|    total_timesteps      | 589824       |
| train/                  |              |
|    approx_kl            | 0.0035135862 |
|    clip_fraction        | 0.019        |
|    clip_range           | 0.2          |
|    entropy_loss         | -0.275       |
|    explained_variance   | 0.314        |
|    learning_rate        | 0.0003       |
|    loss                 | 0.538        |
|    n_updates            | 284          |
|    policy_gradient_loss | -0.00326     |
|    value_loss           | 1.22         |
------------------------------------------
------------------------------------------
| rollout/                |              |
|    ep_len_mean          | 2.92         |
|    ep_rew_mean          | 0.157        |
| time/                   |              |
|    fps                  | 4108         |
|    iterations           | 11           |
|    time_elapsed         | 21           |
|    total_timesteps      | 598016       |
| train/                  |              |
|    approx_kl            | 0.0023342506 |
|    clip_fraction        | 0.011        |
|    clip_range           | 0.2          |
|    entropy_loss         | -0.275       |
|    explained_variance   | 0.27         |
|    learning_rate        | 0.0003       |
|    loss                 | 0.664        |
|    n_updates            | 288          |
|    policy_gradient_loss | -0.00216     |
|    value_loss           | 1.34         |
------------------------------------------
------------------------------------------
| rollout/                |              |
|    ep_len_mean          | 2.83         |
|    ep_rew_mean          | 0.231        |
| time/                   |              |
|    fps                  | 4092         |
|    iterations           | 12           |
|    time_elapsed         | 24           |
|    total_timesteps      | 606208       |
| train/                  |              |
|    approx_kl            | 0.0021700934 |
|    clip_fraction        | 0.0111       |
|    clip_range           | 0.2          |
|    entropy_loss         | -0.277       |
|    explained_variance   | 0.309        |
|    learning_rate        | 0.0003       |
|    loss                 | 0.573        |
|    n_updates            | 292          |
|    policy_gradient_loss | -0.00211     |
|    value_loss           | 1.23         |
------------------------------------------
------------------------------------------
| rollout/                |              |
|    ep_len_mean          | 2.84         |
|    ep_rew_mean          | 0.207        |
| time/                   |              |
|    fps                  | 4130         |
|    iterations           | 13           |
|    time_elapsed         | 25           |
|    total_timesteps      | 614400       |
| train/                  |              |
|    approx_kl            | 0.0023888594 |
|    clip_fraction        | 0.0122       |
|    clip_range           | 0.2          |
|    entropy_loss         | -0.271       |
|    explained_variance   | 0.334        |
|    learning_rate        | 0.0003       |
|    loss                 | 0.529        |
|    n_updates            | 296          |
|    policy_gradient_loss | -0.00262     |
|    value_loss           | 1.17         |
------------------------------------------
-----------------------------------------
| rollout/                |             |
|    ep_len_mean          | 2.68        |
|    ep_rew_mean          | 0.192       |
| time/                   |             |
|    fps                  | 4199        |
|    iterations           | 14          |
|    time_elapsed         | 27          |
|    total_timesteps      | 622592      |
| train/                  |             |
|    approx_kl            | 0.001968925 |
|    clip_fraction        | 0.011       |
|    clip_range           | 0.2         |
|    entropy_loss         | -0.27       |
|    explained_variance   | 0.308       |
|    learning_rate        | 0.0003      |
|    loss                 | 0.591       |
|    n_updates            | 300         |
|    policy_gradient_loss | -0.00243    |
|    value_loss           | 1.2         |
-----------------------------------------
------------------------------------------
| rollout/                |              |
|    ep_len_mean          | 3.07         |
|    ep_rew_mean          | 0.297        |
| time/                   |              |
|    fps                  | 4260         |
|    iterations           | 15           |
|    time_elapsed         | 28           |
|    total_timesteps      | 630784       |
| train/                  |              |
|    approx_kl            | 0.0022785473 |
|    clip_fraction        | 0.0157       |
|    clip_range           | 0.2          |
|    entropy_loss         | -0.264       |
|    explained_variance   | 0.314        |
|    learning_rate        | 0.0003       |
|    loss                 | 0.577        |
|    n_updates            | 304          |
|    policy_gradient_loss | -0.0025      |
|    value_loss           | 1.2          |
------------------------------------------
------------------------------------------
| rollout/                |              |
|    ep_len_mean          | 2.85         |
|    ep_rew_mean          | 0.343        |
| time/                   |              |
|    fps                  | 4318         |
|    iterations           | 16           |
|    time_elapsed         | 30           |
|    total_timesteps      | 638976       |
| train/                  |              |
|    approx_kl            | 0.0021600497 |
|    clip_fraction        | 0.00946      |
|    clip_range           | 0.2          |
|    entropy_loss         | -0.259       |
|    explained_variance   | 0.332        |
|    learning_rate        | 0.0003       |
|    loss                 | 0.559        |
|    n_updates            | 308          |
|    policy_gradient_loss | -0.00233     |
|    value_loss           | 1.18         |
------------------------------------------
------------------------------------------
| rollout/                |              |
|    ep_len_mean          | 2.98         |
|    ep_rew_mean          | -0.0105      |
| time/                   |              |
|    fps                  | 4367         |
|    iterations           | 17           |
|    time_elapsed         | 31           |
|    total_timesteps      | 647168       |
| train/                  |              |
|    approx_kl            | 0.0027908979 |
|    clip_fraction        | 0.0156       |
|    clip_range           | 0.2          |
|    entropy_loss         | -0.266       |
|    explained_variance   | 0.313        |
|    learning_rate        | 0.0003       |
|    loss                 | 0.563        |
|    n_updates            | 312          |
|    policy_gradient_loss | -0.00235     |
|    value_loss           | 1.22         |
------------------------------------------
------------------------------------------
| rollout/                |              |
|    ep_len_mean          | 2.76         |
|    ep_rew_mean          | 0.0705       |
| time/                   |              |
|    fps                  | 4413         |
|    iterations           | 18           |
|    time_elapsed         | 33           |
|    total_timesteps      | 655360       |
| train/                  |              |
|    approx_kl            | 0.0019018345 |
|    clip_fraction        | 0.0102       |
|    clip_range           | 0.2          |
|    entropy_loss         | -0.259       |
|    explained_variance   | 0.297        |
|    learning_rate        | 0.0003       |
|    loss                 | 0.577        |
|    n_updates            | 316          |
|    policy_gradient_loss | -0.00205     |
|    value_loss           | 1.23         |
------------------------------------------
-----------------------------------------
| rollout/                |             |
|    ep_len_mean          | 2.86        |
|    ep_rew_mean          | 0.268       |
| time/                   |             |
|    fps                  | 4453        |
|    iterations           | 19          |
|    time_elapsed         | 34          |
|    total_timesteps      | 663552      |
| train/                  |             |
|    approx_kl            | 0.002284152 |
|    clip_fraction        | 0.0125      |
|    clip_range           | 0.2         |
|    entropy_loss         | -0.26       |
|    explained_variance   | 0.293       |
|    learning_rate        | 0.0003      |
|    loss                 | 0.631       |
|    n_updates            | 320         |
|    policy_gradient_loss | -0.00223    |
|    value_loss           | 1.24        |
-----------------------------------------
------------------------------------------
| rollout/                |              |
|    ep_len_mean          | 2.71         |
|    ep_rew_mean          | 0.252        |
| time/                   |              |
|    fps                  | 4490         |
|    iterations           | 20           |
|    time_elapsed         | 36           |
|    total_timesteps      | 671744       |
| train/                  |              |
|    approx_kl            | 0.0021065986 |
|    clip_fraction        | 0.0132       |
|    clip_range           | 0.2          |
|    entropy_loss         | -0.257       |
|    explained_variance   | 0.301        |
|    learning_rate        | 0.0003       |
|    loss                 | 0.567        |
|    n_updates            | 324          |
|    policy_gradient_loss | -0.00225     |
|    value_loss           | 1.22         |
------------------------------------------
------------------------------------------
| rollout/                |              |
|    ep_len_mean          | 2.98         |
|    ep_rew_mean          | 0.166        |
| time/                   |              |
|    fps                  | 4514         |
|    iterations           | 21           |
|    time_elapsed         | 38           |
|    total_timesteps      | 679936       |
| train/                  |              |
|    approx_kl            | 0.0018096345 |
|    clip_fraction        | 0.00784      |
|    clip_range           | 0.2          |
|    entropy_loss         | -0.255       |
|    explained_variance   | 0.294        |
|    learning_rate        | 0.0003       |
|    loss                 | 0.602        |
|    n_updates            | 328          |
|    policy_gradient_loss | -0.00189     |
|    value_loss           | 1.23         |
------------------------------------------
------------------------------------------
| rollout/                |              |
|    ep_len_mean          | 2.96         |
|    ep_rew_mean          | 0.436        |
| time/                   |              |
|    fps                  | 4548         |
|    iterations           | 22           |
|    time_elapsed         | 39           |
|    total_timesteps      | 688128       |
| train/                  |              |
|    approx_kl            | 0.0026769014 |
|    clip_fraction        | 0.0158       |
|    clip_range           | 0.2          |
|    entropy_loss         | -0.255       |
|    explained_variance   | 0.326        |
|    learning_rate        | 0.0003       |
|    loss                 | 0.561        |
|    n_updates            | 332          |
|    policy_gradient_loss | -0.00295     |
|    value_loss           | 1.14         |
------------------------------------------
-----------------------------------------
| rollout/                |             |
|    ep_len_mean          | 2.96        |
|    ep_rew_mean          | 0.256       |
| time/                   |             |
|    fps                  | 4580        |
|    iterations           | 23          |
|    time_elapsed         | 41          |
|    total_timesteps      | 696320      |
| train/                  |             |
|    approx_kl            | 0.002736293 |
|    clip_fraction        | 0.0154      |
|    clip_range           | 0.2         |
|    entropy_loss         | -0.252      |
|    explained_variance   | 0.302       |
|    learning_rate        | 0.0003      |
|    loss                 | 0.573       |
|    n_updates            | 336         |
|    policy_gradient_loss | -0.00209    |
|    value_loss           | 1.19        |
-----------------------------------------
------------------------------------------
| rollout/                |              |
|    ep_len_mean          | 2.75         |
|    ep_rew_mean          | -0.00729     |
| time/                   |              |
|    fps                  | 4604         |
|    iterations           | 24           |
|    time_elapsed         | 42           |
|    total_timesteps      | 704512       |
| train/                  |              |
|    approx_kl            | 0.0026244936 |
|    clip_fraction        | 0.0136       |
|    clip_range           | 0.2          |
|    entropy_loss         | -0.256       |
|    explained_variance   | 0.309        |
|    learning_rate        | 0.0003       |
|    loss                 | 0.621        |
|    n_updates            | 340          |
|    policy_gradient_loss | -0.00294     |
|    value_loss           | 1.24         |
------------------------------------------
-----------------------------------------
| rollout/                |             |
|    ep_len_mean          | 2.8         |
|    ep_rew_mean          | 0.274       |
| time/                   |             |
|    fps                  | 4627        |
|    iterations           | 25          |
|    time_elapsed         | 44          |
|    total_timesteps      | 712704      |
| train/                  |             |
|    approx_kl            | 0.002186143 |
|    clip_fraction        | 0.0139      |
|    clip_range           | 0.2         |
|    entropy_loss         | -0.257      |
|    explained_variance   | 0.337       |
|    learning_rate        | 0.0003      |
|    loss                 | 0.619       |
|    n_updates            | 344         |
|    policy_gradient_loss | -0.00217    |
|    value_loss           | 1.17        |
-----------------------------------------
------------------------------------------
| rollout/                |              |
|    ep_len_mean          | 2.84         |
|    ep_rew_mean          | 0.261        |
| time/                   |              |
|    fps                  | 4647         |
|    iterations           | 26           |
|    time_elapsed         | 45           |
|    total_timesteps      | 720896       |
| train/                  |              |
|    approx_kl            | 0.0025262334 |
|    clip_fraction        | 0.0139       |
|    clip_range           | 0.2          |
|    entropy_loss         | -0.252       |
|    explained_variance   | 0.295        |
|    learning_rate        | 0.0003       |
|    loss                 | 0.617        |
|    n_updates            | 348          |
|    policy_gradient_loss | -0.00264     |
|    value_loss           | 1.28         |
------------------------------------------
------------------------------------------
| rollout/                |              |
|    ep_len_mean          | 2.99         |
|    ep_rew_mean          | -0.0635      |
| time/                   |              |
|    fps                  | 4664         |
|    iterations           | 27           |
|    time_elapsed         | 47           |
|    total_timesteps      | 729088       |
| train/                  |              |
|    approx_kl            | 0.0031674611 |
|    clip_fraction        | 0.0168       |
|    clip_range           | 0.2          |
|    entropy_loss         | -0.264       |
|    explained_variance   | 0.297        |
|    learning_rate        | 0.0003       |
|    loss                 | 0.629        |
|    n_updates            | 352          |
|    policy_gradient_loss | -0.00292     |
|    value_loss           | 1.25         |
------------------------------------------
------------------------------------------
| rollout/                |              |
|    ep_len_mean          | 2.94         |
|    ep_rew_mean          | 0.124        |
| time/                   |              |
|    fps                  | 4680         |
|    iterations           | 28           |
|    time_elapsed         | 49           |
|    total_timesteps      | 737280       |
| train/                  |              |
|    approx_kl            | 0.0026321285 |
|    clip_fraction        | 0.0153       |
|    clip_range           | 0.2          |
|    entropy_loss         | -0.253       |
|    explained_variance   | 0.315        |
|    learning_rate        | 0.0003       |
|    loss                 | 0.592        |
|    n_updates            | 356          |
|    policy_gradient_loss | -0.00271     |
|    value_loss           | 1.23         |
------------------------------------------
------------------------------------------
| rollout/                |              |
|    ep_len_mean          | 2.99         |
|    ep_rew_mean          | 0.251        |
| time/                   |              |
|    fps                  | 4698         |
|    iterations           | 29           |
|    time_elapsed         | 50           |
|    total_timesteps      | 745472       |
| train/                  |              |
|    approx_kl            | 0.0023963838 |
|    clip_fraction        | 0.0144       |
|    clip_range           | 0.2          |
|    entropy_loss         | -0.256       |
|    explained_variance   | 0.302        |
|    learning_rate        | 0.0003       |
|    loss                 | 0.656        |
|    n_updates            | 360          |
|    policy_gradient_loss | -0.0025      |
|    value_loss           | 1.3          |
------------------------------------------
------------------------------------------
| rollout/                |              |
|    ep_len_mean          | 2.7          |
|    ep_rew_mean          | 0.0807       |
| time/                   |              |
|    fps                  | 4713         |
|    iterations           | 30           |
|    time_elapsed         | 52           |
|    total_timesteps      | 753664       |
| train/                  |              |
|    approx_kl            | 0.0017148305 |
|    clip_fraction        | 0.0114       |
|    clip_range           | 0.2          |
|    entropy_loss         | -0.25        |
|    explained_variance   | 0.315        |
|    learning_rate        | 0.0003       |
|    loss                 | 0.602        |
|    n_updates            | 364          |
|    policy_gradient_loss | -0.00218     |
|    value_loss           | 1.19         |
------------------------------------------
------------------------------------------
| rollout/                |              |
|    ep_len_mean          | 2.88         |
|    ep_rew_mean          | 0.25         |
| time/                   |              |
|    fps                  | 4730         |
|    iterations           | 31           |
|    time_elapsed         | 53           |
|    total_timesteps      | 761856       |
| train/                  |              |
|    approx_kl            | 0.0025270798 |
|    clip_fraction        | 0.0144       |
|    clip_range           | 0.2          |
|    entropy_loss         | -0.249       |
|    explained_variance   | 0.295        |
|    learning_rate        | 0.0003       |
|    loss                 | 0.633        |
|    n_updates            | 368          |
|    policy_gradient_loss | -0.0026      |
|    value_loss           | 1.33         |
------------------------------------------
------------------------------------------
| rollout/                |              |
|    ep_len_mean          | 2.78         |
|    ep_rew_mean          | 0.505        |
| time/                   |              |
|    fps                  | 4745         |
|    iterations           | 32           |
|    time_elapsed         | 55           |
|    total_timesteps      | 770048       |
| train/                  |              |
|    approx_kl            | 0.0025542672 |
|    clip_fraction        | 0.015        |
|    clip_range           | 0.2          |
|    entropy_loss         | -0.246       |
|    explained_variance   | 0.29         |
|    learning_rate        | 0.0003       |
|    loss                 | 0.685        |
|    n_updates            | 372          |
|    policy_gradient_loss | -0.00203     |
|    value_loss           | 1.3          |
------------------------------------------
------------------------------------------
| rollout/                |              |
|    ep_len_mean          | 2.88         |
|    ep_rew_mean          | 0.119        |
| time/                   |              |
|    fps                  | 4757         |
|    iterations           | 33           |
|    time_elapsed         | 56           |
|    total_timesteps      | 778240       |
| train/                  |              |
|    approx_kl            | 0.0027290178 |
|    clip_fraction        | 0.0146       |
|    clip_range           | 0.2          |
|    entropy_loss         | -0.25        |
|    explained_variance   | 0.321        |
|    learning_rate        | 0.0003       |
|    loss                 | 0.591        |
|    n_updates            | 376          |
|    policy_gradient_loss | -0.0027      |
|    value_loss           | 1.21         |
------------------------------------------
------------------------------------------
| rollout/                |              |
|    ep_len_mean          | 2.82         |
|    ep_rew_mean          | 0.588        |
| time/                   |              |
|    fps                  | 4766         |
|    iterations           | 34           |
|    time_elapsed         | 58           |
|    total_timesteps      | 786432       |
| train/                  |              |
|    approx_kl            | 0.0012186707 |
|    clip_fraction        | 0.00665      |
|    clip_range           | 0.2          |
|    entropy_loss         | -0.251       |
|    explained_variance   | 0.306        |
|    learning_rate        | 0.0003       |
|    loss                 | 0.629        |
|    n_updates            | 380          |
|    policy_gradient_loss | -0.00174     |
|    value_loss           | 1.32         |
------------------------------------------
------------------------------------------
| rollout/                |              |
|    ep_len_mean          | 2.85         |
|    ep_rew_mean          | 0.161        |
| time/                   |              |
|    fps                  | 4775         |
|    iterations           | 35           |
|    time_elapsed         | 60           |
|    total_timesteps      | 794624       |
| train/                  |              |
|    approx_kl            | 0.0022266489 |
|    clip_fraction        | 0.0104       |
|    clip_range           | 0.2          |
|    entropy_loss         | -0.248       |
|    explained_variance   | 0.294        |
|    learning_rate        | 0.0003       |
|    loss                 | 0.623        |
|    n_updates            | 384          |
|    policy_gradient_loss | -0.00256     |
|    value_loss           | 1.3          |
------------------------------------------
------------------------------------------
| rollout/                |              |
|    ep_len_mean          | 2.88         |
|    ep_rew_mean          | 0.0832       |
| time/                   |              |
|    fps                  | 4785         |
|    iterations           | 36           |
|    time_elapsed         | 61           |
|    total_timesteps      | 802816       |
| train/                  |              |
|    approx_kl            | 0.0013164766 |
|    clip_fraction        | 0.00458      |
|    clip_range           | 0.2          |
|    entropy_loss         | -0.251       |
|    explained_variance   | 0.321        |
|    learning_rate        | 0.0003       |
|    loss                 | 0.585        |
|    n_updates            | 388          |
|    policy_gradient_loss | -0.00183     |
|    value_loss           | 1.24         |
------------------------------------------
------------------------------------------
| rollout/                |              |
|    ep_len_mean          | 2.87         |
|    ep_rew_mean          | 0.336        |
| time/                   |              |
|    fps                  | 4794         |
|    iterations           | 37           |
|    time_elapsed         | 63           |
|    total_timesteps      | 811008       |
| train/                  |              |
|    approx_kl            | 0.0017888579 |
|    clip_fraction        | 0.00891      |
|    clip_range           | 0.2          |
|    entropy_loss         | -0.242       |
|    explained_variance   | 0.316        |
|    learning_rate        | 0.0003       |
|    loss                 | 0.602        |
|    n_updates            | 392          |
|    policy_gradient_loss | -0.00231     |
|    value_loss           | 1.25         |
------------------------------------------
-----------------------------------------
| rollout/                |             |
|    ep_len_mean          | 2.83        |
|    ep_rew_mean          | 0.0718      |
| time/                   |             |
|    fps                  | 4796        |
|    iterations           | 38          |
|    time_elapsed         | 64          |
|    total_timesteps      | 819200      |
| train/                  |             |
|    approx_kl            | 0.003063774 |
|    clip_fraction        | 0.0172      |
|    clip_range           | 0.2         |
|    entropy_loss         | -0.25       |
|    explained_variance   | 0.321       |
|    learning_rate        | 0.0003      |
|    loss                 | 0.639       |
|    n_updates            | 396         |
|    policy_gradient_loss | -0.0033     |
|    value_loss           | 1.22        |
-----------------------------------------
------------------------------------------
| rollout/                |              |
|    ep_len_mean          | 2.73         |
|    ep_rew_mean          | 0.167        |
| time/                   |              |
|    fps                  | 4784         |
|    iterations           | 39           |
|    time_elapsed         | 66           |
|    total_timesteps      | 827392       |
| train/                  |              |
|    approx_kl            | 0.0021994503 |
|    clip_fraction        | 0.0131       |
|    clip_range           | 0.2          |
|    entropy_loss         | -0.246       |
|    explained_variance   | 0.297        |
|    learning_rate        | 0.0003       |
|    loss                 | 0.598        |
|    n_updates            | 400          |
|    policy_gradient_loss | -0.00267     |
|    value_loss           | 1.21         |
------------------------------------------
------------------------------------------
| rollout/                |              |
|    ep_len_mean          | 2.82         |
|    ep_rew_mean          | 0.191        |
| time/                   |              |
|    fps                  | 4769         |
|    iterations           | 40           |
|    time_elapsed         | 68           |
|    total_timesteps      | 835584       |
| train/                  |              |
|    approx_kl            | 0.0026259734 |
|    clip_fraction        | 0.0144       |
|    clip_range           | 0.2          |
|    entropy_loss         | -0.248       |
|    explained_variance   | 0.313        |
|    learning_rate        | 0.0003       |
|    loss                 | 0.594        |
|    n_updates            | 404          |
|    policy_gradient_loss | -0.00252     |
|    value_loss           | 1.2          |
------------------------------------------
------------------------------------------
| rollout/                |              |
|    ep_len_mean          | 2.97         |
|    ep_rew_mean          | 0.127        |
| time/                   |              |
|    fps                  | 4755         |
|    iterations           | 41           |
|    time_elapsed         | 70           |
|    total_timesteps      | 843776       |
| train/                  |              |
|    approx_kl            | 0.0023489997 |
|    clip_fraction        | 0.0131       |
|    clip_range           | 0.2          |
|    entropy_loss         | -0.248       |
|    explained_variance   | 0.311        |
|    learning_rate        | 0.0003       |
|    loss                 | 0.589        |
|    n_updates            | 408          |
|    policy_gradient_loss | -0.00219     |
|    value_loss           | 1.21         |
------------------------------------------
------------------------------------------
| rollout/                |              |
|    ep_len_mean          | 3.01         |
|    ep_rew_mean          | 0.124        |
| time/                   |              |
|    fps                  | 4743         |
|    iterations           | 42           |
|    time_elapsed         | 72           |
|    total_timesteps      | 851968       |
| train/                  |              |
|    approx_kl            | 0.0018090633 |
|    clip_fraction        | 0.0135       |
|    clip_range           | 0.2          |
|    entropy_loss         | -0.251       |
|    explained_variance   | 0.317        |
|    learning_rate        | 0.0003       |
|    loss                 | 0.601        |
|    n_updates            | 412          |
|    policy_gradient_loss | -0.00267     |
|    value_loss           | 1.25         |
------------------------------------------
------------------------------------------
| rollout/                |              |
|    ep_len_mean          | 2.89         |
|    ep_rew_mean          | 0.439        |
| time/                   |              |
|    fps                  | 4733         |
|    iterations           | 43           |
|    time_elapsed         | 74           |
|    total_timesteps      | 860160       |
| train/                  |              |
|    approx_kl            | 0.0022555096 |
|    clip_fraction        | 0.0133       |
|    clip_range           | 0.2          |
|    entropy_loss         | -0.249       |
|    explained_variance   | 0.316        |
|    learning_rate        | 0.0003       |
|    loss                 | 0.606        |
|    n_updates            | 416          |
|    policy_gradient_loss | -0.0026      |
|    value_loss           | 1.21         |
------------------------------------------
------------------------------------------
| rollout/                |              |
|    ep_len_mean          | 2.94         |
|    ep_rew_mean          | 0.127        |
| time/                   |              |
|    fps                  | 4723         |
|    iterations           | 44           |
|    time_elapsed         | 76           |
|    total_timesteps      | 868352       |
| train/                  |              |
|    approx_kl            | 0.0017585238 |
|    clip_fraction        | 0.0103       |
|    clip_range           | 0.2          |
|    entropy_loss         | -0.242       |
|    explained_variance   | 0.315        |
|    learning_rate        | 0.0003       |
|    loss                 | 0.623        |
|    n_updates            | 420          |
|    policy_gradient_loss | -0.00252     |
|    value_loss           | 1.24         |
------------------------------------------
------------------------------------------
| rollout/                |              |
|    ep_len_mean          | 3.03         |
|    ep_rew_mean          | 0.0245       |
| time/                   |              |
|    fps                  | 4713         |
|    iterations           | 45           |
|    time_elapsed         | 78           |
|    total_timesteps      | 876544       |
| train/                  |              |
|    approx_kl            | 0.0023355568 |
|    clip_fraction        | 0.0141       |
|    clip_range           | 0.2          |
|    entropy_loss         | -0.247       |
|    explained_variance   | 0.315        |
|    learning_rate        | 0.0003       |
|    loss                 | 0.625        |
|    n_updates            | 424          |
|    policy_gradient_loss | -0.0029      |
|    value_loss           | 1.25         |
------------------------------------------
------------------------------------------
| rollout/                |              |
|    ep_len_mean          | 2.87         |
|    ep_rew_mean          | 0.26         |
| time/                   |              |
|    fps                  | 4726         |
|    iterations           | 46           |
|    time_elapsed         | 79           |
|    total_timesteps      | 884736       |
| train/                  |              |
|    approx_kl            | 0.0021568679 |
|    clip_fraction        | 0.0123       |
|    clip_range           | 0.2          |
|    entropy_loss         | -0.255       |
|    explained_variance   | 0.313        |
|    learning_rate        | 0.0003       |
|    loss                 | 0.577        |
|    n_updates            | 428          |
|    policy_gradient_loss | -0.00242     |
|    value_loss           | 1.25         |
------------------------------------------
------------------------------------------
| rollout/                |              |
|    ep_len_mean          | 2.92         |
|    ep_rew_mean          | 0.433        |
| time/                   |              |
|    fps                  | 4737         |
|    iterations           | 47           |
|    time_elapsed         | 81           |
|    total_timesteps      | 892928       |
| train/                  |              |
|    approx_kl            | 0.0019111995 |
|    clip_fraction        | 0.00974      |
|    clip_range           | 0.2          |
|    entropy_loss         | -0.248       |
|    explained_variance   | 0.317        |
|    learning_rate        | 0.0003       |
|    loss                 | 0.61         |
|    n_updates            | 432          |
|    policy_gradient_loss | -0.00243     |
|    value_loss           | 1.27         |
------------------------------------------
-----------------------------------------
| rollout/                |             |
|    ep_len_mean          | 2.71        |
|    ep_rew_mean          | 0.169       |
| time/                   |             |
|    fps                  | 4747        |
|    iterations           | 48          |
|    time_elapsed         | 82          |
|    total_timesteps      | 901120      |
| train/                  |             |
|    approx_kl            | 0.001637366 |
|    clip_fraction        | 0.00974     |
|    clip_range           | 0.2         |
|    entropy_loss         | -0.243      |
|    explained_variance   | 0.318       |
|    learning_rate        | 0.0003      |
|    loss                 | 0.584       |
|    n_updates            | 436         |
|    policy_gradient_loss | -0.00199    |
|    value_loss           | 1.23        |
-----------------------------------------
------------------------------------------
| rollout/                |              |
|    ep_len_mean          | 2.85         |
|    ep_rew_mean          | 0.168        |
| time/                   |              |
|    fps                  | 4756         |
|    iterations           | 49           |
|    time_elapsed         | 84           |
|    total_timesteps      | 909312       |
| train/                  |              |
|    approx_kl            | 0.0018654038 |
|    clip_fraction        | 0.0108       |
|    clip_range           | 0.2          |
|    entropy_loss         | -0.244       |
|    explained_variance   | 0.305        |
|    learning_rate        | 0.0003       |
|    loss                 | 0.623        |
|    n_updates            | 440          |
|    policy_gradient_loss | -0.0026      |
|    value_loss           | 1.28         |
------------------------------------------
------------------------------------------
| rollout/                |              |
|    ep_len_mean          | 2.85         |
|    ep_rew_mean          | -0.0529      |
| time/                   |              |
|    fps                  | 4765         |
|    iterations           | 50           |
|    time_elapsed         | 85           |
|    total_timesteps      | 917504       |
| train/                  |              |
|    approx_kl            | 0.0018860532 |
|    clip_fraction        | 0.00943      |
|    clip_range           | 0.2          |
|    entropy_loss         | -0.249       |
|    explained_variance   | 0.312        |
|    learning_rate        | 0.0003       |
|    loss                 | 0.621        |
|    n_updates            | 444          |
|    policy_gradient_loss | -0.00268     |
|    value_loss           | 1.3          |
------------------------------------------
------------------------------------------
| rollout/                |              |
|    ep_len_mean          | 2.83         |
|    ep_rew_mean          | -0.000526    |
| time/                   |              |
|    fps                  | 4763         |
|    iterations           | 51           |
|    time_elapsed         | 87           |
|    total_timesteps      | 925696       |
| train/                  |              |
|    approx_kl            | 0.0025455114 |
|    clip_fraction        | 0.0132       |
|    clip_range           | 0.2          |
|    entropy_loss         | -0.247       |
|    explained_variance   | 0.304        |
|    learning_rate        | 0.0003       |
|    loss                 | 0.626        |
|    n_updates            | 448          |
|    policy_gradient_loss | -0.00334     |
|    value_loss           | 1.25         |
------------------------------------------
------------------------------------------
| rollout/                |              |
|    ep_len_mean          | 3.1          |
|    ep_rew_mean          | 0.299        |
| time/                   |              |
|    fps                  | 4758         |
|    iterations           | 52           |
|    time_elapsed         | 89           |
|    total_timesteps      | 933888       |
| train/                  |              |
|    approx_kl            | 0.0027094057 |
|    clip_fraction        | 0.015        |
|    clip_range           | 0.2          |
|    entropy_loss         | -0.247       |
|    explained_variance   | 0.315        |
|    learning_rate        | 0.0003       |
|    loss                 | 0.617        |
|    n_updates            | 452          |
|    policy_gradient_loss | -0.00292     |
|    value_loss           | 1.28         |
------------------------------------------
-----------------------------------------
| rollout/                |             |
|    ep_len_mean          | 2.9         |
|    ep_rew_mean          | 0.291       |
| time/                   |             |
|    fps                  | 4747        |
|    iterations           | 53          |
|    time_elapsed         | 91          |
|    total_timesteps      | 942080      |
| train/                  |             |
|    approx_kl            | 0.002298776 |
|    clip_fraction        | 0.0129      |
|    clip_range           | 0.2         |
|    entropy_loss         | -0.241      |
|    explained_variance   | 0.291       |
|    learning_rate        | 0.0003      |
|    loss                 | 0.625       |
|    n_updates            | 456         |
|    policy_gradient_loss | -0.00307    |
|    value_loss           | 1.29        |
-----------------------------------------
------------------------------------------
| rollout/                |              |
|    ep_len_mean          | 3.08         |
|    ep_rew_mean          | 0.468        |
| time/                   |              |
|    fps                  | 4735         |
|    iterations           | 54           |
|    time_elapsed         | 93           |
|    total_timesteps      | 950272       |
| train/                  |              |
|    approx_kl            | 0.0025439924 |
|    clip_fraction        | 0.0121       |
|    clip_range           | 0.2          |
|    entropy_loss         | -0.245       |
|    explained_variance   | 0.308        |
|    learning_rate        | 0.0003       |
|    loss                 | 0.652        |
|    n_updates            | 460          |
|    policy_gradient_loss | -0.00308     |
|    value_loss           | 1.27         |
------------------------------------------
------------------------------------------
| rollout/                |              |
|    ep_len_mean          | 2.78         |
|    ep_rew_mean          | -0.0151      |
| time/                   |              |
|    fps                  | 4732         |
|    iterations           | 55           |
|    time_elapsed         | 95           |
|    total_timesteps      | 958464       |
| train/                  |              |
|    approx_kl            | 0.0022585446 |
|    clip_fraction        | 0.0115       |
|    clip_range           | 0.2          |
|    entropy_loss         | -0.242       |
|    explained_variance   | 0.332        |
|    learning_rate        | 0.0003       |
|    loss                 | 0.559        |
|    n_updates            | 464          |
|    policy_gradient_loss | -0.00325     |
|    value_loss           | 1.23         |
------------------------------------------
------------------------------------------
| rollout/                |              |
|    ep_len_mean          | 2.86         |
|    ep_rew_mean          | 0.19         |
| time/                   |              |
|    fps                  | 4722         |
|    iterations           | 56           |
|    time_elapsed         | 97           |
|    total_timesteps      | 966656       |
| train/                  |              |
|    approx_kl            | 0.0024108235 |
|    clip_fraction        | 0.012        |
|    clip_range           | 0.2          |
|    entropy_loss         | -0.24        |
|    explained_variance   | 0.318        |
|    learning_rate        | 0.0003       |
|    loss                 | 0.63         |
|    n_updates            | 468          |
|    policy_gradient_loss | -0.00311     |
|    value_loss           | 1.21         |
------------------------------------------
-----------------------------------------
| rollout/                |             |
|    ep_len_mean          | 2.9         |
|    ep_rew_mean          | 0.505       |
| time/                   |             |
|    fps                  | 4707        |
|    iterations           | 57          |
|    time_elapsed         | 99          |
|    total_timesteps      | 974848      |
| train/                  |             |
|    approx_kl            | 0.002359877 |
|    clip_fraction        | 0.0123      |
|    clip_range           | 0.2         |
|    entropy_loss         | -0.229      |
|    explained_variance   | 0.338       |
|    learning_rate        | 0.0003      |
|    loss                 | 0.55        |
|    n_updates            | 472         |
|    policy_gradient_loss | -0.00319    |
|    value_loss           | 1.19        |
-----------------------------------------
------------------------------------------
| rollout/                |              |
|    ep_len_mean          | 2.82         |
|    ep_rew_mean          | 0.15         |
| time/                   |              |
|    fps                  | 4654         |
|    iterations           | 58           |
|    time_elapsed         | 102          |
|    total_timesteps      | 983040       |
| train/                  |              |
|    approx_kl            | 0.0030109766 |
|    clip_fraction        | 0.0154       |
|    clip_range           | 0.2          |
|    entropy_loss         | -0.234       |
|    explained_variance   | 0.305        |
|    learning_rate        | 0.0003       |
|    loss                 | 0.556        |
|    n_updates            | 476          |
|    policy_gradient_loss | -0.00343     |
|    value_loss           | 1.25         |
------------------------------------------
------------------------------------------
| rollout/                |              |
|    ep_len_mean          | 2.9          |
|    ep_rew_mean          | 0.116        |
| time/                   |              |
|    fps                  | 4534         |
|    iterations           | 59           |
|    time_elapsed         | 106          |
|    total_timesteps      | 991232       |
| train/                  |              |
|    approx_kl            | 0.0019006499 |
|    clip_fraction        | 0.00885      |
|    clip_range           | 0.2          |
|    entropy_loss         | -0.235       |
|    explained_variance   | 0.329        |
|    learning_rate        | 0.0003       |
|    loss                 | 0.586        |
|    n_updates            | 480          |
|    policy_gradient_loss | -0.00259     |
|    value_loss           | 1.26         |
------------------------------------------
------------------------------------------
| rollout/                |              |
|    ep_len_mean          | 3.05         |
|    ep_rew_mean          | 0.812        |
| time/                   |              |
|    fps                  | 4359         |
|    iterations           | 60           |
|    time_elapsed         | 112          |
|    total_timesteps      | 999424       |
| train/                  |              |
|    approx_kl            | 0.0019966918 |
|    clip_fraction        | 0.01         |
|    clip_range           | 0.2          |
|    entropy_loss         | -0.231       |
|    explained_variance   | 0.321        |
|    learning_rate        | 0.0003       |
|    loss                 | 0.603        |
|    n_updates            | 484          |
|    policy_gradient_loss | -0.00267     |
|    value_loss           | 1.26         |
------------------------------------------
-----------------------------------------
| rollout/                |             |
|    ep_len_mean          | 2.85        |
|    ep_rew_mean          | 0.0848      |
| time/                   |             |
|    fps                  | 4204        |
|    iterations           | 61          |
|    time_elapsed         | 118         |
|    total_timesteps      | 1007616     |
| train/                  |             |
|    approx_kl            | 0.002191542 |
|    clip_fraction        | 0.0108      |
|    clip_range           | 0.2         |
|    entropy_loss         | -0.235      |
|    explained_variance   | 0.307       |
|    learning_rate        | 0.0003      |
|    loss                 | 0.698       |
|    n_updates            | 488         |
|    policy_gradient_loss | -0.0029     |
|    value_loss           | 1.3         |
-----------------------------------------
------------------------------------------
| rollout/                |              |
|    ep_len_mean          | 3.05         |
|    ep_rew_mean          | 0.616        |
| time/                   |              |
|    fps                  | 4057         |
|    iterations           | 62           |
|    time_elapsed         | 125          |
|    total_timesteps      | 1015808      |
| train/                  |              |
|    approx_kl            | 0.0019259352 |
|    clip_fraction        | 0.0103       |
|    clip_range           | 0.2          |
|    entropy_loss         | -0.225       |
|    explained_variance   | 0.311        |
|    learning_rate        | 0.0003       |
|    loss                 | 0.613        |
|    n_updates            | 492          |
|    policy_gradient_loss | -0.00239     |
|    value_loss           | 1.28         |
------------------------------------------
2026-06-05 01:09:38,802 INFO     train — checkpoint saved: truco_threshold_1000000.zip
2026-06-05 01:09:38,802 INFO     train — Progress: 1,000,000 / 5,000,000 steps  (20.0%)  fps=3413  ETA=0h 19m
Logging to /home/guido/Desktop/fac/2026/mmo/truco-py/logs/MaskablePPO_threshold_9
---------------------------------
| rollout/           |          |
|    ep_len_mean     | 2.97     |
|    ep_rew_mean     | 0.136    |
| time/              |          |
|    fps             | 1807     |
|    iterations      | 1        |
|    time_elapsed    | 4        |
|    total_timesteps | 1024000  |
---------------------------------
------------------------------------------
| rollout/                |              |
|    ep_len_mean          | 3.17         |
|    ep_rew_mean          | 0.0508       |
| time/                   |              |
|    fps                  | 1741         |
|    iterations           | 2            |
|    time_elapsed         | 9            |
|    total_timesteps      | 1032192      |
| train/                  |              |
|    approx_kl            | 0.0021100119 |
|    clip_fraction        | 0.0117       |
|    clip_range           | 0.2          |
|    entropy_loss         | -0.229       |
|    explained_variance   | 0.305        |
|    learning_rate        | 0.0003       |
|    loss                 | 0.571        |
|    n_updates            | 500          |
|    policy_gradient_loss | -0.00264     |
|    value_loss           | 1.28         |
------------------------------------------
------------------------------------------
| rollout/                |              |
|    ep_len_mean          | 2.86         |
|    ep_rew_mean          | 0.187        |
| time/                   |              |
|    fps                  | 1572         |
|    iterations           | 3            |
|    time_elapsed         | 15           |
|    total_timesteps      | 1040384      |
| train/                  |              |
|    approx_kl            | 0.0024987352 |
|    clip_fraction        | 0.0132       |
|    clip_range           | 0.2          |
|    entropy_loss         | -0.231       |
|    explained_variance   | 0.296        |
|    learning_rate        | 0.0003       |
|    loss                 | 0.605        |
|    n_updates            | 504          |
|    policy_gradient_loss | -0.00278     |
|    value_loss           | 1.29         |
------------------------------------------
------------------------------------------
| rollout/                |              |
|    ep_len_mean          | 2.88         |
|    ep_rew_mean          | 0.228        |
| time/                   |              |
|    fps                  | 1471         |
|    iterations           | 4            |
|    time_elapsed         | 22           |
|    total_timesteps      | 1048576      |
| train/                  |              |
|    approx_kl            | 0.0023506214 |
|    clip_fraction        | 0.0157       |
|    clip_range           | 0.2          |
|    entropy_loss         | -0.234       |
|    explained_variance   | 0.291        |
|    learning_rate        | 0.0003       |
|    loss                 | 0.666        |
|    n_updates            | 508          |
|    policy_gradient_loss | -0.00322     |
|    value_loss           | 1.34         |
------------------------------------------
------------------------------------------
| rollout/                |              |
|    ep_len_mean          | 2.88         |
|    ep_rew_mean          | 0.148        |
| time/                   |              |
|    fps                  | 1490         |
|    iterations           | 5            |
|    time_elapsed         | 27           |
|    total_timesteps      | 1056768      |
| train/                  |              |
|    approx_kl            | 0.0015389858 |
|    clip_fraction        | 0.00641      |
|    clip_range           | 0.2          |
|    entropy_loss         | -0.235       |
|    explained_variance   | 0.308        |
|    learning_rate        | 0.0003       |
|    loss                 | 0.622        |
|    n_updates            | 512          |
|    policy_gradient_loss | -0.00212     |
|    value_loss           | 1.3          |
------------------------------------------
------------------------------------------
| rollout/                |              |
|    ep_len_mean          | 3.01         |
|    ep_rew_mean          | 0.0498       |
| time/                   |              |
|    fps                  | 1476         |
|    iterations           | 6            |
|    time_elapsed         | 33           |
|    total_timesteps      | 1064960      |
| train/                  |              |
|    approx_kl            | 0.0020685995 |
|    clip_fraction        | 0.0145       |
|    clip_range           | 0.2          |
|    entropy_loss         | -0.239       |
|    explained_variance   | 0.323        |
|    learning_rate        | 0.0003       |
|    loss                 | 0.646        |
|    n_updates            | 516          |
|    policy_gradient_loss | -0.003       |
|    value_loss           | 1.27         |
------------------------------------------
---------------------------------------
| rollout/                |           |
|    ep_len_mean          | 2.84      |
|    ep_rew_mean          | 0.451     |
| time/                   |           |
|    fps                  | 1455      |
|    iterations           | 7         |
|    time_elapsed         | 39        |
|    total_timesteps      | 1073152   |
| train/                  |           |
|    approx_kl            | 0.0016788 |
|    clip_fraction        | 0.00784   |
|    clip_range           | 0.2       |
|    entropy_loss         | -0.241    |
|    explained_variance   | 0.327     |
|    learning_rate        | 0.0003    |
|    loss                 | 0.637     |
|    n_updates            | 520       |
|    policy_gradient_loss | -0.00215  |
|    value_loss           | 1.25      |
---------------------------------------
------------------------------------------
| rollout/                |              |
|    ep_len_mean          | 2.92         |
|    ep_rew_mean          | 0.102        |
| time/                   |              |
|    fps                  | 1430         |
|    iterations           | 8            |
|    time_elapsed         | 45           |
|    total_timesteps      | 1081344      |
| train/                  |              |
|    approx_kl            | 0.0018899589 |
|    clip_fraction        | 0.0098       |
|    clip_range           | 0.2          |
|    entropy_loss         | -0.239       |
|    explained_variance   | 0.327        |
|    learning_rate        | 0.0003       |
|    loss                 | 0.589        |
|    n_updates            | 524          |
|    policy_gradient_loss | -0.0026      |
|    value_loss           | 1.2          |
------------------------------------------
------------------------------------------
| rollout/                |              |
|    ep_len_mean          | 3.01         |
|    ep_rew_mean          | 0.323        |
| time/                   |              |
|    fps                  | 1408         |
|    iterations           | 9            |
|    time_elapsed         | 52           |
|    total_timesteps      | 1089536      |
| train/                  |              |
|    approx_kl            | 0.0022916403 |
|    clip_fraction        | 0.0129       |
|    clip_range           | 0.2          |
|    entropy_loss         | -0.245       |
|    explained_variance   | 0.307        |
|    learning_rate        | 0.0003       |
|    loss                 | 0.61         |
|    n_updates            | 528          |
|    policy_gradient_loss | -0.00296     |
|    value_loss           | 1.28         |
------------------------------------------
------------------------------------------
| rollout/                |              |
|    ep_len_mean          | 2.6          |
|    ep_rew_mean          | 0.149        |
| time/                   |              |
|    fps                  | 1384         |
|    iterations           | 10           |
|    time_elapsed         | 59           |
|    total_timesteps      | 1097728      |
| train/                  |              |
|    approx_kl            | 0.0027984898 |
|    clip_fraction        | 0.0156       |
|    clip_range           | 0.2          |
|    entropy_loss         | -0.241       |
|    explained_variance   | 0.289        |
|    learning_rate        | 0.0003       |
|    loss                 | 0.665        |
|    n_updates            | 532          |
|    policy_gradient_loss | -0.00339     |
|    value_loss           | 1.34         |
------------------------------------------
-----------------------------------------
| rollout/                |             |
|    ep_len_mean          | 2.62        |
|    ep_rew_mean          | 0.433       |
| time/                   |             |
|    fps                  | 1422        |
|    iterations           | 11          |
|    time_elapsed         | 63          |
|    total_timesteps      | 1105920     |
| train/                  |             |
|    approx_kl            | 0.002221321 |
|    clip_fraction        | 0.0114      |
|    clip_range           | 0.2         |
|    entropy_loss         | -0.24       |
|    explained_variance   | 0.293       |
|    learning_rate        | 0.0003      |
|    loss                 | 0.646       |
|    n_updates            | 536         |
|    policy_gradient_loss | -0.00295    |
|    value_loss           | 1.35        |
-----------------------------------------
------------------------------------------
| rollout/                |              |
|    ep_len_mean          | 2.84         |
|    ep_rew_mean          | -0.0934      |
| time/                   |              |
|    fps                  | 1432         |
|    iterations           | 12           |
|    time_elapsed         | 68           |
|    total_timesteps      | 1114112      |
| train/                  |              |
|    approx_kl            | 0.0017542673 |
|    clip_fraction        | 0.00839      |
|    clip_range           | 0.2          |
|    entropy_loss         | -0.235       |
|    explained_variance   | 0.3          |
|    learning_rate        | 0.0003       |
|    loss                 | 0.641        |
|    n_updates            | 540          |
|    policy_gradient_loss | -0.00265     |
|    value_loss           | 1.34         |
------------------------------------------
-----------------------------------------
| rollout/                |             |
|    ep_len_mean          | 3           |
|    ep_rew_mean          | 0.239       |
| time/                   |             |
|    fps                  | 1420        |
|    iterations           | 13          |
|    time_elapsed         | 74          |
|    total_timesteps      | 1122304     |
| train/                  |             |
|    approx_kl            | 0.002251857 |
|    clip_fraction        | 0.0133      |
|    clip_range           | 0.2         |
|    entropy_loss         | -0.239      |
|    explained_variance   | 0.333       |
|    learning_rate        | 0.0003      |
|    loss                 | 0.579       |
|    n_updates            | 544         |
|    policy_gradient_loss | -0.00276    |
|    value_loss           | 1.24        |
-----------------------------------------
-----------------------------------------
| rollout/                |             |
|    ep_len_mean          | 2.83        |
|    ep_rew_mean          | 0.41        |
| time/                   |             |
|    fps                  | 1451        |
|    iterations           | 14          |
|    time_elapsed         | 79          |
|    total_timesteps      | 1130496     |
| train/                  |             |
|    approx_kl            | 0.002227222 |
|    clip_fraction        | 0.0114      |
|    clip_range           | 0.2         |
|    entropy_loss         | -0.232      |
|    explained_variance   | 0.301       |
|    learning_rate        | 0.0003      |
|    loss                 | 0.605       |
|    n_updates            | 548         |
|    policy_gradient_loss | -0.00286    |
|    value_loss           | 1.26        |
-----------------------------------------
-----------------------------------------
| rollout/                |             |
|    ep_len_mean          | 2.95        |
|    ep_rew_mean          | 0.272       |
| time/                   |             |
|    fps                  | 1457        |
|    iterations           | 15          |
|    time_elapsed         | 84          |
|    total_timesteps      | 1138688     |
| train/                  |             |
|    approx_kl            | 0.001766913 |
|    clip_fraction        | 0.00827     |
|    clip_range           | 0.2         |
|    entropy_loss         | -0.234      |
|    explained_variance   | 0.33        |
|    learning_rate        | 0.0003      |
|    loss                 | 0.575       |
|    n_updates            | 552         |
|    policy_gradient_loss | -0.00331    |
|    value_loss           | 1.22        |
-----------------------------------------
------------------------------------------
| rollout/                |              |
|    ep_len_mean          | 2.96         |
|    ep_rew_mean          | 0.161        |
| time/                   |              |
|    fps                  | 1447         |
|    iterations           | 16           |
|    time_elapsed         | 90           |
|    total_timesteps      | 1146880      |
| train/                  |              |
|    approx_kl            | 0.0019091347 |
|    clip_fraction        | 0.00909      |
|    clip_range           | 0.2          |
|    entropy_loss         | -0.232       |
|    explained_variance   | 0.321        |
|    learning_rate        | 0.0003       |
|    loss                 | 0.561        |
|    n_updates            | 556          |
|    policy_gradient_loss | -0.00274     |
|    value_loss           | 1.24         |
------------------------------------------
------------------------------------------
| rollout/                |              |
|    ep_len_mean          | 2.95         |
|    ep_rew_mean          | 0.198        |
| time/                   |              |
|    fps                  | 1433         |
|    iterations           | 17           |
|    time_elapsed         | 97           |
|    total_timesteps      | 1155072      |
| train/                  |              |
|    approx_kl            | 0.0022014014 |
|    clip_fraction        | 0.011        |
|    clip_range           | 0.2          |
|    entropy_loss         | -0.23        |
|    explained_variance   | 0.324        |
|    learning_rate        | 0.0003       |
|    loss                 | 0.66         |
|    n_updates            | 560          |
|    policy_gradient_loss | -0.00272     |
|    value_loss           | 1.28         |
------------------------------------------
------------------------------------------
| rollout/                |              |
|    ep_len_mean          | 2.94         |
|    ep_rew_mean          | 0.218        |
| time/                   |              |
|    fps                  | 1422         |
|    iterations           | 18           |
|    time_elapsed         | 103          |
|    total_timesteps      | 1163264      |
| train/                  |              |
|    approx_kl            | 0.0025845733 |
|    clip_fraction        | 0.015        |
|    clip_range           | 0.2          |
|    entropy_loss         | -0.227       |
|    explained_variance   | 0.309        |
|    learning_rate        | 0.0003       |
|    loss                 | 0.683        |
|    n_updates            | 564          |
|    policy_gradient_loss | -0.00314     |
|    value_loss           | 1.32         |
------------------------------------------
-----------------------------------------
| rollout/                |             |
|    ep_len_mean          | 2.98        |
|    ep_rew_mean          | 0.162       |
| time/                   |             |
|    fps                  | 1405        |
|    iterations           | 19          |
|    time_elapsed         | 110         |
|    total_timesteps      | 1171456     |
| train/                  |             |
|    approx_kl            | 0.001979979 |
|    clip_fraction        | 0.0133      |
|    clip_range           | 0.2         |
|    entropy_loss         | -0.224      |
|    explained_variance   | 0.295       |
|    learning_rate        | 0.0003      |
|    loss                 | 0.608       |
|    n_updates            | 568         |
|    policy_gradient_loss | -0.00269    |
|    value_loss           | 1.31        |
-----------------------------------------
------------------------------------------
| rollout/                |              |
|    ep_len_mean          | 2.82         |
|    ep_rew_mean          | -0.401       |
| time/                   |              |
|    fps                  | 1386         |
|    iterations           | 20           |
|    time_elapsed         | 118          |
|    total_timesteps      | 1179648      |
| train/                  |              |
|    approx_kl            | 0.0021063904 |
|    clip_fraction        | 0.011        |
|    clip_range           | 0.2          |
|    entropy_loss         | -0.231       |
|    explained_variance   | 0.307        |
|    learning_rate        | 0.0003       |
|    loss                 | 0.613        |
|    n_updates            | 572          |
|    policy_gradient_loss | -0.00285     |
|    value_loss           | 1.3          |
------------------------------------------
------------------------------------------
| rollout/                |              |
|    ep_len_mean          | 2.88         |
|    ep_rew_mean          | 0.26         |
| time/                   |              |
|    fps                  | 1387         |
|    iterations           | 21           |
|    time_elapsed         | 124          |
|    total_timesteps      | 1187840      |
| train/                  |              |
|    approx_kl            | 0.0018238527 |
|    clip_fraction        | 0.00894      |
|    clip_range           | 0.2          |
|    entropy_loss         | -0.229       |
|    explained_variance   | 0.328        |
|    learning_rate        | 0.0003       |
|    loss                 | 0.577        |
|    n_updates            | 576          |
|    policy_gradient_loss | -0.00231     |
|    value_loss           | 1.22         |
------------------------------------------
------------------------------------------
| rollout/                |              |
|    ep_len_mean          | 2.92         |
|    ep_rew_mean          | 0.303        |
| time/                   |              |
|    fps                  | 1370         |
|    iterations           | 22           |
|    time_elapsed         | 131          |
|    total_timesteps      | 1196032      |
| train/                  |              |
|    approx_kl            | 0.0020455099 |
|    clip_fraction        | 0.0125       |
|    clip_range           | 0.2          |
|    entropy_loss         | -0.227       |
|    explained_variance   | 0.294        |
|    learning_rate        | 0.0003       |
|    loss                 | 0.632        |
|    n_updates            | 580          |
|    policy_gradient_loss | -0.00291     |
|    value_loss           | 1.33         |
------------------------------------------
------------------------------------------
| rollout/                |              |
|    ep_len_mean          | 3.03         |
|    ep_rew_mean          | 0.149        |
| time/                   |              |
|    fps                  | 1357         |
|    iterations           | 23           |
|    time_elapsed         | 138          |
|    total_timesteps      | 1204224      |
| train/                  |              |
|    approx_kl            | 0.0019725445 |
|    clip_fraction        | 0.0112       |
|    clip_range           | 0.2          |
|    entropy_loss         | -0.236       |
|    explained_variance   | 0.324        |
|    learning_rate        | 0.0003       |
|    loss                 | 0.594        |
|    n_updates            | 584          |
|    policy_gradient_loss | -0.00244     |
|    value_loss           | 1.28         |
------------------------------------------
---------------------------------------
| rollout/                |           |
|    ep_len_mean          | 3.08      |
|    ep_rew_mean          | 0.203     |
| time/                   |           |
|    fps                  | 1342      |
|    iterations           | 24        |
|    time_elapsed         | 146       |
|    total_timesteps      | 1212416   |
| train/                  |           |
|    approx_kl            | 0.0025007 |
|    clip_fraction        | 0.0126    |
|    clip_range           | 0.2       |
|    entropy_loss         | -0.23     |
|    explained_variance   | 0.345     |
|    learning_rate        | 0.0003    |
|    loss                 | 0.612     |
|    n_updates            | 588       |
|    policy_gradient_loss | -0.00265  |
|    value_loss           | 1.23      |
---------------------------------------
------------------------------------------
| rollout/                |              |
|    ep_len_mean          | 3.02         |
|    ep_rew_mean          | 0.315        |
| time/                   |              |
|    fps                  | 1334         |
|    iterations           | 25           |
|    time_elapsed         | 153          |
|    total_timesteps      | 1220608      |
| train/                  |              |
|    approx_kl            | 0.0027397184 |
|    clip_fraction        | 0.0152       |
|    clip_range           | 0.2          |
|    entropy_loss         | -0.235       |
|    explained_variance   | 0.357        |
|    learning_rate        | 0.0003       |
|    loss                 | 0.547        |
|    n_updates            | 592          |
|    policy_gradient_loss | -0.00284     |
|    value_loss           | 1.17         |
------------------------------------------
------------------------------------------
| rollout/                |              |
|    ep_len_mean          | 2.9          |
|    ep_rew_mean          | 0.351        |
| time/                   |              |
|    fps                  | 1321         |
|    iterations           | 26           |
|    time_elapsed         | 161          |
|    total_timesteps      | 1228800      |
| train/                  |              |
|    approx_kl            | 0.0015211798 |
|    clip_fraction        | 0.00818      |
|    clip_range           | 0.2          |
|    entropy_loss         | -0.229       |
|    explained_variance   | 0.303        |
|    learning_rate        | 0.0003       |
|    loss                 | 0.652        |
|    n_updates            | 596          |
|    policy_gradient_loss | -0.0025      |
|    value_loss           | 1.32         |
------------------------------------------
------------------------------------------
| rollout/                |              |
|    ep_len_mean          | 2.93         |
|    ep_rew_mean          | 0.407        |
| time/                   |              |
|    fps                  | 1321         |
|    iterations           | 27           |
|    time_elapsed         | 167          |
|    total_timesteps      | 1236992      |
| train/                  |              |
|    approx_kl            | 0.0018582402 |
|    clip_fraction        | 0.0117       |
|    clip_range           | 0.2          |
|    entropy_loss         | -0.228       |
|    explained_variance   | 0.316        |
|    learning_rate        | 0.0003       |
|    loss                 | 0.681        |
|    n_updates            | 600          |
|    policy_gradient_loss | -0.00265     |
|    value_loss           | 1.29         |
------------------------------------------
------------------------------------------
| rollout/                |              |
|    ep_len_mean          | 2.97         |
|    ep_rew_mean          | 0.00715      |
| time/                   |              |
|    fps                  | 1324         |
|    iterations           | 28           |
|    time_elapsed         | 173          |
|    total_timesteps      | 1245184      |
| train/                  |              |
|    approx_kl            | 0.0020654884 |
|    clip_fraction        | 0.0114       |
|    clip_range           | 0.2          |
|    entropy_loss         | -0.226       |
|    explained_variance   | 0.322        |
|    learning_rate        | 0.0003       |
|    loss                 | 0.621        |
|    n_updates            | 604          |
|    policy_gradient_loss | -0.00297     |
|    value_loss           | 1.27         |
------------------------------------------
-----------------------------------------
| rollout/                |             |
|    ep_len_mean          | 2.82        |
|    ep_rew_mean          | 0.198       |
| time/                   |             |
|    fps                  | 1331        |
|    iterations           | 29          |
|    time_elapsed         | 178         |
|    total_timesteps      | 1253376     |
| train/                  |             |
|    approx_kl            | 0.002222496 |
|    clip_fraction        | 0.00916     |
|    clip_range           | 0.2         |
|    entropy_loss         | -0.223      |
|    explained_variance   | 0.312       |
|    learning_rate        | 0.0003      |
|    loss                 | 0.653       |
|    n_updates            | 608         |
|    policy_gradient_loss | -0.00245    |
|    value_loss           | 1.3         |
-----------------------------------------
-----------------------------------------
| rollout/                |             |
|    ep_len_mean          | 2.87        |
|    ep_rew_mean          | 0.286       |
| time/                   |             |
|    fps                  | 1343        |
|    iterations           | 30          |
|    time_elapsed         | 182         |
|    total_timesteps      | 1261568     |
| train/                  |             |
|    approx_kl            | 0.001632742 |
|    clip_fraction        | 0.00803     |
|    clip_range           | 0.2         |
|    entropy_loss         | -0.226      |
|    explained_variance   | 0.315       |
|    learning_rate        | 0.0003      |
|    loss                 | 0.615       |
|    n_updates            | 612         |
|    policy_gradient_loss | -0.00171    |
|    value_loss           | 1.29        |
-----------------------------------------
------------------------------------------
| rollout/                |              |
|    ep_len_mean          | 3.09         |
|    ep_rew_mean          | 0.203        |
| time/                   |              |
|    fps                  | 1354         |
|    iterations           | 31           |
|    time_elapsed         | 187          |
|    total_timesteps      | 1269760      |
| train/                  |              |
|    approx_kl            | 0.0021712594 |
|    clip_fraction        | 0.0135       |
|    clip_range           | 0.2          |
|    entropy_loss         | -0.223       |
|    explained_variance   | 0.324        |
|    learning_rate        | 0.0003       |
|    loss                 | 0.641        |
|    n_updates            | 616          |
|    policy_gradient_loss | -0.00213     |
|    value_loss           | 1.28         |
------------------------------------------
------------------------------------------
| rollout/                |              |
|    ep_len_mean          | 2.95         |
|    ep_rew_mean          | 0.198        |
| time/                   |              |
|    fps                  | 1357         |
|    iterations           | 32           |
|    time_elapsed         | 193          |
|    total_timesteps      | 1277952      |
| train/                  |              |
|    approx_kl            | 0.0018059636 |
|    clip_fraction        | 0.00946      |
|    clip_range           | 0.2          |
|    entropy_loss         | -0.216       |
|    explained_variance   | 0.321        |
|    learning_rate        | 0.0003       |
|    loss                 | 0.6          |
|    n_updates            | 620          |
|    policy_gradient_loss | -0.00265     |
|    value_loss           | 1.26         |
------------------------------------------
------------------------------------------
| rollout/                |              |
|    ep_len_mean          | 2.89         |
|    ep_rew_mean          | -0.1         |
| time/                   |              |
|    fps                  | 1347         |
|    iterations           | 33           |
|    time_elapsed         | 200          |
|    total_timesteps      | 1286144      |
| train/                  |              |
|    approx_kl            | 0.0017637227 |
|    clip_fraction        | 0.0097       |
|    clip_range           | 0.2          |
|    entropy_loss         | -0.217       |
|    explained_variance   | 0.321        |
|    learning_rate        | 0.0003       |
|    loss                 | 0.626        |
|    n_updates            | 624          |
|    policy_gradient_loss | -0.00253     |
|    value_loss           | 1.29         |
------------------------------------------
-----------------------------------------
| rollout/                |             |
|    ep_len_mean          | 3.11        |
|    ep_rew_mean          | -0.028      |
| time/                   |             |
|    fps                  | 1343        |
|    iterations           | 34          |
|    time_elapsed         | 207         |
|    total_timesteps      | 1294336     |
| train/                  |             |
|    approx_kl            | 0.002267358 |
|    clip_fraction        | 0.0115      |
|    clip_range           | 0.2         |
|    entropy_loss         | -0.217      |
|    explained_variance   | 0.347       |
|    learning_rate        | 0.0003      |
|    loss                 | 0.62        |
|    n_updates            | 628         |
|    policy_gradient_loss | -0.00284    |
|    value_loss           | 1.26        |
-----------------------------------------
------------------------------------------
| rollout/                |              |
|    ep_len_mean          | 2.92         |
|    ep_rew_mean          | 0.427        |
| time/                   |              |
|    fps                  | 1342         |
|    iterations           | 35           |
|    time_elapsed         | 213          |
|    total_timesteps      | 1302528      |
| train/                  |              |
|    approx_kl            | 0.0021993646 |
|    clip_fraction        | 0.0103       |
|    clip_range           | 0.2          |
|    entropy_loss         | -0.207       |
|    explained_variance   | 0.317        |
|    learning_rate        | 0.0003       |
|    loss                 | 0.578        |
|    n_updates            | 632          |
|    policy_gradient_loss | -0.00267     |
|    value_loss           | 1.29         |
------------------------------------------
------------------------------------------
| rollout/                |              |
|    ep_len_mean          | 3.09         |
|    ep_rew_mean          | 0.358        |
| time/                   |              |
|    fps                  | 1339         |
|    iterations           | 36           |
|    time_elapsed         | 220          |
|    total_timesteps      | 1310720      |
| train/                  |              |
|    approx_kl            | 0.0021623503 |
|    clip_fraction        | 0.0121       |
|    clip_range           | 0.2          |
|    entropy_loss         | -0.206       |
|    explained_variance   | 0.32         |
|    learning_rate        | 0.0003       |
|    loss                 | 0.66         |
|    n_updates            | 636          |
|    policy_gradient_loss | -0.00266     |
|    value_loss           | 1.26         |
------------------------------------------
------------------------------------------
| rollout/                |              |
|    ep_len_mean          | 2.93         |
|    ep_rew_mean          | 0.07         |
| time/                   |              |
|    fps                  | 1338         |
|    iterations           | 37           |
|    time_elapsed         | 226          |
|    total_timesteps      | 1318912      |
| train/                  |              |
|    approx_kl            | 0.0019330361 |
|    clip_fraction        | 0.00848      |
|    clip_range           | 0.2          |
|    entropy_loss         | -0.208       |
|    explained_variance   | 0.327        |
|    learning_rate        | 0.0003       |
|    loss                 | 0.598        |
|    n_updates            | 640          |
|    policy_gradient_loss | -0.0025      |
|    value_loss           | 1.28         |
------------------------------------------
-----------------------------------------
| rollout/                |             |
|    ep_len_mean          | 2.89        |
|    ep_rew_mean          | 0.196       |
| time/                   |             |
|    fps                  | 1337        |
|    iterations           | 38          |
|    time_elapsed         | 232         |
|    total_timesteps      | 1327104     |
| train/                  |             |
|    approx_kl            | 0.002219479 |
|    clip_fraction        | 0.0112      |
|    clip_range           | 0.2         |
|    entropy_loss         | -0.206      |
|    explained_variance   | 0.33        |
|    learning_rate        | 0.0003      |
|    loss                 | 0.617       |
|    n_updates            | 644         |
|    policy_gradient_loss | -0.00262    |
|    value_loss           | 1.31        |
-----------------------------------------
------------------------------------------
| rollout/                |              |
|    ep_len_mean          | 2.83         |
|    ep_rew_mean          | -0.0336      |
| time/                   |              |
|    fps                  | 1335         |
|    iterations           | 39           |
|    time_elapsed         | 239          |
|    total_timesteps      | 1335296      |
| train/                  |              |
|    approx_kl            | 0.0023317386 |
|    clip_fraction        | 0.0113       |
|    clip_range           | 0.2          |
|    entropy_loss         | -0.206       |
|    explained_variance   | 0.351        |
|    learning_rate        | 0.0003       |
|    loss                 | 0.533        |
|    n_updates            | 648          |
|    policy_gradient_loss | -0.00308     |
|    value_loss           | 1.2          |
------------------------------------------
------------------------------------------
| rollout/                |              |
|    ep_len_mean          | 2.77         |
|    ep_rew_mean          | -0.0603      |
| time/                   |              |
|    fps                  | 1333         |
|    iterations           | 40           |
|    time_elapsed         | 245          |
|    total_timesteps      | 1343488      |
| train/                  |              |
|    approx_kl            | 0.0013367098 |
|    clip_fraction        | 0.0061       |
|    clip_range           | 0.2          |
|    entropy_loss         | -0.202       |
|    explained_variance   | 0.35         |
|    learning_rate        | 0.0003       |
|    loss                 | 0.556        |
|    n_updates            | 652          |
|    policy_gradient_loss | -0.0022      |
|    value_loss           | 1.22         |
------------------------------------------
-----------------------------------------
| rollout/                |             |
|    ep_len_mean          | 2.96        |
|    ep_rew_mean          | 0.372       |
| time/                   |             |
|    fps                  | 1332        |
|    iterations           | 41          |
|    time_elapsed         | 252         |
|    total_timesteps      | 1351680     |
| train/                  |             |
|    approx_kl            | 0.002184618 |
|    clip_fraction        | 0.0116      |
|    clip_range           | 0.2         |
|    entropy_loss         | -0.208      |
|    explained_variance   | 0.314       |
|    learning_rate        | 0.0003      |
|    loss                 | 0.614       |
|    n_updates            | 656         |
|    policy_gradient_loss | -0.00263    |
|    value_loss           | 1.31        |
-----------------------------------------
------------------------------------------
| rollout/                |              |
|    ep_len_mean          | 2.88         |
|    ep_rew_mean          | 0.343        |
| time/                   |              |
|    fps                  | 1333         |
|    iterations           | 42           |
|    time_elapsed         | 257          |
|    total_timesteps      | 1359872      |
| train/                  |              |
|    approx_kl            | 0.0015050293 |
|    clip_fraction        | 0.00919      |
|    clip_range           | 0.2          |
|    entropy_loss         | -0.207       |
|    explained_variance   | 0.303        |
|    learning_rate        | 0.0003       |
|    loss                 | 0.669        |
|    n_updates            | 660          |
|    policy_gradient_loss | -0.00219     |
|    value_loss           | 1.38         |
------------------------------------------
------------------------------------------
| rollout/                |              |
|    ep_len_mean          | 2.87         |
|    ep_rew_mean          | 0.385        |
| time/                   |              |
|    fps                  | 1342         |
|    iterations           | 43           |
|    time_elapsed         | 262          |
|    total_timesteps      | 1368064      |
| train/                  |              |
|    approx_kl            | 0.0020951289 |
|    clip_fraction        | 0.01         |
|    clip_range           | 0.2          |
|    entropy_loss         | -0.201       |
|    explained_variance   | 0.338        |
|    learning_rate        | 0.0003       |
|    loss                 | 0.654        |
|    n_updates            | 664          |
|    policy_gradient_loss | -0.00281     |
|    value_loss           | 1.25         |
------------------------------------------
------------------------------------------
| rollout/                |              |
|    ep_len_mean          | 2.86         |
|    ep_rew_mean          | 0.204        |
| time/                   |              |
|    fps                  | 1344         |
|    iterations           | 44           |
|    time_elapsed         | 268          |
|    total_timesteps      | 1376256      |
| train/                  |              |
|    approx_kl            | 0.0011386464 |
|    clip_fraction        | 0.0062       |
|    clip_range           | 0.2          |
|    entropy_loss         | -0.206       |
|    explained_variance   | 0.328        |
|    learning_rate        | 0.0003       |
|    loss                 | 0.615        |
|    n_updates            | 668          |
|    policy_gradient_loss | -0.00193     |
|    value_loss           | 1.22         |
------------------------------------------
------------------------------------------
| rollout/                |              |
|    ep_len_mean          | 2.83         |
|    ep_rew_mean          | 0.289        |
| time/                   |              |
|    fps                  | 1342         |
|    iterations           | 45           |
|    time_elapsed         | 274          |
|    total_timesteps      | 1384448      |
| train/                  |              |
|    approx_kl            | 0.0021396114 |
|    clip_fraction        | 0.0108       |
|    clip_range           | 0.2          |
|    entropy_loss         | -0.205       |
|    explained_variance   | 0.336        |
|    learning_rate        | 0.0003       |
|    loss                 | 0.57         |
|    n_updates            | 672          |
|    policy_gradient_loss | -0.00286     |
|    value_loss           | 1.23         |
------------------------------------------
------------------------------------------
| rollout/                |              |
|    ep_len_mean          | 2.75         |
|    ep_rew_mean          | 0.275        |
| time/                   |              |
|    fps                  | 1337         |
|    iterations           | 46           |
|    time_elapsed         | 281          |
|    total_timesteps      | 1392640      |
| train/                  |              |
|    approx_kl            | 0.0023888908 |
|    clip_fraction        | 0.014        |
|    clip_range           | 0.2          |
|    entropy_loss         | -0.21        |
|    explained_variance   | 0.346        |
|    learning_rate        | 0.0003       |
|    loss                 | 0.554        |
|    n_updates            | 676          |
|    policy_gradient_loss | -0.00254     |
|    value_loss           | 1.2          |
------------------------------------------
------------------------------------------
| rollout/                |              |
|    ep_len_mean          | 2.97         |
|    ep_rew_mean          | 0.451        |
| time/                   |              |
|    fps                  | 1333         |
|    iterations           | 47           |
|    time_elapsed         | 288          |
|    total_timesteps      | 1400832      |
| train/                  |              |
|    approx_kl            | 0.0017666924 |
|    clip_fraction        | 0.0101       |
|    clip_range           | 0.2          |
|    entropy_loss         | -0.219       |
|    explained_variance   | 0.314        |
|    learning_rate        | 0.0003       |
|    loss                 | 0.679        |
|    n_updates            | 680          |
|    policy_gradient_loss | -0.00219     |
|    value_loss           | 1.29         |
------------------------------------------
------------------------------------------
| rollout/                |              |
|    ep_len_mean          | 2.82         |
|    ep_rew_mean          | 0.562        |
| time/                   |              |
|    fps                  | 1333         |
|    iterations           | 48           |
|    time_elapsed         | 294          |
|    total_timesteps      | 1409024      |
| train/                  |              |
|    approx_kl            | 0.0020573616 |
|    clip_fraction        | 0.0103       |
|    clip_range           | 0.2          |
|    entropy_loss         | -0.222       |
|    explained_variance   | 0.322        |
|    learning_rate        | 0.0003       |
|    loss                 | 0.637        |
|    n_updates            | 684          |
|    policy_gradient_loss | -0.00271     |
|    value_loss           | 1.27         |
------------------------------------------
-----------------------------------------
| rollout/                |             |
|    ep_len_mean          | 2.96        |
|    ep_rew_mean          | -0.124      |
| time/                   |             |
|    fps                  | 1330        |
|    iterations           | 49          |
|    time_elapsed         | 301         |
|    total_timesteps      | 1417216     |
| train/                  |             |
|    approx_kl            | 0.002273085 |
|    clip_fraction        | 0.0127      |
|    clip_range           | 0.2         |
|    entropy_loss         | -0.228      |
|    explained_variance   | 0.328       |
|    learning_rate        | 0.0003      |
|    loss                 | 0.593       |
|    n_updates            | 688         |
|    policy_gradient_loss | -0.00292    |
|    value_loss           | 1.23        |
-----------------------------------------
------------------------------------------
| rollout/                |              |
|    ep_len_mean          | 3.01         |
|    ep_rew_mean          | 0.144        |
| time/                   |              |
|    fps                  | 1335         |
|    iterations           | 50           |
|    time_elapsed         | 306          |
|    total_timesteps      | 1425408      |
| train/                  |              |
|    approx_kl            | 0.0018639343 |
|    clip_fraction        | 0.00967      |
|    clip_range           | 0.2          |
|    entropy_loss         | -0.211       |
|    explained_variance   | 0.308        |
|    learning_rate        | 0.0003       |
|    loss                 | 0.656        |
|    n_updates            | 692          |
|    policy_gradient_loss | -0.00282     |
|    value_loss           | 1.33         |
------------------------------------------
------------------------------------------
| rollout/                |              |
|    ep_len_mean          | 2.97         |
|    ep_rew_mean          | 0.23         |
| time/                   |              |
|    fps                  | 1330         |
|    iterations           | 51           |
|    time_elapsed         | 314          |
|    total_timesteps      | 1433600      |
| train/                  |              |
|    approx_kl            | 0.0021912823 |
|    clip_fraction        | 0.0123       |
|    clip_range           | 0.2          |
|    entropy_loss         | -0.22        |
|    explained_variance   | 0.333        |
|    learning_rate        | 0.0003       |
|    loss                 | 0.586        |
|    n_updates            | 696          |
|    policy_gradient_loss | -0.00267     |
|    value_loss           | 1.24         |
------------------------------------------
------------------------------------------
| rollout/                |              |
|    ep_len_mean          | 2.9          |
|    ep_rew_mean          | 0.204        |
| time/                   |              |
|    fps                  | 1327         |
|    iterations           | 52           |
|    time_elapsed         | 320          |
|    total_timesteps      | 1441792      |
| train/                  |              |
|    approx_kl            | 0.0014998693 |
|    clip_fraction        | 0.00772      |
|    clip_range           | 0.2          |
|    entropy_loss         | -0.218       |
|    explained_variance   | 0.339        |
|    learning_rate        | 0.0003       |
|    loss                 | 0.638        |
|    n_updates            | 700          |
|    policy_gradient_loss | -0.00208     |
|    value_loss           | 1.22         |
------------------------------------------
------------------------------------------
| rollout/                |              |
|    ep_len_mean          | 2.86         |
|    ep_rew_mean          | -0.0753      |
| time/                   |              |
|    fps                  | 1321         |
|    iterations           | 53           |
|    time_elapsed         | 328          |
|    total_timesteps      | 1449984      |
| train/                  |              |
|    approx_kl            | 0.0017536341 |
|    clip_fraction        | 0.0102       |
|    clip_range           | 0.2          |
|    entropy_loss         | -0.218       |
|    explained_variance   | 0.331        |
|    learning_rate        | 0.0003       |
|    loss                 | 0.604        |
|    n_updates            | 704          |
|    policy_gradient_loss | -0.00234     |
|    value_loss           | 1.23         |
------------------------------------------
------------------------------------------
| rollout/                |              |
|    ep_len_mean          | 2.9          |
|    ep_rew_mean          | 0.102        |
| time/                   |              |
|    fps                  | 1317         |
|    iterations           | 54           |
|    time_elapsed         | 335          |
|    total_timesteps      | 1458176      |
| train/                  |              |
|    approx_kl            | 0.0021054468 |
|    clip_fraction        | 0.0107       |
|    clip_range           | 0.2          |
|    entropy_loss         | -0.22        |
|    explained_variance   | 0.347        |
|    learning_rate        | 0.0003       |
|    loss                 | 0.568        |
|    n_updates            | 708          |
|    policy_gradient_loss | -0.0024      |
|    value_loss           | 1.22         |
------------------------------------------
------------------------------------------
| rollout/                |              |
|    ep_len_mean          | 2.93         |
|    ep_rew_mean          | 0.16         |
| time/                   |              |
|    fps                  | 1316         |
|    iterations           | 55           |
|    time_elapsed         | 342          |
|    total_timesteps      | 1466368      |
| train/                  |              |
|    approx_kl            | 0.0025992736 |
|    clip_fraction        | 0.00992      |
|    clip_range           | 0.2          |
|    entropy_loss         | -0.212       |
|    explained_variance   | 0.313        |
|    learning_rate        | 0.0003       |
|    loss                 | 0.548        |
|    n_updates            | 712          |
|    policy_gradient_loss | -0.00259     |
|    value_loss           | 1.27         |
------------------------------------------
-----------------------------------------
| rollout/                |             |
|    ep_len_mean          | 2.88        |
|    ep_rew_mean          | 0.201       |
| time/                   |             |
|    fps                  | 1313        |
|    iterations           | 56          |
|    time_elapsed         | 349         |
|    total_timesteps      | 1474560     |
| train/                  |             |
|    approx_kl            | 0.001739391 |
|    clip_fraction        | 0.00986     |
|    clip_range           | 0.2         |
|    entropy_loss         | -0.213      |
|    explained_variance   | 0.308       |
|    learning_rate        | 0.0003      |
|    loss                 | 0.636       |
|    n_updates            | 716         |
|    policy_gradient_loss | -0.00246    |
|    value_loss           | 1.31        |
-----------------------------------------
------------------------------------------
| rollout/                |              |
|    ep_len_mean          | 2.71         |
|    ep_rew_mean          | 0.387        |
| time/                   |              |
|    fps                  | 1311         |
|    iterations           | 57           |
|    time_elapsed         | 356          |
|    total_timesteps      | 1482752      |
| train/                  |              |
|    approx_kl            | 0.0017676203 |
|    clip_fraction        | 0.0104       |
|    clip_range           | 0.2          |
|    entropy_loss         | -0.216       |
|    explained_variance   | 0.337        |
|    learning_rate        | 0.0003       |
|    loss                 | 0.603        |
|    n_updates            | 720          |
|    policy_gradient_loss | -0.00261     |
|    value_loss           | 1.25         |
------------------------------------------
------------------------------------------
| rollout/                |              |
|    ep_len_mean          | 3.17         |
|    ep_rew_mean          | 0.382        |
| time/                   |              |
|    fps                  | 1306         |
|    iterations           | 58           |
|    time_elapsed         | 363          |
|    total_timesteps      | 1490944      |
| train/                  |              |
|    approx_kl            | 0.0015696592 |
|    clip_fraction        | 0.00745      |
|    clip_range           | 0.2          |
|    entropy_loss         | -0.214       |
|    explained_variance   | 0.339        |
|    learning_rate        | 0.0003       |
|    loss                 | 0.533        |
|    n_updates            | 724          |
|    policy_gradient_loss | -0.00251     |
|    value_loss           | 1.19         |
------------------------------------------
------------------------------------------
| rollout/                |              |
|    ep_len_mean          | 2.89         |
|    ep_rew_mean          | -0.0534      |
| time/                   |              |
|    fps                  | 1303         |
|    iterations           | 59           |
|    time_elapsed         | 370          |
|    total_timesteps      | 1499136      |
| train/                  |              |
|    approx_kl            | 0.0016587942 |
|    clip_fraction        | 0.00797      |
|    clip_range           | 0.2          |
|    entropy_loss         | -0.213       |
|    explained_variance   | 0.331        |
|    learning_rate        | 0.0003       |
|    loss                 | 0.652        |
|    n_updates            | 728          |
|    policy_gradient_loss | -0.00235     |
|    value_loss           | 1.24         |
------------------------------------------
------------------------------------------
| rollout/                |              |
|    ep_len_mean          | 2.96         |
|    ep_rew_mean          | 0.484        |
| time/                   |              |
|    fps                  | 1300         |
|    iterations           | 60           |
|    time_elapsed         | 378          |
|    total_timesteps      | 1507328      |
| train/                  |              |
|    approx_kl            | 0.0019540635 |
|    clip_fraction        | 0.0101       |
|    clip_range           | 0.2          |
|    entropy_loss         | -0.218       |
|    explained_variance   | 0.327        |
|    learning_rate        | 0.0003       |
|    loss                 | 0.653        |
|    n_updates            | 732          |
|    policy_gradient_loss | -0.00277     |
|    value_loss           | 1.3          |
------------------------------------------
------------------------------------------
| rollout/                |              |
|    ep_len_mean          | 2.84         |
|    ep_rew_mean          | 0.294        |
| time/                   |              |
|    fps                  | 1298         |
|    iterations           | 61           |
|    time_elapsed         | 384          |
|    total_timesteps      | 1515520      |
| train/                  |              |
|    approx_kl            | 0.0018724342 |
|    clip_fraction        | 0.00906      |
|    clip_range           | 0.2          |
|    entropy_loss         | -0.218       |
|    explained_variance   | 0.322        |
|    learning_rate        | 0.0003       |
|    loss                 | 0.609        |
|    n_updates            | 736          |
|    policy_gradient_loss | -0.00259     |
|    value_loss           | 1.27         |
------------------------------------------
------------------------------------------
| rollout/                |              |
|    ep_len_mean          | 2.82         |
|    ep_rew_mean          | 0.229        |
| time/                   |              |
|    fps                  | 1295         |
|    iterations           | 62           |
|    time_elapsed         | 391          |
|    total_timesteps      | 1523712      |
| train/                  |              |
|    approx_kl            | 0.0015248684 |
|    clip_fraction        | 0.00754      |
|    clip_range           | 0.2          |
|    entropy_loss         | -0.218       |
|    explained_variance   | 0.309        |
|    learning_rate        | 0.0003       |
|    loss                 | 0.566        |
|    n_updates            | 740          |
|    policy_gradient_loss | -0.00223     |
|    value_loss           | 1.29         |
------------------------------------------
2026-06-05 01:16:10,992 INFO     train — checkpoint saved: truco_threshold_1500000.zip
2026-06-05 01:16:10,992 INFO     train — Progress: 1,500,000 / 5,000,000 steps  (30.0%)  fps=2189  ETA=0h 26m
Logging to /home/guido/Desktop/fac/2026/mmo/truco-py/logs/MaskablePPO_threshold_9
---------------------------------
| rollout/           |          |
|    ep_len_mean     | 2.88     |
|    ep_rew_mean     | 0.416    |
| time/              |          |
|    fps             | 1676     |
|    iterations      | 1        |
|    time_elapsed    | 4        |
|    total_timesteps | 1531904  |
---------------------------------
-----------------------------------------
| rollout/                |             |
|    ep_len_mean          | 2.75        |
|    ep_rew_mean          | 0.509       |
| time/                   |             |
|    fps                  | 1551        |
|    iterations           | 2           |
|    time_elapsed         | 10          |
|    total_timesteps      | 1540096     |
| train/                  |             |
|    approx_kl            | 0.001528156 |
|    clip_fraction        | 0.00754     |
|    clip_range           | 0.2         |
|    entropy_loss         | -0.22       |
|    explained_variance   | 0.342       |
|    learning_rate        | 0.0003      |
|    loss                 | 0.534       |
|    n_updates            | 748         |
|    policy_gradient_loss | -0.00272    |
|    value_loss           | 1.25        |
-----------------------------------------
------------------------------------------
| rollout/                |              |
|    ep_len_mean          | 3.23         |
|    ep_rew_mean          | 0.267        |
| time/                   |              |
|    fps                  | 1579         |
|    iterations           | 3            |
|    time_elapsed         | 15           |
|    total_timesteps      | 1548288      |
| train/                  |              |
|    approx_kl            | 0.0023310818 |
|    clip_fraction        | 0.0104       |
|    clip_range           | 0.2          |
|    entropy_loss         | -0.215       |
|    explained_variance   | 0.31         |
|    learning_rate        | 0.0003       |
|    loss                 | 0.67         |
|    n_updates            | 752          |
|    policy_gradient_loss | -0.00264     |
|    value_loss           | 1.33         |
------------------------------------------
------------------------------------------
| rollout/                |              |
|    ep_len_mean          | 3.07         |
|    ep_rew_mean          | 0.0374       |
| time/                   |              |
|    fps                  | 1543         |
|    iterations           | 4            |
|    time_elapsed         | 21           |
|    total_timesteps      | 1556480      |
| train/                  |              |
|    approx_kl            | 0.0018470511 |
|    clip_fraction        | 0.00879      |
|    clip_range           | 0.2          |
|    entropy_loss         | -0.216       |
|    explained_variance   | 0.342        |
|    learning_rate        | 0.0003       |
|    loss                 | 0.59         |
|    n_updates            | 756          |
|    policy_gradient_loss | -0.00229     |
|    value_loss           | 1.21         |
------------------------------------------
-----------------------------------------
| rollout/                |             |
|    ep_len_mean          | 2.88        |
|    ep_rew_mean          | 0.195       |
| time/                   |             |
|    fps                  | 1448        |
|    iterations           | 5           |
|    time_elapsed         | 28          |
|    total_timesteps      | 1564672     |
| train/                  |             |
|    approx_kl            | 0.002245749 |
|    clip_fraction        | 0.013       |
|    clip_range           | 0.2         |
|    entropy_loss         | -0.213      |
|    explained_variance   | 0.333       |
|    learning_rate        | 0.0003      |
|    loss                 | 0.646       |
|    n_updates            | 760         |
|    policy_gradient_loss | -0.00258    |
|    value_loss           | 1.25        |
-----------------------------------------
------------------------------------------
| rollout/                |              |
|    ep_len_mean          | 2.88         |
|    ep_rew_mean          | 0.143        |
| time/                   |              |
|    fps                  | 1421         |
|    iterations           | 6            |
|    time_elapsed         | 34           |
|    total_timesteps      | 1572864      |
| train/                  |              |
|    approx_kl            | 0.0017050096 |
|    clip_fraction        | 0.0129       |
|    clip_range           | 0.2          |
|    entropy_loss         | -0.212       |
|    explained_variance   | 0.332        |
|    learning_rate        | 0.0003       |
|    loss                 | 0.592        |
|    n_updates            | 764          |
|    policy_gradient_loss | -0.00323     |
|    value_loss           | 1.27         |
------------------------------------------
------------------------------------------
| rollout/                |              |
|    ep_len_mean          | 2.79         |
|    ep_rew_mean          | 0.156        |
| time/                   |              |
|    fps                  | 1401         |
|    iterations           | 7            |
|    time_elapsed         | 40           |
|    total_timesteps      | 1581056      |
| train/                  |              |
|    approx_kl            | 0.0016319689 |
|    clip_fraction        | 0.00974      |
|    clip_range           | 0.2          |
|    entropy_loss         | -0.211       |
|    explained_variance   | 0.32         |
|    learning_rate        | 0.0003       |
|    loss                 | 0.585        |
|    n_updates            | 768          |
|    policy_gradient_loss | -0.00236     |
|    value_loss           | 1.25         |
------------------------------------------
------------------------------------------
| rollout/                |              |
|    ep_len_mean          | 3.09         |
|    ep_rew_mean          | 0.0832       |
| time/                   |              |
|    fps                  | 1316         |
|    iterations           | 8            |
|    time_elapsed         | 49           |
|    total_timesteps      | 1589248      |
| train/                  |              |
|    approx_kl            | 0.0017234453 |
|    clip_fraction        | 0.0107       |
|    clip_range           | 0.2          |
|    entropy_loss         | -0.205       |
|    explained_variance   | 0.365        |
|    learning_rate        | 0.0003       |
|    loss                 | 0.561        |
|    n_updates            | 772          |
|    policy_gradient_loss | -0.00237     |
|    value_loss           | 1.18         |
------------------------------------------
------------------------------------------
| rollout/                |              |
|    ep_len_mean          | 2.91         |
|    ep_rew_mean          | 0.479        |
| time/                   |              |
|    fps                  | 1274         |
|    iterations           | 9            |
|    time_elapsed         | 57           |
|    total_timesteps      | 1597440      |
| train/                  |              |
|    approx_kl            | 0.0017643078 |
|    clip_fraction        | 0.00806      |
|    clip_range           | 0.2          |
|    entropy_loss         | -0.211       |
|    explained_variance   | 0.319        |
|    learning_rate        | 0.0003       |
|    loss                 | 0.609        |
|    n_updates            | 776          |
|    policy_gradient_loss | -0.00284     |
|    value_loss           | 1.28         |
------------------------------------------
------------------------------------------
| rollout/                |              |
|    ep_len_mean          | 2.84         |
|    ep_rew_mean          | 0.325        |
| time/                   |              |
|    fps                  | 1246         |
|    iterations           | 10           |
|    time_elapsed         | 65           |
|    total_timesteps      | 1605632      |
| train/                  |              |
|    approx_kl            | 0.0015054933 |
|    clip_fraction        | 0.00696      |
|    clip_range           | 0.2          |
|    entropy_loss         | -0.213       |
|    explained_variance   | 0.326        |
|    learning_rate        | 0.0003       |
|    loss                 | 0.622        |
|    n_updates            | 780          |
|    policy_gradient_loss | -0.00187     |
|    value_loss           | 1.26         |
------------------------------------------
------------------------------------------
| rollout/                |              |
|    ep_len_mean          | 2.9          |
|    ep_rew_mean          | 0.414        |
| time/                   |              |
|    fps                  | 1222         |
|    iterations           | 11           |
|    time_elapsed         | 73           |
|    total_timesteps      | 1613824      |
| train/                  |              |
|    approx_kl            | 0.0024195253 |
|    clip_fraction        | 0.0128       |
|    clip_range           | 0.2          |
|    entropy_loss         | -0.218       |
|    explained_variance   | 0.327        |
|    learning_rate        | 0.0003       |
|    loss                 | 0.61         |
|    n_updates            | 784          |
|    policy_gradient_loss | -0.0035      |
|    value_loss           | 1.3          |
------------------------------------------
------------------------------------------
| rollout/                |              |
|    ep_len_mean          | 3.11         |
|    ep_rew_mean          | 0.17         |
| time/                   |              |
|    fps                  | 1243         |
|    iterations           | 12           |
|    time_elapsed         | 79           |
|    total_timesteps      | 1622016      |
| train/                  |              |
|    approx_kl            | 0.0025706827 |
|    clip_fraction        | 0.0107       |
|    clip_range           | 0.2          |
|    entropy_loss         | -0.202       |
|    explained_variance   | 0.34         |
|    learning_rate        | 0.0003       |
|    loss                 | 0.618        |
|    n_updates            | 788          |
|    policy_gradient_loss | -0.00304     |
|    value_loss           | 1.24         |
------------------------------------------
------------------------------------------
| rollout/                |              |
|    ep_len_mean          | 2.99         |
|    ep_rew_mean          | 0.241        |
| time/                   |              |
|    fps                  | 1254         |
|    iterations           | 13           |
|    time_elapsed         | 84           |
|    total_timesteps      | 1630208      |
| train/                  |              |
|    approx_kl            | 0.0015998704 |
|    clip_fraction        | 0.00891      |
|    clip_range           | 0.2          |
|    entropy_loss         | -0.213       |
|    explained_variance   | 0.337        |
|    learning_rate        | 0.0003       |
|    loss                 | 0.582        |
|    n_updates            | 792          |
|    policy_gradient_loss | -0.00217     |
|    value_loss           | 1.25         |
------------------------------------------
------------------------------------------
| rollout/                |              |
|    ep_len_mean          | 2.75         |
|    ep_rew_mean          | 0.143        |
| time/                   |              |
|    fps                  | 1220         |
|    iterations           | 14           |
|    time_elapsed         | 93           |
|    total_timesteps      | 1638400      |
| train/                  |              |
|    approx_kl            | 0.0016179141 |
|    clip_fraction        | 0.00735      |
|    clip_range           | 0.2          |
|    entropy_loss         | -0.207       |
|    explained_variance   | 0.319        |
|    learning_rate        | 0.0003       |
|    loss                 | 0.552        |
|    n_updates            | 796          |
|    policy_gradient_loss | -0.00259     |
|    value_loss           | 1.24         |
------------------------------------------
-----------------------------------------
| rollout/                |             |
|    ep_len_mean          | 2.77        |
|    ep_rew_mean          | 0.574       |
| time/                   |             |
|    fps                  | 1179        |
|    iterations           | 15          |
|    time_elapsed         | 104         |
|    total_timesteps      | 1646592     |
| train/                  |             |
|    approx_kl            | 0.002122878 |
|    clip_fraction        | 0.0118      |
|    clip_range           | 0.2         |
|    entropy_loss         | -0.202      |
|    explained_variance   | 0.324       |
|    learning_rate        | 0.0003      |
|    loss                 | 0.625       |
|    n_updates            | 800         |
|    policy_gradient_loss | -0.00283    |
|    value_loss           | 1.29        |
-----------------------------------------
------------------------------------------
| rollout/                |              |
|    ep_len_mean          | 2.67         |
|    ep_rew_mean          | -0.161       |
| time/                   |              |
|    fps                  | 1152         |
|    iterations           | 16           |
|    time_elapsed         | 113          |
|    total_timesteps      | 1654784      |
| train/                  |              |
|    approx_kl            | 0.0017111262 |
|    clip_fraction        | 0.00974      |
|    clip_range           | 0.2          |
|    entropy_loss         | -0.207       |
|    explained_variance   | 0.331        |
|    learning_rate        | 0.0003       |
|    loss                 | 0.599        |
|    n_updates            | 804          |
|    policy_gradient_loss | -0.00267     |
|    value_loss           | 1.26         |
------------------------------------------
------------------------------------------
| rollout/                |              |
|    ep_len_mean          | 3.06         |
|    ep_rew_mean          | 0.225        |
| time/                   |              |
|    fps                  | 1141         |
|    iterations           | 17           |
|    time_elapsed         | 122          |
|    total_timesteps      | 1662976      |
| train/                  |              |
|    approx_kl            | 0.0020346828 |
|    clip_fraction        | 0.00989      |
|    clip_range           | 0.2          |
|    entropy_loss         | -0.208       |
|    explained_variance   | 0.356        |
|    learning_rate        | 0.0003       |
|    loss                 | 0.592        |
|    n_updates            | 808          |
|    policy_gradient_loss | -0.0027      |
|    value_loss           | 1.18         |
------------------------------------------
-----------------------------------------
| rollout/                |             |
|    ep_len_mean          | 3           |
|    ep_rew_mean          | 0.211       |
| time/                   |             |
|    fps                  | 1154        |
|    iterations           | 18          |
|    time_elapsed         | 127         |
|    total_timesteps      | 1671168     |
| train/                  |             |
|    approx_kl            | 0.002328523 |
|    clip_fraction        | 0.0125      |
|    clip_range           | 0.2         |
|    entropy_loss         | -0.212      |
|    explained_variance   | 0.334       |
|    learning_rate        | 0.0003      |
|    loss                 | 0.648       |
|    n_updates            | 812         |
|    policy_gradient_loss | -0.00276    |
|    value_loss           | 1.29        |
-----------------------------------------
------------------------------------------
| rollout/                |              |
|    ep_len_mean          | 3.12         |
|    ep_rew_mean          | 0.358        |
| time/                   |              |
|    fps                  | 1144         |
|    iterations           | 19           |
|    time_elapsed         | 135          |
|    total_timesteps      | 1679360      |
| train/                  |              |
|    approx_kl            | 0.0013464608 |
|    clip_fraction        | 0.00616      |
|    clip_range           | 0.2          |
|    entropy_loss         | -0.209       |
|    explained_variance   | 0.361        |
|    learning_rate        | 0.0003       |
|    loss                 | 0.611        |
|    n_updates            | 816          |
|    policy_gradient_loss | -0.00195     |
|    value_loss           | 1.18         |
------------------------------------------
------------------------------------------
| rollout/                |              |
|    ep_len_mean          | 3.08         |
|    ep_rew_mean          | 0.259        |
| time/                   |              |
|    fps                  | 1148         |
|    iterations           | 20           |
|    time_elapsed         | 142          |
|    total_timesteps      | 1687552      |
| train/                  |              |
|    approx_kl            | 0.0014713125 |
|    clip_fraction        | 0.00558      |
|    clip_range           | 0.2          |
|    entropy_loss         | -0.209       |
|    explained_variance   | 0.31         |
|    learning_rate        | 0.0003       |
|    loss                 | 0.623        |
|    n_updates            | 820          |
|    policy_gradient_loss | -0.00221     |
|    value_loss           | 1.3          |
------------------------------------------
------------------------------------------
| rollout/                |              |
|    ep_len_mean          | 2.89         |
|    ep_rew_mean          | 0.177        |
| time/                   |              |
|    fps                  | 1138         |
|    iterations           | 21           |
|    time_elapsed         | 151          |
|    total_timesteps      | 1695744      |
| train/                  |              |
|    approx_kl            | 0.0022816034 |
|    clip_fraction        | 0.0126       |
|    clip_range           | 0.2          |
|    entropy_loss         | -0.207       |
|    explained_variance   | 0.347        |
|    learning_rate        | 0.0003       |
|    loss                 | 0.564        |
|    n_updates            | 824          |
|    policy_gradient_loss | -0.00288     |
|    value_loss           | 1.25         |
------------------------------------------
------------------------------------------
| rollout/                |              |
|    ep_len_mean          | 2.88         |
|    ep_rew_mean          | 0.163        |
| time/                   |              |
|    fps                  | 1122         |
|    iterations           | 22           |
|    time_elapsed         | 160          |
|    total_timesteps      | 1703936      |
| train/                  |              |
|    approx_kl            | 0.0018884768 |
|    clip_fraction        | 0.00903      |
|    clip_range           | 0.2          |
|    entropy_loss         | -0.204       |
|    explained_variance   | 0.333        |
|    learning_rate        | 0.0003       |
|    loss                 | 0.574        |
|    n_updates            | 828          |
|    policy_gradient_loss | -0.00286     |
|    value_loss           | 1.27         |
------------------------------------------
------------------------------------------
| rollout/                |              |
|    ep_len_mean          | 2.88         |
|    ep_rew_mean          | -0.00174     |
| time/                   |              |
|    fps                  | 1112         |
|    iterations           | 23           |
|    time_elapsed         | 169          |
|    total_timesteps      | 1712128      |
| train/                  |              |
|    approx_kl            | 0.0028131716 |
|    clip_fraction        | 0.0175       |
|    clip_range           | 0.2          |
|    entropy_loss         | -0.206       |
|    explained_variance   | 0.321        |
|    learning_rate        | 0.0003       |
|    loss                 | 0.613        |
|    n_updates            | 832          |
|    policy_gradient_loss | -0.00329     |
|    value_loss           | 1.3          |
------------------------------------------
------------------------------------------
| rollout/                |              |
|    ep_len_mean          | 2.97         |
|    ep_rew_mean          | 0.473        |
| time/                   |              |
|    fps                  | 1096         |
|    iterations           | 24           |
|    time_elapsed         | 179          |
|    total_timesteps      | 1720320      |
| train/                  |              |
|    approx_kl            | 0.0015113433 |
|    clip_fraction        | 0.00693      |
|    clip_range           | 0.2          |
|    entropy_loss         | -0.204       |
|    explained_variance   | 0.332        |
|    learning_rate        | 0.0003       |
|    loss                 | 0.65         |
|    n_updates            | 836          |
|    policy_gradient_loss | -0.00252     |
|    value_loss           | 1.29         |
------------------------------------------
------------------------------------------
| rollout/                |              |
|    ep_len_mean          | 3.02         |
|    ep_rew_mean          | 0.277        |
| time/                   |              |
|    fps                  | 1082         |
|    iterations           | 25           |
|    time_elapsed         | 189          |
|    total_timesteps      | 1728512      |
| train/                  |              |
|    approx_kl            | 0.0020894413 |
|    clip_fraction        | 0.0106       |
|    clip_range           | 0.2          |
|    entropy_loss         | -0.202       |
|    explained_variance   | 0.364        |
|    learning_rate        | 0.0003       |
|    loss                 | 0.539        |
|    n_updates            | 840          |
|    policy_gradient_loss | -0.00222     |
|    value_loss           | 1.18         |
------------------------------------------
------------------------------------------
| rollout/                |              |
|    ep_len_mean          | 2.98         |
|    ep_rew_mean          | 0.626        |
| time/                   |              |
|    fps                  | 1069         |
|    iterations           | 26           |
|    time_elapsed         | 199          |
|    total_timesteps      | 1736704      |
| train/                  |              |
|    approx_kl            | 0.0031713159 |
|    clip_fraction        | 0.0183       |
|    clip_range           | 0.2          |
|    entropy_loss         | -0.203       |
|    explained_variance   | 0.324        |
|    learning_rate        | 0.0003       |
|    loss                 | 0.579        |
|    n_updates            | 844          |
|    policy_gradient_loss | -0.0036      |
|    value_loss           | 1.26         |
------------------------------------------
------------------------------------------
| rollout/                |              |
|    ep_len_mean          | 2.99         |
|    ep_rew_mean          | 0.489        |
| time/                   |              |
|    fps                  | 1058         |
|    iterations           | 27           |
|    time_elapsed         | 208          |
|    total_timesteps      | 1744896      |
| train/                  |              |
|    approx_kl            | 0.0012740768 |
|    clip_fraction        | 0.00568      |
|    clip_range           | 0.2          |
|    entropy_loss         | -0.205       |
|    explained_variance   | 0.336        |
|    learning_rate        | 0.0003       |
|    loss                 | 0.584        |
|    n_updates            | 848          |
|    policy_gradient_loss | -0.00199     |
|    value_loss           | 1.21         |
------------------------------------------
------------------------------------------
| rollout/                |              |
|    ep_len_mean          | 2.9          |
|    ep_rew_mean          | 0.25         |
| time/                   |              |
|    fps                  | 1053         |
|    iterations           | 28           |
|    time_elapsed         | 217          |
|    total_timesteps      | 1753088      |
| train/                  |              |
|    approx_kl            | 0.0019731598 |
|    clip_fraction        | 0.0121       |
|    clip_range           | 0.2          |
|    entropy_loss         | -0.206       |
|    explained_variance   | 0.356        |
|    learning_rate        | 0.0003       |
|    loss                 | 0.598        |
|    n_updates            | 852          |
|    policy_gradient_loss | -0.00244     |
|    value_loss           | 1.2          |
------------------------------------------
------------------------------------------
| rollout/                |              |
|    ep_len_mean          | 2.99         |
|    ep_rew_mean          | 0.173        |
| time/                   |              |
|    fps                  | 1047         |
|    iterations           | 29           |
|    time_elapsed         | 226          |
|    total_timesteps      | 1761280      |
| train/                  |              |
|    approx_kl            | 0.0018558172 |
|    clip_fraction        | 0.0106       |
|    clip_range           | 0.2          |
|    entropy_loss         | -0.202       |
|    explained_variance   | 0.339        |
|    learning_rate        | 0.0003       |
|    loss                 | 0.686        |
|    n_updates            | 856          |
|    policy_gradient_loss | -0.00265     |
|    value_loss           | 1.22         |
------------------------------------------
------------------------------------------
| rollout/                |              |
|    ep_len_mean          | 2.89         |
|    ep_rew_mean          | 0.0886       |
| time/                   |              |
|    fps                  | 1046         |
|    iterations           | 30           |
|    time_elapsed         | 234          |
|    total_timesteps      | 1769472      |
| train/                  |              |
|    approx_kl            | 0.0016432244 |
|    clip_fraction        | 0.00818      |
|    clip_range           | 0.2          |
|    entropy_loss         | -0.203       |
|    explained_variance   | 0.342        |
|    learning_rate        | 0.0003       |
|    loss                 | 0.557        |
|    n_updates            | 860          |
|    policy_gradient_loss | -0.00191     |
|    value_loss           | 1.14         |
------------------------------------------
-----------------------------------------
| rollout/                |             |
|    ep_len_mean          | 3.07        |
|    ep_rew_mean          | 0.464       |
| time/                   |             |
|    fps                  | 1036        |
|    iterations           | 31          |
|    time_elapsed         | 244         |
|    total_timesteps      | 1777664     |
| train/                  |             |
|    approx_kl            | 0.001774088 |
|    clip_fraction        | 0.0103      |
|    clip_range           | 0.2         |
|    entropy_loss         | -0.205      |
|    explained_variance   | 0.322       |
|    learning_rate        | 0.0003      |
|    loss                 | 0.584       |
|    n_updates            | 864         |
|    policy_gradient_loss | -0.00212    |
|    value_loss           | 1.28        |
-----------------------------------------
------------------------------------------
| rollout/                |              |
|    ep_len_mean          | 2.78         |
|    ep_rew_mean          | 0.0531       |
| time/                   |              |
|    fps                  | 1027         |
|    iterations           | 32           |
|    time_elapsed         | 255          |
|    total_timesteps      | 1785856      |
| train/                  |              |
|    approx_kl            | 0.0014025071 |
|    clip_fraction        | 0.00702      |
|    clip_range           | 0.2          |
|    entropy_loss         | -0.206       |
|    explained_variance   | 0.344        |
|    learning_rate        | 0.0003       |
|    loss                 | 0.631        |
|    n_updates            | 868          |
|    policy_gradient_loss | -0.0025      |
|    value_loss           | 1.24         |
------------------------------------------
------------------------------------------
| rollout/                |              |
|    ep_len_mean          | 2.88         |
|    ep_rew_mean          | 0.171        |
| time/                   |              |
|    fps                  | 1018         |
|    iterations           | 33           |
|    time_elapsed         | 265          |
|    total_timesteps      | 1794048      |
| train/                  |              |
|    approx_kl            | 0.0023629563 |
|    clip_fraction        | 0.0137       |
|    clip_range           | 0.2          |
|    entropy_loss         | -0.201       |
|    explained_variance   | 0.346        |
|    learning_rate        | 0.0003       |
|    loss                 | 0.592        |
|    n_updates            | 872          |
|    policy_gradient_loss | -0.00279     |
|    value_loss           | 1.21         |
------------------------------------------
------------------------------------------
| rollout/                |              |
|    ep_len_mean          | 2.95         |
|    ep_rew_mean          | 0.21         |
| time/                   |              |
|    fps                  | 1011         |
|    iterations           | 34           |
|    time_elapsed         | 275          |
|    total_timesteps      | 1802240      |
| train/                  |              |
|    approx_kl            | 0.0023977594 |
|    clip_fraction        | 0.011        |
|    clip_range           | 0.2          |
|    entropy_loss         | -0.195       |
|    explained_variance   | 0.359        |
|    learning_rate        | 0.0003       |
|    loss                 | 0.524        |
|    n_updates            | 876          |
|    policy_gradient_loss | -0.00336     |
|    value_loss           | 1.22         |
------------------------------------------
------------------------------------------
| rollout/                |              |
|    ep_len_mean          | 2.87         |
|    ep_rew_mean          | 0.147        |
| time/                   |              |
|    fps                  | 1002         |
|    iterations           | 35           |
|    time_elapsed         | 285          |
|    total_timesteps      | 1810432      |
| train/                  |              |
|    approx_kl            | 0.0014574757 |
|    clip_fraction        | 0.0069       |
|    clip_range           | 0.2          |
|    entropy_loss         | -0.196       |
|    explained_variance   | 0.336        |
|    learning_rate        | 0.0003       |
|    loss                 | 0.617        |
|    n_updates            | 880          |
|    policy_gradient_loss | -0.00185     |
|    value_loss           | 1.21         |
------------------------------------------
-----------------------------------------
| rollout/                |             |
|    ep_len_mean          | 2.74        |
|    ep_rew_mean          | 0.357       |
| time/                   |             |
|    fps                  | 991         |
|    iterations           | 36          |
|    time_elapsed         | 297         |
|    total_timesteps      | 1818624     |
| train/                  |             |
|    approx_kl            | 0.001677826 |
|    clip_fraction        | 0.00928     |
|    clip_range           | 0.2         |
|    entropy_loss         | -0.199      |
|    explained_variance   | 0.351       |
|    learning_rate        | 0.0003      |
|    loss                 | 0.572       |
|    n_updates            | 884         |
|    policy_gradient_loss | -0.00235    |
|    value_loss           | 1.21        |
-----------------------------------------
------------------------------------------
| rollout/                |              |
|    ep_len_mean          | 3.01         |
|    ep_rew_mean          | 0.452        |
| time/                   |              |
|    fps                  | 970          |
|    iterations           | 37           |
|    time_elapsed         | 312          |
|    total_timesteps      | 1826816      |
| train/                  |              |
|    approx_kl            | 0.0025328172 |
|    clip_fraction        | 0.0147       |
|    clip_range           | 0.2          |
|    entropy_loss         | -0.199       |
|    explained_variance   | 0.349        |
|    learning_rate        | 0.0003       |
|    loss                 | 0.582        |
|    n_updates            | 888          |
|    policy_gradient_loss | -0.00308     |
|    value_loss           | 1.17         |
------------------------------------------
------------------------------------------
| rollout/                |              |
|    ep_len_mean          | 2.97         |
|    ep_rew_mean          | 0.213        |
| time/                   |              |
|    fps                  | 954          |
|    iterations           | 38           |
|    time_elapsed         | 326          |
|    total_timesteps      | 1835008      |
| train/                  |              |
|    approx_kl            | 0.0019353693 |
|    clip_fraction        | 0.0118       |
|    clip_range           | 0.2          |
|    entropy_loss         | -0.199       |
|    explained_variance   | 0.343        |
|    learning_rate        | 0.0003       |
|    loss                 | 0.571        |
|    n_updates            | 892          |
|    policy_gradient_loss | -0.00276     |
|    value_loss           | 1.17         |
------------------------------------------
------------------------------------------
| rollout/                |              |
|    ep_len_mean          | 3.04         |
|    ep_rew_mean          | 0.339        |
| time/                   |              |
|    fps                  | 937          |
|    iterations           | 39           |
|    time_elapsed         | 340          |
|    total_timesteps      | 1843200      |
| train/                  |              |
|    approx_kl            | 0.0029713798 |
|    clip_fraction        | 0.0179       |
|    clip_range           | 0.2          |
|    entropy_loss         | -0.195       |
|    explained_variance   | 0.338        |
|    learning_rate        | 0.0003       |
|    loss                 | 0.561        |
|    n_updates            | 896          |
|    policy_gradient_loss | -0.00321     |
|    value_loss           | 1.18         |
------------------------------------------
------------------------------------------
| rollout/                |              |
|    ep_len_mean          | 2.8          |
|    ep_rew_mean          | 0.318        |
| time/                   |              |
|    fps                  | 926          |
|    iterations           | 40           |
|    time_elapsed         | 353          |
|    total_timesteps      | 1851392      |
| train/                  |              |
|    approx_kl            | 0.0023401077 |
|    clip_fraction        | 0.0132       |
|    clip_range           | 0.2          |
|    entropy_loss         | -0.202       |
|    explained_variance   | 0.381        |
|    learning_rate        | 0.0003       |
|    loss                 | 0.505        |
|    n_updates            | 900          |
|    policy_gradient_loss | -0.00294     |
|    value_loss           | 1.1          |
------------------------------------------
-----------------------------------------
| rollout/                |             |
|    ep_len_mean          | 2.71        |
|    ep_rew_mean          | -0.157      |
| time/                   |             |
|    fps                  | 918         |
|    iterations           | 41          |
|    time_elapsed         | 365         |
|    total_timesteps      | 1859584     |
| train/                  |             |
|    approx_kl            | 0.002736343 |
|    clip_fraction        | 0.0168      |
|    clip_range           | 0.2         |
|    entropy_loss         | -0.202      |
|    explained_variance   | 0.356       |
|    learning_rate        | 0.0003      |
|    loss                 | 0.589       |
|    n_updates            | 904         |
|    policy_gradient_loss | -0.00314    |
|    value_loss           | 1.19        |
-----------------------------------------
------------------------------------------
| rollout/                |              |
|    ep_len_mean          | 2.96         |
|    ep_rew_mean          | 0.431        |
| time/                   |              |
|    fps                  | 907          |
|    iterations           | 42           |
|    time_elapsed         | 378          |
|    total_timesteps      | 1867776      |
| train/                  |              |
|    approx_kl            | 0.0024346397 |
|    clip_fraction        | 0.0137       |
|    clip_range           | 0.2          |
|    entropy_loss         | -0.207       |
|    explained_variance   | 0.359        |
|    learning_rate        | 0.0003       |
|    loss                 | 0.582        |
|    n_updates            | 908          |
|    policy_gradient_loss | -0.00314     |
|    value_loss           | 1.17         |
------------------------------------------
-----------------------------------------
| rollout/                |             |
|    ep_len_mean          | 2.86        |
|    ep_rew_mean          | 0.154       |
| time/                   |             |
|    fps                  | 901         |
|    iterations           | 43          |
|    time_elapsed         | 390         |
|    total_timesteps      | 1875968     |
| train/                  |             |
|    approx_kl            | 0.001728616 |
|    clip_fraction        | 0.00949     |
|    clip_range           | 0.2         |
|    entropy_loss         | -0.204      |
|    explained_variance   | 0.348       |
|    learning_rate        | 0.0003      |
|    loss                 | 0.553       |
|    n_updates            | 912         |
|    policy_gradient_loss | -0.00282    |
|    value_loss           | 1.2         |
-----------------------------------------
------------------------------------------
| rollout/                |              |
|    ep_len_mean          | 2.99         |
|    ep_rew_mean          | 0.185        |
| time/                   |              |
|    fps                  | 896          |
|    iterations           | 44           |
|    time_elapsed         | 401          |
|    total_timesteps      | 1884160      |
| train/                  |              |
|    approx_kl            | 0.0020546636 |
|    clip_fraction        | 0.00897      |
|    clip_range           | 0.2          |
|    entropy_loss         | -0.204       |
|    explained_variance   | 0.343        |
|    learning_rate        | 0.0003       |
|    loss                 | 0.671        |
|    n_updates            | 916          |
|    policy_gradient_loss | -0.00287     |
|    value_loss           | 1.24         |
------------------------------------------
-----------------------------------------
| rollout/                |             |
|    ep_len_mean          | 3.19        |
|    ep_rew_mean          | 0.434       |
| time/                   |             |
|    fps                  | 895         |
|    iterations           | 45          |
|    time_elapsed         | 411         |
|    total_timesteps      | 1892352     |
| train/                  |             |
|    approx_kl            | 0.001845075 |
|    clip_fraction        | 0.00931     |
|    clip_range           | 0.2         |
|    entropy_loss         | -0.205      |
|    explained_variance   | 0.38        |
|    learning_rate        | 0.0003      |
|    loss                 | 0.533       |
|    n_updates            | 920         |
|    policy_gradient_loss | -0.00226    |
|    value_loss           | 1.12        |
-----------------------------------------
------------------------------------------
| rollout/                |              |
|    ep_len_mean          | 2.83         |
|    ep_rew_mean          | 0.301        |
| time/                   |              |
|    fps                  | 890          |
|    iterations           | 46           |
|    time_elapsed         | 423          |
|    total_timesteps      | 1900544      |
| train/                  |              |
|    approx_kl            | 0.0023575283 |
|    clip_fraction        | 0.0145       |
|    clip_range           | 0.2          |
|    entropy_loss         | -0.199       |
|    explained_variance   | 0.344        |
|    learning_rate        | 0.0003       |
|    loss                 | 0.615        |
|    n_updates            | 924          |
|    policy_gradient_loss | -0.00326     |
|    value_loss           | 1.19         |
------------------------------------------
------------------------------------------
| rollout/                |              |
|    ep_len_mean          | 3.07         |
|    ep_rew_mean          | -0.141       |
| time/                   |              |
|    fps                  | 893          |
|    iterations           | 47           |
|    time_elapsed         | 430          |
|    total_timesteps      | 1908736      |
| train/                  |              |
|    approx_kl            | 0.0017052945 |
|    clip_fraction        | 0.00836      |
|    clip_range           | 0.2          |
|    entropy_loss         | -0.207       |
|    explained_variance   | 0.349        |
|    learning_rate        | 0.0003       |
|    loss                 | 0.666        |
|    n_updates            | 928          |
|    policy_gradient_loss | -0.00295     |
|    value_loss           | 1.26         |
------------------------------------------
------------------------------------------
| rollout/                |              |
|    ep_len_mean          | 2.87         |
|    ep_rew_mean          | 0.628        |
| time/                   |              |
|    fps                  | 879          |
|    iterations           | 48           |
|    time_elapsed         | 447          |
|    total_timesteps      | 1916928      |
| train/                  |              |
|    approx_kl            | 0.0018681426 |
|    clip_fraction        | 0.01         |
|    clip_range           | 0.2          |
|    entropy_loss         | -0.208       |
|    explained_variance   | 0.38         |
|    learning_rate        | 0.0003       |
|    loss                 | 0.498        |
|    n_updates            | 932          |
|    policy_gradient_loss | -0.00268     |
|    value_loss           | 1.14         |
------------------------------------------
-----------------------------------------
| rollout/                |             |
|    ep_len_mean          | 2.98        |
|    ep_rew_mean          | 0.335       |
| time/                   |             |
|    fps                  | 880         |
|    iterations           | 49          |
|    time_elapsed         | 455         |
|    total_timesteps      | 1925120     |
| train/                  |             |
|    approx_kl            | 0.002507452 |
|    clip_fraction        | 0.0152      |
|    clip_range           | 0.2         |
|    entropy_loss         | -0.205      |
|    explained_variance   | 0.374       |
|    learning_rate        | 0.0003      |
|    loss                 | 0.53        |
|    n_updates            | 936         |
|    policy_gradient_loss | -0.00275    |
|    value_loss           | 1.1         |
-----------------------------------------
------------------------------------------
| rollout/                |              |
|    ep_len_mean          | 2.73         |
|    ep_rew_mean          | 0.458        |
| time/                   |              |
|    fps                  | 865          |
|    iterations           | 50           |
|    time_elapsed         | 473          |
|    total_timesteps      | 1933312      |
| train/                  |              |
|    approx_kl            | 0.0013703507 |
|    clip_fraction        | 0.00891      |
|    clip_range           | 0.2          |
|    entropy_loss         | -0.21        |
|    explained_variance   | 0.353        |
|    learning_rate        | 0.0003       |
|    loss                 | 0.535        |
|    n_updates            | 940          |
|    policy_gradient_loss | -0.00197     |
|    value_loss           | 1.2          |
------------------------------------------
------------------------------------------
| rollout/                |              |
|    ep_len_mean          | 2.76         |
|    ep_rew_mean          | 0.234        |
| time/                   |              |
|    fps                  | 853          |
|    iterations           | 51           |
|    time_elapsed         | 489          |
|    total_timesteps      | 1941504      |
| train/                  |              |
|    approx_kl            | 0.0019668108 |
|    clip_fraction        | 0.0119       |
|    clip_range           | 0.2          |
|    entropy_loss         | -0.198       |
|    explained_variance   | 0.336        |
|    learning_rate        | 0.0003       |
|    loss                 | 0.584        |
|    n_updates            | 944          |
|    policy_gradient_loss | -0.00288     |
|    value_loss           | 1.26         |
------------------------------------------
------------------------------------------
| rollout/                |              |
|    ep_len_mean          | 2.86         |
|    ep_rew_mean          | 0.371        |
| time/                   |              |
|    fps                  | 851          |
|    iterations           | 52           |
|    time_elapsed         | 500          |
|    total_timesteps      | 1949696      |
| train/                  |              |
|    approx_kl            | 0.0022745035 |
|    clip_fraction        | 0.011        |
|    clip_range           | 0.2          |
|    entropy_loss         | -0.202       |
|    explained_variance   | 0.33         |
|    learning_rate        | 0.0003       |
|    loss                 | 0.56         |
|    n_updates            | 948          |
|    policy_gradient_loss | -0.00298     |
|    value_loss           | 1.21         |
------------------------------------------
------------------------------------------
| rollout/                |              |
|    ep_len_mean          | 2.92         |
|    ep_rew_mean          | 0.166        |
| time/                   |              |
|    fps                  | 853          |
|    iterations           | 53           |
|    time_elapsed         | 508          |
|    total_timesteps      | 1957888      |
| train/                  |              |
|    approx_kl            | 0.0015888836 |
|    clip_fraction        | 0.00943      |
|    clip_range           | 0.2          |
|    entropy_loss         | -0.192       |
|    explained_variance   | 0.363        |
|    learning_rate        | 0.0003       |
|    loss                 | 0.566        |
|    n_updates            | 952          |
|    policy_gradient_loss | -0.00251     |
|    value_loss           | 1.17         |
------------------------------------------
------------------------------------------
| rollout/                |              |
|    ep_len_mean          | 2.9          |
|    ep_rew_mean          | 0.0876       |
| time/                   |              |
|    fps                  | 857          |
|    iterations           | 54           |
|    time_elapsed         | 515          |
|    total_timesteps      | 1966080      |
| train/                  |              |
|    approx_kl            | 0.0030176318 |
|    clip_fraction        | 0.0161       |
|    clip_range           | 0.2          |
|    entropy_loss         | -0.202       |
|    explained_variance   | 0.338        |
|    learning_rate        | 0.0003       |
|    loss                 | 0.593        |
|    n_updates            | 956          |
|    policy_gradient_loss | -0.0037      |
|    value_loss           | 1.2          |
------------------------------------------
------------------------------------------
| rollout/                |              |
|    ep_len_mean          | 2.86         |
|    ep_rew_mean          | 0.352        |
| time/                   |              |
|    fps                  | 860          |
|    iterations           | 55           |
|    time_elapsed         | 523          |
|    total_timesteps      | 1974272      |
| train/                  |              |
|    approx_kl            | 0.0016598445 |
|    clip_fraction        | 0.00821      |
|    clip_range           | 0.2          |
|    entropy_loss         | -0.197       |
|    explained_variance   | 0.363        |
|    learning_rate        | 0.0003       |
|    loss                 | 0.606        |
|    n_updates            | 960          |
|    policy_gradient_loss | -0.00242     |
|    value_loss           | 1.18         |
------------------------------------------
------------------------------------------
| rollout/                |              |
|    ep_len_mean          | 2.75         |
|    ep_rew_mean          | 0.368        |
| time/                   |              |
|    fps                  | 859          |
|    iterations           | 56           |
|    time_elapsed         | 533          |
|    total_timesteps      | 1982464      |
| train/                  |              |
|    approx_kl            | 0.0015577687 |
|    clip_fraction        | 0.00879      |
|    clip_range           | 0.2          |
|    entropy_loss         | -0.196       |
|    explained_variance   | 0.352        |
|    learning_rate        | 0.0003       |
|    loss                 | 0.57         |
|    n_updates            | 964          |
|    policy_gradient_loss | -0.00245     |
|    value_loss           | 1.2          |
------------------------------------------
------------------------------------------
| rollout/                |              |
|    ep_len_mean          | 2.77         |
|    ep_rew_mean          | -0.0616      |
| time/                   |              |
|    fps                  | 856          |
|    iterations           | 57           |
|    time_elapsed         | 545          |
|    total_timesteps      | 1990656      |
| train/                  |              |
|    approx_kl            | 0.0014724607 |
|    clip_fraction        | 0.00644      |
|    clip_range           | 0.2          |
|    entropy_loss         | -0.192       |
|    explained_variance   | 0.361        |
|    learning_rate        | 0.0003       |
|    loss                 | 0.523        |
|    n_updates            | 968          |
|    policy_gradient_loss | -0.00244     |
|    value_loss           | 1.15         |
------------------------------------------
-----------------------------------------
| rollout/                |             |
|    ep_len_mean          | 2.85        |
|    ep_rew_mean          | 0.282       |
| time/                   |             |
|    fps                  | 849         |
|    iterations           | 58          |
|    time_elapsed         | 559         |
|    total_timesteps      | 1998848     |
| train/                  |             |
|    approx_kl            | 0.001728106 |
|    clip_fraction        | 0.0101      |
|    clip_range           | 0.2         |
|    entropy_loss         | -0.192      |
|    explained_variance   | 0.346       |
|    learning_rate        | 0.0003      |
|    loss                 | 0.558       |
|    n_updates            | 972         |
|    policy_gradient_loss | -0.00227    |
|    value_loss           | 1.19        |
-----------------------------------------
------------------------------------------
| rollout/                |              |
|    ep_len_mean          | 3.01         |
|    ep_rew_mean          | 0.168        |
| time/                   |              |
|    fps                  | 852          |
|    iterations           | 59           |
|    time_elapsed         | 567          |
|    total_timesteps      | 2007040      |
| train/                  |              |
|    approx_kl            | 0.0018349297 |
|    clip_fraction        | 0.0109       |
|    clip_range           | 0.2          |
|    entropy_loss         | -0.191       |
|    explained_variance   | 0.357        |
|    learning_rate        | 0.0003       |
|    loss                 | 0.578        |
|    n_updates            | 976          |
|    policy_gradient_loss | -0.00281     |
|    value_loss           | 1.2          |
------------------------------------------
------------------------------------------
| rollout/                |              |
|    ep_len_mean          | 2.97         |
|    ep_rew_mean          | 0.543        |
| time/                   |              |
|    fps                  | 853          |
|    iterations           | 60           |
|    time_elapsed         | 576          |
|    total_timesteps      | 2015232      |
| train/                  |              |
|    approx_kl            | 0.0024905372 |
|    clip_fraction        | 0.0155       |
|    clip_range           | 0.2          |
|    entropy_loss         | -0.194       |
|    explained_variance   | 0.368        |
|    learning_rate        | 0.0003       |
|    loss                 | 0.582        |
|    n_updates            | 980          |
|    policy_gradient_loss | -0.00329     |
|    value_loss           | 1.17         |
------------------------------------------
------------------------------------------
| rollout/                |              |
|    ep_len_mean          | 2.9          |
|    ep_rew_mean          | 0.241        |
| time/                   |              |
|    fps                  | 856          |
|    iterations           | 61           |
|    time_elapsed         | 583          |
|    total_timesteps      | 2023424      |
| train/                  |              |
|    approx_kl            | 0.0023757112 |
|    clip_fraction        | 0.0126       |
|    clip_range           | 0.2          |
|    entropy_loss         | -0.191       |
|    explained_variance   | 0.354        |
|    learning_rate        | 0.0003       |
|    loss                 | 0.526        |
|    n_updates            | 984          |
|    policy_gradient_loss | -0.00309     |
|    value_loss           | 1.16         |
------------------------------------------
-----------------------------------------
| rollout/                |             |
|    ep_len_mean          | 3.01        |
|    ep_rew_mean          | 0.316       |
| time/                   |             |
|    fps                  | 855         |
|    iterations           | 62          |
|    time_elapsed         | 593         |
|    total_timesteps      | 2031616     |
| train/                  |             |
|    approx_kl            | 0.002729274 |
|    clip_fraction        | 0.0153      |
|    clip_range           | 0.2         |
|    entropy_loss         | -0.191      |
|    explained_variance   | 0.357       |
|    learning_rate        | 0.0003      |
|    loss                 | 0.54        |
|    n_updates            | 988         |
|    policy_gradient_loss | -0.003      |
|    value_loss           | 1.14        |
-----------------------------------------
2026-06-05 01:26:04,875 INFO     train — checkpoint saved: truco_threshold_2000000.zip
2026-06-05 01:26:04,876 INFO     train — Progress: 2,000,000 / 5,000,000 steps  (40.0%)  fps=1564  ETA=0h 31m
Logging to /home/guido/Desktop/fac/2026/mmo/truco-py/logs/MaskablePPO_threshold_9
---------------------------------
| rollout/           |          |
|    ep_len_mean     | 3.08     |
|    ep_rew_mean     | 0.172    |
| time/              |          |
|    fps             | 686      |
|    iterations      | 1        |
|    time_elapsed    | 11       |
|    total_timesteps | 2039808  |
---------------------------------
-----------------------------------------
| rollout/                |             |
|    ep_len_mean          | 2.88        |
|    ep_rew_mean          | 0.251       |
| time/                   |             |
|    fps                  | 850         |
|    iterations           | 2           |
|    time_elapsed         | 19          |
|    total_timesteps      | 2048000     |
| train/                  |             |
|    approx_kl            | 0.002112522 |
|    clip_fraction        | 0.0104      |
|    clip_range           | 0.2         |
|    entropy_loss         | -0.19       |
|    explained_variance   | 0.365       |
|    learning_rate        | 0.0003      |
|    loss                 | 0.508       |
|    n_updates            | 996         |
|    policy_gradient_loss | -0.00267    |
|    value_loss           | 1.17        |
-----------------------------------------
------------------------------------------
| rollout/                |              |
|    ep_len_mean          | 2.75         |
|    ep_rew_mean          | 0.293        |
| time/                   |              |
|    fps                  | 899          |
|    iterations           | 3            |
|    time_elapsed         | 27           |
|    total_timesteps      | 2056192      |
| train/                  |              |
|    approx_kl            | 0.0015631949 |
|    clip_fraction        | 0.00705      |
|    clip_range           | 0.2          |
|    entropy_loss         | -0.191       |
|    explained_variance   | 0.364        |
|    learning_rate        | 0.0003       |
|    loss                 | 0.568        |
|    n_updates            | 1000         |
|    policy_gradient_loss | -0.00205     |
|    value_loss           | 1.15         |
------------------------------------------
------------------------------------------
| rollout/                |              |
|    ep_len_mean          | 2.94         |
|    ep_rew_mean          | 0.365        |
| time/                   |              |
|    fps                  | 748          |
|    iterations           | 4            |
|    time_elapsed         | 43           |
|    total_timesteps      | 2064384      |
| train/                  |              |
|    approx_kl            | 0.0016456569 |
|    clip_fraction        | 0.00928      |
|    clip_range           | 0.2          |
|    entropy_loss         | -0.191       |
|    explained_variance   | 0.389        |
|    learning_rate        | 0.0003       |
|    loss                 | 0.527        |
|    n_updates            | 1004         |
|    policy_gradient_loss | -0.00274     |
|    value_loss           | 1.08         |
------------------------------------------
------------------------------------------
| rollout/                |              |
|    ep_len_mean          | 3.02         |
|    ep_rew_mean          | 0.336        |
| time/                   |              |
|    fps                  | 718          |
|    iterations           | 5            |
|    time_elapsed         | 56           |
|    total_timesteps      | 2072576      |
| train/                  |              |
|    approx_kl            | 0.0017479972 |
|    clip_fraction        | 0.00867      |
|    clip_range           | 0.2          |
|    entropy_loss         | -0.187       |
|    explained_variance   | 0.384        |
|    learning_rate        | 0.0003       |
|    loss                 | 0.565        |
|    n_updates            | 1008         |
|    policy_gradient_loss | -0.00257     |
|    value_loss           | 1.09         |
------------------------------------------
------------------------------------------
| rollout/                |              |
|    ep_len_mean          | 3.07         |
|    ep_rew_mean          | 0.359        |
| time/                   |              |
|    fps                  | 731          |
|    iterations           | 6            |
|    time_elapsed         | 67           |
|    total_timesteps      | 2080768      |
| train/                  |              |
|    approx_kl            | 0.0017579668 |
|    clip_fraction        | 0.00903      |
|    clip_range           | 0.2          |
|    entropy_loss         | -0.191       |
|    explained_variance   | 0.358        |
|    learning_rate        | 0.0003       |
|    loss                 | 0.632        |
|    n_updates            | 1012         |
|    policy_gradient_loss | -0.00237     |
|    value_loss           | 1.19         |
------------------------------------------
-----------------------------------------
| rollout/                |             |
|    ep_len_mean          | 2.93        |
|    ep_rew_mean          | 0.16        |
| time/                   |             |
|    fps                  | 751         |
|    iterations           | 7           |
|    time_elapsed         | 76          |
|    total_timesteps      | 2088960     |
| train/                  |             |
|    approx_kl            | 0.001755744 |
|    clip_fraction        | 0.00879     |
|    clip_range           | 0.2         |
|    entropy_loss         | -0.191      |
|    explained_variance   | 0.33        |
|    learning_rate        | 0.0003      |
|    loss                 | 0.604       |
|    n_updates            | 1016        |
|    policy_gradient_loss | -0.00239    |
|    value_loss           | 1.25        |
-----------------------------------------
------------------------------------------
| rollout/                |              |
|    ep_len_mean          | 2.81         |
|    ep_rew_mean          | 0.328        |
| time/                   |              |
|    fps                  | 753          |
|    iterations           | 8            |
|    time_elapsed         | 86           |
|    total_timesteps      | 2097152      |
| train/                  |              |
|    approx_kl            | 0.0012246117 |
|    clip_fraction        | 0.00766      |
|    clip_range           | 0.2          |
|    entropy_loss         | -0.196       |
|    explained_variance   | 0.361        |
|    learning_rate        | 0.0003       |
|    loss                 | 0.52         |
|    n_updates            | 1020         |
|    policy_gradient_loss | -0.00197     |
|    value_loss           | 1.11         |
------------------------------------------
------------------------------------------
| rollout/                |              |
|    ep_len_mean          | 2.87         |
|    ep_rew_mean          | 0.304        |
| time/                   |              |
|    fps                  | 765          |
|    iterations           | 9            |
|    time_elapsed         | 96           |
|    total_timesteps      | 2105344      |
| train/                  |              |
|    approx_kl            | 0.0019291783 |
|    clip_fraction        | 0.0108       |
|    clip_range           | 0.2          |
|    entropy_loss         | -0.199       |
|    explained_variance   | 0.375        |
|    learning_rate        | 0.0003       |
|    loss                 | 0.532        |
|    n_updates            | 1024         |
|    policy_gradient_loss | -0.00294     |
|    value_loss           | 1.12         |
------------------------------------------
------------------------------------------
| rollout/                |              |
|    ep_len_mean          | 2.9          |
|    ep_rew_mean          | 0.161        |
| time/                   |              |
|    fps                  | 775          |
|    iterations           | 10           |
|    time_elapsed         | 105          |
|    total_timesteps      | 2113536      |
| train/                  |              |
|    approx_kl            | 0.0017146816 |
|    clip_fraction        | 0.0118       |
|    clip_range           | 0.2          |
|    entropy_loss         | -0.197       |
|    explained_variance   | 0.356        |
|    learning_rate        | 0.0003       |
|    loss                 | 0.561        |
|    n_updates            | 1028         |
|    policy_gradient_loss | -0.00244     |
|    value_loss           | 1.15         |
------------------------------------------
------------------------------------------
| rollout/                |              |
|    ep_len_mean          | 3.04         |
|    ep_rew_mean          | 0.0616       |
| time/                   |              |
|    fps                  | 777          |
|    iterations           | 11           |
|    time_elapsed         | 115          |
|    total_timesteps      | 2121728      |
| train/                  |              |
|    approx_kl            | 0.0020923906 |
|    clip_fraction        | 0.0114       |
|    clip_range           | 0.2          |
|    entropy_loss         | -0.201       |
|    explained_variance   | 0.376        |
|    learning_rate        | 0.0003       |
|    loss                 | 0.534        |
|    n_updates            | 1032         |
|    policy_gradient_loss | -0.00355     |
|    value_loss           | 1.11         |
------------------------------------------
------------------------------------------
| rollout/                |              |
|    ep_len_mean          | 3            |
|    ep_rew_mean          | 0.0669       |
| time/                   |              |
|    fps                  | 771          |
|    iterations           | 12           |
|    time_elapsed         | 127          |
|    total_timesteps      | 2129920      |
| train/                  |              |
|    approx_kl            | 0.0024326183 |
|    clip_fraction        | 0.0138       |
|    clip_range           | 0.2          |
|    entropy_loss         | -0.199       |
|    explained_variance   | 0.33         |
|    learning_rate        | 0.0003       |
|    loss                 | 0.604        |
|    n_updates            | 1036         |
|    policy_gradient_loss | -0.00281     |
|    value_loss           | 1.22         |
------------------------------------------
-----------------------------------------
| rollout/                |             |
|    ep_len_mean          | 3.02        |
|    ep_rew_mean          | 0.399       |
| time/                   |             |
|    fps                  | 742         |
|    iterations           | 13          |
|    time_elapsed         | 143         |
|    total_timesteps      | 2138112     |
| train/                  |             |
|    approx_kl            | 0.002545253 |
|    clip_fraction        | 0.0129      |
|    clip_range           | 0.2         |
|    entropy_loss         | -0.208      |
|    explained_variance   | 0.359       |
|    learning_rate        | 0.0003      |
|    loss                 | 0.561       |
|    n_updates            | 1040        |
|    policy_gradient_loss | -0.00312    |
|    value_loss           | 1.13        |
-----------------------------------------
------------------------------------------
| rollout/                |              |
|    ep_len_mean          | 2.87         |
|    ep_rew_mean          | 0.34         |
| time/                   |              |
|    fps                  | 750          |
|    iterations           | 14           |
|    time_elapsed         | 152          |
|    total_timesteps      | 2146304      |
| train/                  |              |
|    approx_kl            | 0.0024309857 |
|    clip_fraction        | 0.0139       |
|    clip_range           | 0.2          |
|    entropy_loss         | -0.205       |
|    explained_variance   | 0.35         |
|    learning_rate        | 0.0003       |
|    loss                 | 0.623        |
|    n_updates            | 1044         |
|    policy_gradient_loss | -0.00319     |
|    value_loss           | 1.21         |
------------------------------------------
------------------------------------------
| rollout/                |              |
|    ep_len_mean          | 2.91         |
|    ep_rew_mean          | 0.278        |
| time/                   |              |
|    fps                  | 746          |
|    iterations           | 15           |
|    time_elapsed         | 164          |
|    total_timesteps      | 2154496      |
| train/                  |              |
|    approx_kl            | 0.0027947607 |
|    clip_fraction        | 0.0121       |
|    clip_range           | 0.2          |
|    entropy_loss         | -0.195       |
|    explained_variance   | 0.349        |
|    learning_rate        | 0.0003       |
|    loss                 | 0.6          |
|    n_updates            | 1048         |
|    policy_gradient_loss | -0.00279     |
|    value_loss           | 1.19         |
------------------------------------------
------------------------------------------
| rollout/                |              |
|    ep_len_mean          | 2.88         |
|    ep_rew_mean          | 0.441        |
| time/                   |              |
|    fps                  | 753          |
|    iterations           | 16           |
|    time_elapsed         | 173          |
|    total_timesteps      | 2162688      |
| train/                  |              |
|    approx_kl            | 0.0016206829 |
|    clip_fraction        | 0.0107       |
|    clip_range           | 0.2          |
|    entropy_loss         | -0.198       |
|    explained_variance   | 0.341        |
|    learning_rate        | 0.0003       |
|    loss                 | 0.579        |
|    n_updates            | 1052         |
|    policy_gradient_loss | -0.00241     |
|    value_loss           | 1.25         |
------------------------------------------
------------------------------------------
| rollout/                |              |
|    ep_len_mean          | 2.88         |
|    ep_rew_mean          | 0.388        |
| time/                   |              |
|    fps                  | 756          |
|    iterations           | 17           |
|    time_elapsed         | 184          |
|    total_timesteps      | 2170880      |
| train/                  |              |
|    approx_kl            | 0.0028457239 |
|    clip_fraction        | 0.017        |
|    clip_range           | 0.2          |
|    entropy_loss         | -0.193       |
|    explained_variance   | 0.372        |
|    learning_rate        | 0.0003       |
|    loss                 | 0.6          |
|    n_updates            | 1056         |
|    policy_gradient_loss | -0.00289     |
|    value_loss           | 1.15         |
------------------------------------------
------------------------------------------
| rollout/                |              |
|    ep_len_mean          | 3.06         |
|    ep_rew_mean          | 0.459        |
| time/                   |              |
|    fps                  | 772          |
|    iterations           | 18           |
|    time_elapsed         | 190          |
|    total_timesteps      | 2179072      |
| train/                  |              |
|    approx_kl            | 0.0021848846 |
|    clip_fraction        | 0.011        |
|    clip_range           | 0.2          |
|    entropy_loss         | -0.195       |
|    explained_variance   | 0.364        |
|    learning_rate        | 0.0003       |
|    loss                 | 0.573        |
|    n_updates            | 1060         |
|    policy_gradient_loss | -0.00299     |
|    value_loss           | 1.18         |
------------------------------------------
------------------------------------------
| rollout/                |              |
|    ep_len_mean          | 2.93         |
|    ep_rew_mean          | 0.296        |
| time/                   |              |
|    fps                  | 788          |
|    iterations           | 19           |
|    time_elapsed         | 197          |
|    total_timesteps      | 2187264      |
| train/                  |              |
|    approx_kl            | 0.0023112101 |
|    clip_fraction        | 0.0127       |
|    clip_range           | 0.2          |
|    entropy_loss         | -0.2         |
|    explained_variance   | 0.357        |
|    learning_rate        | 0.0003       |
|    loss                 | 0.562        |
|    n_updates            | 1064         |
|    policy_gradient_loss | -0.00347     |
|    value_loss           | 1.19         |
------------------------------------------
------------------------------------------
| rollout/                |              |
|    ep_len_mean          | 2.85         |
|    ep_rew_mean          | 0.503        |
| time/                   |              |
|    fps                  | 800          |
|    iterations           | 20           |
|    time_elapsed         | 204          |
|    total_timesteps      | 2195456      |
| train/                  |              |
|    approx_kl            | 0.0019785124 |
|    clip_fraction        | 0.011        |
|    clip_range           | 0.2          |
|    entropy_loss         | -0.193       |
|    explained_variance   | 0.34         |
|    learning_rate        | 0.0003       |
|    loss                 | 0.599        |
|    n_updates            | 1068         |
|    policy_gradient_loss | -0.00319     |
|    value_loss           | 1.24         |
------------------------------------------
------------------------------------------
| rollout/                |              |
|    ep_len_mean          | 2.73         |
|    ep_rew_mean          | 0.266        |
| time/                   |              |
|    fps                  | 808          |
|    iterations           | 21           |
|    time_elapsed         | 212          |
|    total_timesteps      | 2203648      |
| train/                  |              |
|    approx_kl            | 0.0023040548 |
|    clip_fraction        | 0.0111       |
|    clip_range           | 0.2          |
|    entropy_loss         | -0.194       |
|    explained_variance   | 0.369        |
|    learning_rate        | 0.0003       |
|    loss                 | 0.529        |
|    n_updates            | 1072         |
|    policy_gradient_loss | -0.00315     |
|    value_loss           | 1.15         |
------------------------------------------
------------------------------------------
| rollout/                |              |
|    ep_len_mean          | 2.81         |
|    ep_rew_mean          | 0.149        |
| time/                   |              |
|    fps                  | 810          |
|    iterations           | 22           |
|    time_elapsed         | 222          |
|    total_timesteps      | 2211840      |
| train/                  |              |
|    approx_kl            | 0.0019166991 |
|    clip_fraction        | 0.00876      |
|    clip_range           | 0.2          |
|    entropy_loss         | -0.195       |
|    explained_variance   | 0.38         |
|    learning_rate        | 0.0003       |
|    loss                 | 0.53         |
|    n_updates            | 1076         |
|    policy_gradient_loss | -0.00293     |
|    value_loss           | 1.13         |
------------------------------------------
------------------------------------------
| rollout/                |              |
|    ep_len_mean          | 2.99         |
|    ep_rew_mean          | 0.222        |
| time/                   |              |
|    fps                  | 801          |
|    iterations           | 23           |
|    time_elapsed         | 235          |
|    total_timesteps      | 2220032      |
| train/                  |              |
|    approx_kl            | 0.0025404163 |
|    clip_fraction        | 0.0165       |
|    clip_range           | 0.2          |
|    entropy_loss         | -0.195       |
|    explained_variance   | 0.36         |
|    learning_rate        | 0.0003       |
|    loss                 | 0.641        |
|    n_updates            | 1080         |
|    policy_gradient_loss | -0.00291     |
|    value_loss           | 1.19         |
------------------------------------------
------------------------------------------
| rollout/                |              |
|    ep_len_mean          | 2.97         |
|    ep_rew_mean          | 0.216        |
| time/                   |              |
|    fps                  | 810          |
|    iterations           | 24           |
|    time_elapsed         | 242          |
|    total_timesteps      | 2228224      |
| train/                  |              |
|    approx_kl            | 0.0021794916 |
|    clip_fraction        | 0.0161       |
|    clip_range           | 0.2          |
|    entropy_loss         | -0.193       |
|    explained_variance   | 0.353        |
|    learning_rate        | 0.0003       |
|    loss                 | 0.597        |
|    n_updates            | 1084         |
|    policy_gradient_loss | -0.00355     |
|    value_loss           | 1.23         |
------------------------------------------
------------------------------------------
| rollout/                |              |
|    ep_len_mean          | 2.74         |
|    ep_rew_mean          | 0.0904       |
| time/                   |              |
|    fps                  | 812          |
|    iterations           | 25           |
|    time_elapsed         | 252          |
|    total_timesteps      | 2236416      |
| train/                  |              |
|    approx_kl            | 0.0035405862 |
|    clip_fraction        | 0.0224       |
|    clip_range           | 0.2          |
|    entropy_loss         | -0.189       |
|    explained_variance   | 0.356        |
|    learning_rate        | 0.0003       |
|    loss                 | 0.581        |
|    n_updates            | 1088         |
|    policy_gradient_loss | -0.00335     |
|    value_loss           | 1.17         |
------------------------------------------
------------------------------------------
| rollout/                |              |
|    ep_len_mean          | 2.62         |
|    ep_rew_mean          | 0.287        |
| time/                   |              |
|    fps                  | 802          |
|    iterations           | 26           |
|    time_elapsed         | 265          |
|    total_timesteps      | 2244608      |
| train/                  |              |
|    approx_kl            | 0.0016776943 |
|    clip_fraction        | 0.0102       |
|    clip_range           | 0.2          |
|    entropy_loss         | -0.19        |
|    explained_variance   | 0.361        |
|    learning_rate        | 0.0003       |
|    loss                 | 0.628        |
|    n_updates            | 1092         |
|    policy_gradient_loss | -0.00246     |
|    value_loss           | 1.2          |
------------------------------------------
------------------------------------------
| rollout/                |              |
|    ep_len_mean          | 2.89         |
|    ep_rew_mean          | 0.0667       |
| time/                   |              |
|    fps                  | 806          |
|    iterations           | 27           |
|    time_elapsed         | 274          |
|    total_timesteps      | 2252800      |
| train/                  |              |
|    approx_kl            | 0.0027319302 |
|    clip_fraction        | 0.0155       |
|    clip_range           | 0.2          |
|    entropy_loss         | -0.185       |
|    explained_variance   | 0.369        |
|    learning_rate        | 0.0003       |
|    loss                 | 0.582        |
|    n_updates            | 1096         |
|    policy_gradient_loss | -0.00344     |
|    value_loss           | 1.13         |
------------------------------------------
----------------------------------------
| rollout/                |            |
|    ep_len_mean          | 2.71       |
|    ep_rew_mean          | 0.272      |
| time/                   |            |
|    fps                  | 796        |
|    iterations           | 28         |
|    time_elapsed         | 287        |
|    total_timesteps      | 2260992    |
| train/                  |            |
|    approx_kl            | 0.00245904 |
|    clip_fraction        | 0.0104     |
|    clip_range           | 0.2        |
|    entropy_loss         | -0.187     |
|    explained_variance   | 0.349      |
|    learning_rate        | 0.0003     |
|    loss                 | 0.605      |
|    n_updates            | 1100       |
|    policy_gradient_loss | -0.00298   |
|    value_loss           | 1.21       |
----------------------------------------
------------------------------------------
| rollout/                |              |
|    ep_len_mean          | 3.12         |
|    ep_rew_mean          | 0.795        |
| time/                   |              |
|    fps                  | 789          |
|    iterations           | 29           |
|    time_elapsed         | 300          |
|    total_timesteps      | 2269184      |
| train/                  |              |
|    approx_kl            | 0.0022696792 |
|    clip_fraction        | 0.0123       |
|    clip_range           | 0.2          |
|    entropy_loss         | -0.19        |
|    explained_variance   | 0.354        |
|    learning_rate        | 0.0003       |
|    loss                 | 0.595        |
|    n_updates            | 1104         |
|    policy_gradient_loss | -0.0031      |
|    value_loss           | 1.17         |
------------------------------------------
------------------------------------------
| rollout/                |              |
|    ep_len_mean          | 2.9          |
|    ep_rew_mean          | 0.558        |
| time/                   |              |
|    fps                  | 780          |
|    iterations           | 30           |
|    time_elapsed         | 314          |
|    total_timesteps      | 2277376      |
| train/                  |              |
|    approx_kl            | 0.0019295008 |
|    clip_fraction        | 0.0105       |
|    clip_range           | 0.2          |
|    entropy_loss         | -0.187       |
|    explained_variance   | 0.374        |
|    learning_rate        | 0.0003       |
|    loss                 | 0.523        |
|    n_updates            | 1108         |
|    policy_gradient_loss | -0.003       |
|    value_loss           | 1.12         |
------------------------------------------
------------------------------------------
| rollout/                |              |
|    ep_len_mean          | 3.01         |
|    ep_rew_mean          | 0.354        |
| time/                   |              |
|    fps                  | 775          |
|    iterations           | 31           |
|    time_elapsed         | 327          |
|    total_timesteps      | 2285568      |
| train/                  |              |
|    approx_kl            | 0.0024969408 |
|    clip_fraction        | 0.0144       |
|    clip_range           | 0.2          |
|    entropy_loss         | -0.187       |
|    explained_variance   | 0.352        |
|    learning_rate        | 0.0003       |
|    loss                 | 0.555        |
|    n_updates            | 1112         |
|    policy_gradient_loss | -0.00276     |
|    value_loss           | 1.16         |
------------------------------------------
-----------------------------------------
| rollout/                |             |
|    ep_len_mean          | 2.75        |
|    ep_rew_mean          | 0.0672      |
| time/                   |             |
|    fps                  | 740         |
|    iterations           | 32          |
|    time_elapsed         | 353         |
|    total_timesteps      | 2293760     |
| train/                  |             |
|    approx_kl            | 0.002694015 |
|    clip_fraction        | 0.0138      |
|    clip_range           | 0.2         |
|    entropy_loss         | -0.188      |
|    explained_variance   | 0.383       |
|    learning_rate        | 0.0003      |
|    loss                 | 0.572       |
|    n_updates            | 1116        |
|    policy_gradient_loss | -0.00319    |
|    value_loss           | 1.13        |
-----------------------------------------
------------------------------------------
| rollout/                |              |
|    ep_len_mean          | 2.93         |
|    ep_rew_mean          | 0.139        |
| time/                   |              |
|    fps                  | 731          |
|    iterations           | 33           |
|    time_elapsed         | 369          |
|    total_timesteps      | 2301952      |
| train/                  |              |
|    approx_kl            | 0.0013791802 |
|    clip_fraction        | 0.0079       |
|    clip_range           | 0.2          |
|    entropy_loss         | -0.187       |
|    explained_variance   | 0.374        |
|    learning_rate        | 0.0003       |
|    loss                 | 0.529        |
|    n_updates            | 1120         |
|    policy_gradient_loss | -0.00272     |
|    value_loss           | 1.13         |
------------------------------------------
------------------------------------------
| rollout/                |              |
|    ep_len_mean          | 2.9          |
|    ep_rew_mean          | -0.0878      |
| time/                   |              |
|    fps                  | 729          |
|    iterations           | 34           |
|    time_elapsed         | 381          |
|    total_timesteps      | 2310144      |
| train/                  |              |
|    approx_kl            | 0.0017244549 |
|    clip_fraction        | 0.00916      |
|    clip_range           | 0.2          |
|    entropy_loss         | -0.188       |
|    explained_variance   | 0.337        |
|    learning_rate        | 0.0003       |
|    loss                 | 0.597        |
|    n_updates            | 1124         |
|    policy_gradient_loss | -0.0026      |
|    value_loss           | 1.23         |
------------------------------------------
------------------------------------------
| rollout/                |              |
|    ep_len_mean          | 2.91         |
|    ep_rew_mean          | 0.349        |
| time/                   |              |
|    fps                  | 726          |
|    iterations           | 35           |
|    time_elapsed         | 394          |
|    total_timesteps      | 2318336      |
| train/                  |              |
|    approx_kl            | 0.0014239962 |
|    clip_fraction        | 0.00726      |
|    clip_range           | 0.2          |
|    entropy_loss         | -0.181       |
|    explained_variance   | 0.362        |
|    learning_rate        | 0.0003       |
|    loss                 | 0.545        |
|    n_updates            | 1128         |
|    policy_gradient_loss | -0.0024      |
|    value_loss           | 1.17         |
------------------------------------------
------------------------------------------
| rollout/                |              |
|    ep_len_mean          | 3.09         |
|    ep_rew_mean          | 0.331        |
| time/                   |              |
|    fps                  | 720          |
|    iterations           | 36           |
|    time_elapsed         | 409          |
|    total_timesteps      | 2326528      |
| train/                  |              |
|    approx_kl            | 0.0021548518 |
|    clip_fraction        | 0.0127       |
|    clip_range           | 0.2          |
|    entropy_loss         | -0.185       |
|    explained_variance   | 0.363        |
|    learning_rate        | 0.0003       |
|    loss                 | 0.541        |
|    n_updates            | 1132         |
|    policy_gradient_loss | -0.00292     |
|    value_loss           | 1.13         |
------------------------------------------
-----------------------------------------
| rollout/                |             |
|    ep_len_mean          | 3.06        |
|    ep_rew_mean          | 0.213       |
| time/                   |             |
|    fps                  | 714         |
|    iterations           | 37          |
|    time_elapsed         | 424         |
|    total_timesteps      | 2334720     |
| train/                  |             |
|    approx_kl            | 0.001615593 |
|    clip_fraction        | 0.00937     |
|    clip_range           | 0.2         |
|    entropy_loss         | -0.188      |
|    explained_variance   | 0.381       |
|    learning_rate        | 0.0003      |
|    loss                 | 0.563       |
|    n_updates            | 1136        |
|    policy_gradient_loss | -0.00305    |
|    value_loss           | 1.13        |
-----------------------------------------
-----------------------------------------
| rollout/                |             |
|    ep_len_mean          | 2.97        |
|    ep_rew_mean          | 0.119       |
| time/                   |             |
|    fps                  | 713         |
|    iterations           | 38          |
|    time_elapsed         | 436         |
|    total_timesteps      | 2342912     |
| train/                  |             |
|    approx_kl            | 0.001959107 |
|    clip_fraction        | 0.00995     |
|    clip_range           | 0.2         |
|    entropy_loss         | -0.187      |
|    explained_variance   | 0.368       |
|    learning_rate        | 0.0003      |
|    loss                 | 0.559       |
|    n_updates            | 1140        |
|    policy_gradient_loss | -0.00225    |
|    value_loss           | 1.17        |
-----------------------------------------
------------------------------------------
| rollout/                |              |
|    ep_len_mean          | 2.92         |
|    ep_rew_mean          | 0.36         |
| time/                   |              |
|    fps                  | 711          |
|    iterations           | 39           |
|    time_elapsed         | 448          |
|    total_timesteps      | 2351104      |
| train/                  |              |
|    approx_kl            | 0.0013839738 |
|    clip_fraction        | 0.00763      |
|    clip_range           | 0.2          |
|    entropy_loss         | -0.188       |
|    explained_variance   | 0.385        |
|    learning_rate        | 0.0003       |
|    loss                 | 0.587        |
|    n_updates            | 1144         |
|    policy_gradient_loss | -0.00248     |
|    value_loss           | 1.1          |
------------------------------------------
------------------------------------------
| rollout/                |              |
|    ep_len_mean          | 2.94         |
|    ep_rew_mean          | 0.401        |
| time/                   |              |
|    fps                  | 706          |
|    iterations           | 40           |
|    time_elapsed         | 463          |
|    total_timesteps      | 2359296      |
| train/                  |              |
|    approx_kl            | 0.0017658657 |
|    clip_fraction        | 0.00949      |
|    clip_range           | 0.2          |
|    entropy_loss         | -0.193       |
|    explained_variance   | 0.358        |
|    learning_rate        | 0.0003       |
|    loss                 | 0.587        |
|    n_updates            | 1148         |
|    policy_gradient_loss | -0.0028      |
|    value_loss           | 1.16         |
------------------------------------------
------------------------------------------
| rollout/                |              |
|    ep_len_mean          | 2.77         |
|    ep_rew_mean          | 0.466        |
| time/                   |              |
|    fps                  | 703          |
|    iterations           | 41           |
|    time_elapsed         | 477          |
|    total_timesteps      | 2367488      |
| train/                  |              |
|    approx_kl            | 0.0023128623 |
|    clip_fraction        | 0.014        |
|    clip_range           | 0.2          |
|    entropy_loss         | -0.196       |
|    explained_variance   | 0.353        |
|    learning_rate        | 0.0003       |
|    loss                 | 0.637        |
|    n_updates            | 1152         |
|    policy_gradient_loss | -0.00268     |
|    value_loss           | 1.21         |
------------------------------------------
------------------------------------------
| rollout/                |              |
|    ep_len_mean          | 2.97         |
|    ep_rew_mean          | 0.268        |
| time/                   |              |
|    fps                  | 699          |
|    iterations           | 42           |
|    time_elapsed         | 492          |
|    total_timesteps      | 2375680      |
| train/                  |              |
|    approx_kl            | 0.0031620925 |
|    clip_fraction        | 0.0211       |
|    clip_range           | 0.2          |
|    entropy_loss         | -0.19        |
|    explained_variance   | 0.353        |
|    learning_rate        | 0.0003       |
|    loss                 | 0.632        |
|    n_updates            | 1156         |
|    policy_gradient_loss | -0.00321     |
|    value_loss           | 1.2          |
------------------------------------------
-----------------------------------------
| rollout/                |             |
|    ep_len_mean          | 2.82        |
|    ep_rew_mean          | 0.334       |
| time/                   |             |
|    fps                  | 690         |
|    iterations           | 43          |
|    time_elapsed         | 510         |
|    total_timesteps      | 2383872     |
| train/                  |             |
|    approx_kl            | 0.001780454 |
|    clip_fraction        | 0.0114      |
|    clip_range           | 0.2         |
|    entropy_loss         | -0.191      |
|    explained_variance   | 0.376       |
|    learning_rate        | 0.0003      |
|    loss                 | 0.563       |
|    n_updates            | 1160        |
|    policy_gradient_loss | -0.00279    |
|    value_loss           | 1.11        |
-----------------------------------------
------------------------------------------
| rollout/                |              |
|    ep_len_mean          | 2.87         |
|    ep_rew_mean          | 0.0423       |
| time/                   |              |
|    fps                  | 684          |
|    iterations           | 44           |
|    time_elapsed         | 526          |
|    total_timesteps      | 2392064      |
| train/                  |              |
|    approx_kl            | 0.0019308949 |
|    clip_fraction        | 0.0112       |
|    clip_range           | 0.2          |
|    entropy_loss         | -0.185       |
|    explained_variance   | 0.342        |
|    learning_rate        | 0.0003       |
|    loss                 | 0.613        |
|    n_updates            | 1164         |
|    policy_gradient_loss | -0.00256     |
|    value_loss           | 1.21         |
------------------------------------------
------------------------------------------
| rollout/                |              |
|    ep_len_mean          | 2.78         |
|    ep_rew_mean          | 0.378        |
| time/                   |              |
|    fps                  | 691          |
|    iterations           | 45           |
|    time_elapsed         | 532          |
|    total_timesteps      | 2400256      |
| train/                  |              |
|    approx_kl            | 0.0011734308 |
|    clip_fraction        | 0.00827      |
|    clip_range           | 0.2          |
|    entropy_loss         | -0.194       |
|    explained_variance   | 0.363        |
|    learning_rate        | 0.0003       |
|    loss                 | 0.607        |
|    n_updates            | 1168         |
|    policy_gradient_loss | -0.0021      |
|    value_loss           | 1.19         |
------------------------------------------
-----------------------------------------
| rollout/                |             |
|    ep_len_mean          | 2.91        |
|    ep_rew_mean          | 0.465       |
| time/                   |             |
|    fps                  | 698         |
|    iterations           | 46          |
|    time_elapsed         | 539         |
|    total_timesteps      | 2408448     |
| train/                  |             |
|    approx_kl            | 0.002128025 |
|    clip_fraction        | 0.0111      |
|    clip_range           | 0.2         |
|    entropy_loss         | -0.192      |
|    explained_variance   | 0.379       |
|    learning_rate        | 0.0003      |
|    loss                 | 0.56        |
|    n_updates            | 1172        |
|    policy_gradient_loss | -0.00309    |
|    value_loss           | 1.17        |
-----------------------------------------
------------------------------------------
| rollout/                |              |
|    ep_len_mean          | 2.76         |
|    ep_rew_mean          | 0.218        |
| time/                   |              |
|    fps                  | 699          |
|    iterations           | 47           |
|    time_elapsed         | 550          |
|    total_timesteps      | 2416640      |
| train/                  |              |
|    approx_kl            | 0.0020502734 |
|    clip_fraction        | 0.0102       |
|    clip_range           | 0.2          |
|    entropy_loss         | -0.194       |
|    explained_variance   | 0.334        |
|    learning_rate        | 0.0003       |
|    loss                 | 0.639        |
|    n_updates            | 1176         |
|    policy_gradient_loss | -0.00234     |
|    value_loss           | 1.22         |
------------------------------------------
------------------------------------------
| rollout/                |              |
|    ep_len_mean          | 2.9          |
|    ep_rew_mean          | 0.661        |
| time/                   |              |
|    fps                  | 696          |
|    iterations           | 48           |
|    time_elapsed         | 564          |
|    total_timesteps      | 2424832      |
| train/                  |              |
|    approx_kl            | 0.0021806231 |
|    clip_fraction        | 0.0143       |
|    clip_range           | 0.2          |
|    entropy_loss         | -0.187       |
|    explained_variance   | 0.357        |
|    learning_rate        | 0.0003       |
|    loss                 | 0.578        |
|    n_updates            | 1180         |
|    policy_gradient_loss | -0.00279     |
|    value_loss           | 1.21         |
------------------------------------------
------------------------------------------
| rollout/                |              |
|    ep_len_mean          | 2.98         |
|    ep_rew_mean          | 0.432        |
| time/                   |              |
|    fps                  | 695          |
|    iterations           | 49           |
|    time_elapsed         | 577          |
|    total_timesteps      | 2433024      |
| train/                  |              |
|    approx_kl            | 0.0021158517 |
|    clip_fraction        | 0.0128       |
|    clip_range           | 0.2          |
|    entropy_loss         | -0.182       |
|    explained_variance   | 0.355        |
|    learning_rate        | 0.0003       |
|    loss                 | 0.545        |
|    n_updates            | 1184         |
|    policy_gradient_loss | -0.00285     |
|    value_loss           | 1.14         |
------------------------------------------
------------------------------------------
| rollout/                |              |
|    ep_len_mean          | 2.92         |
|    ep_rew_mean          | 0.845        |
| time/                   |              |
|    fps                  | 692          |
|    iterations           | 50           |
|    time_elapsed         | 591          |
|    total_timesteps      | 2441216      |
| train/                  |              |
|    approx_kl            | 0.0021277715 |
|    clip_fraction        | 0.0101       |
|    clip_range           | 0.2          |
|    entropy_loss         | -0.188       |
|    explained_variance   | 0.354        |
|    learning_rate        | 0.0003       |
|    loss                 | 0.642        |
|    n_updates            | 1188         |
|    policy_gradient_loss | -0.0026      |
|    value_loss           | 1.22         |
------------------------------------------
------------------------------------------
| rollout/                |              |
|    ep_len_mean          | 2.83         |
|    ep_rew_mean          | 0.397        |
| time/                   |              |
|    fps                  | 690          |
|    iterations           | 51           |
|    time_elapsed         | 605          |
|    total_timesteps      | 2449408      |
| train/                  |              |
|    approx_kl            | 0.0024329827 |
|    clip_fraction        | 0.0136       |
|    clip_range           | 0.2          |
|    entropy_loss         | -0.191       |
|    explained_variance   | 0.366        |
|    learning_rate        | 0.0003       |
|    loss                 | 0.567        |
|    n_updates            | 1192         |
|    policy_gradient_loss | -0.00288     |
|    value_loss           | 1.21         |
------------------------------------------
------------------------------------------
| rollout/                |              |
|    ep_len_mean          | 3.02         |
|    ep_rew_mean          | 0.39         |
| time/                   |              |
|    fps                  | 690          |
|    iterations           | 52           |
|    time_elapsed         | 617          |
|    total_timesteps      | 2457600      |
| train/                  |              |
|    approx_kl            | 0.0025632652 |
|    clip_fraction        | 0.0117       |
|    clip_range           | 0.2          |
|    entropy_loss         | -0.196       |
|    explained_variance   | 0.346        |
|    learning_rate        | 0.0003       |
|    loss                 | 0.592        |
|    n_updates            | 1196         |
|    policy_gradient_loss | -0.00272     |
|    value_loss           | 1.24         |
------------------------------------------
------------------------------------------
| rollout/                |              |
|    ep_len_mean          | 2.84         |
|    ep_rew_mean          | 0.66         |
| time/                   |              |
|    fps                  | 681          |
|    iterations           | 53           |
|    time_elapsed         | 637          |
|    total_timesteps      | 2465792      |
| train/                  |              |
|    approx_kl            | 0.0019061372 |
|    clip_fraction        | 0.0133       |
|    clip_range           | 0.2          |
|    entropy_loss         | -0.193       |
|    explained_variance   | 0.36         |
|    learning_rate        | 0.0003       |
|    loss                 | 0.506        |
|    n_updates            | 1200         |
|    policy_gradient_loss | -0.0028      |
|    value_loss           | 1.12         |
------------------------------------------
------------------------------------------
| rollout/                |              |
|    ep_len_mean          | 2.94         |
|    ep_rew_mean          | 0.208        |
| time/                   |              |
|    fps                  | 667          |
|    iterations           | 54           |
|    time_elapsed         | 662          |
|    total_timesteps      | 2473984      |
| train/                  |              |
|    approx_kl            | 0.0025496148 |
|    clip_fraction        | 0.0163       |
|    clip_range           | 0.2          |
|    entropy_loss         | -0.189       |
|    explained_variance   | 0.38         |
|    learning_rate        | 0.0003       |
|    loss                 | 0.567        |
|    n_updates            | 1204         |
|    policy_gradient_loss | -0.00314     |
|    value_loss           | 1.12         |
------------------------------------------
------------------------------------------
| rollout/                |              |
|    ep_len_mean          | 2.69         |
|    ep_rew_mean          | 0.292        |
| time/                   |              |
|    fps                  | 662          |
|    iterations           | 55           |
|    time_elapsed         | 680          |
|    total_timesteps      | 2482176      |
| train/                  |              |
|    approx_kl            | 0.0026941977 |
|    clip_fraction        | 0.0158       |
|    clip_range           | 0.2          |
|    entropy_loss         | -0.192       |
|    explained_variance   | 0.337        |
|    learning_rate        | 0.0003       |
|    loss                 | 0.587        |
|    n_updates            | 1208         |
|    policy_gradient_loss | -0.00354     |
|    value_loss           | 1.18         |
------------------------------------------
------------------------------------------
| rollout/                |              |
|    ep_len_mean          | 2.89         |
|    ep_rew_mean          | 0.45         |
| time/                   |              |
|    fps                  | 656          |
|    iterations           | 56           |
|    time_elapsed         | 698          |
|    total_timesteps      | 2490368      |
| train/                  |              |
|    approx_kl            | 0.0016717154 |
|    clip_fraction        | 0.0116       |
|    clip_range           | 0.2          |
|    entropy_loss         | -0.197       |
|    explained_variance   | 0.397        |
|    learning_rate        | 0.0003       |
|    loss                 | 0.497        |
|    n_updates            | 1212         |
|    policy_gradient_loss | -0.00219     |
|    value_loss           | 1.09         |
------------------------------------------
------------------------------------------
| rollout/                |              |
|    ep_len_mean          | 2.96         |
|    ep_rew_mean          | 0.105        |
| time/                   |              |
|    fps                  | 657          |
|    iterations           | 57           |
|    time_elapsed         | 710          |
|    total_timesteps      | 2498560      |
| train/                  |              |
|    approx_kl            | 0.0026014957 |
|    clip_fraction        | 0.0152       |
|    clip_range           | 0.2          |
|    entropy_loss         | -0.191       |
|    explained_variance   | 0.35         |
|    learning_rate        | 0.0003       |
|    loss                 | 0.552        |
|    n_updates            | 1216         |
|    policy_gradient_loss | -0.00334     |
|    value_loss           | 1.17         |
------------------------------------------
------------------------------------------
| rollout/                |              |
|    ep_len_mean          | 2.9          |
|    ep_rew_mean          | -0.0904      |
| time/                   |              |
|    fps                  | 645          |
|    iterations           | 58           |
|    time_elapsed         | 735          |
|    total_timesteps      | 2506752      |
| train/                  |              |
|    approx_kl            | 0.0020124924 |
|    clip_fraction        | 0.0137       |
|    clip_range           | 0.2          |
|    entropy_loss         | -0.196       |
|    explained_variance   | 0.374        |
|    learning_rate        | 0.0003       |
|    loss                 | 0.532        |
|    n_updates            | 1220         |
|    policy_gradient_loss | -0.00242     |
|    value_loss           | 1.16         |
------------------------------------------
------------------------------------------
| rollout/                |              |
|    ep_len_mean          | 2.82         |
|    ep_rew_mean          | 0.0526       |
| time/                   |              |
|    fps                  | 637          |
|    iterations           | 59           |
|    time_elapsed         | 758          |
|    total_timesteps      | 2514944      |
| train/                  |              |
|    approx_kl            | 0.0016938241 |
|    clip_fraction        | 0.0121       |
|    clip_range           | 0.2          |
|    entropy_loss         | -0.199       |
|    explained_variance   | 0.384        |
|    learning_rate        | 0.0003       |
|    loss                 | 0.532        |
|    n_updates            | 1224         |
|    policy_gradient_loss | -0.00264     |
|    value_loss           | 1.13         |
------------------------------------------
------------------------------------------
| rollout/                |              |
|    ep_len_mean          | 2.96         |
|    ep_rew_mean          | 0.439        |
| time/                   |              |
|    fps                  | 630          |
|    iterations           | 60           |
|    time_elapsed         | 779          |
|    total_timesteps      | 2523136      |
| train/                  |              |
|    approx_kl            | 0.0025158518 |
|    clip_fraction        | 0.0136       |
|    clip_range           | 0.2          |
|    entropy_loss         | -0.201       |
|    explained_variance   | 0.362        |
|    learning_rate        | 0.0003       |
|    loss                 | 0.563        |
|    n_updates            | 1228         |
|    policy_gradient_loss | -0.00328     |
|    value_loss           | 1.19         |
------------------------------------------
-----------------------------------------
| rollout/                |             |
|    ep_len_mean          | 3.08        |
|    ep_rew_mean          | -0.0346     |
| time/                   |             |
|    fps                  | 622         |
|    iterations           | 61          |
|    time_elapsed         | 802         |
|    total_timesteps      | 2531328     |
| train/                  |             |
|    approx_kl            | 0.002628529 |
|    clip_fraction        | 0.0114      |
|    clip_range           | 0.2         |
|    entropy_loss         | -0.198      |
|    explained_variance   | 0.397       |
|    learning_rate        | 0.0003      |
|    loss                 | 0.511       |
|    n_updates            | 1232        |
|    policy_gradient_loss | -0.00332    |
|    value_loss           | 1.1         |
-----------------------------------------
------------------------------------------
| rollout/                |              |
|    ep_len_mean          | 3.06         |
|    ep_rew_mean          | 0.238        |
| time/                   |              |
|    fps                  | 616          |
|    iterations           | 62           |
|    time_elapsed         | 823          |
|    total_timesteps      | 2539520      |
| train/                  |              |
|    approx_kl            | 0.0026227986 |
|    clip_fraction        | 0.0179       |
|    clip_range           | 0.2          |
|    entropy_loss         | -0.199       |
|    explained_variance   | 0.376        |
|    learning_rate        | 0.0003       |
|    loss                 | 0.539        |
|    n_updates            | 1236         |
|    policy_gradient_loss | -0.00291     |
|    value_loss           | 1.14         |
------------------------------------------
2026-06-05 01:39:50,430 INFO     train — checkpoint saved: truco_threshold_2500000.zip
2026-06-05 01:39:50,440 INFO     train — Progress: 2,500,000 / 5,000,000 steps  (50.0%)  fps=1188  ETA=0h 35m
Logging to /home/guido/Desktop/fac/2026/mmo/truco-py/logs/MaskablePPO_threshold_9
---------------------------------
| rollout/           |          |
|    ep_len_mean     | 3        |
|    ep_rew_mean     | 0.289    |
| time/              |          |
|    fps             | 386      |
|    iterations      | 1        |
|    time_elapsed    | 21       |
|    total_timesteps | 2547712  |
---------------------------------
------------------------------------------
| rollout/                |              |
|    ep_len_mean          | 3.01         |
|    ep_rew_mean          | 0.27         |
| time/                   |              |
|    fps                  | 597          |
|    iterations           | 2            |
|    time_elapsed         | 27           |
|    total_timesteps      | 2555904      |
| train/                  |              |
|    approx_kl            | 0.0017961586 |
|    clip_fraction        | 0.0114       |
|    clip_range           | 0.2          |
|    entropy_loss         | -0.193       |
|    explained_variance   | 0.357        |
|    learning_rate        | 0.0003       |
|    loss                 | 0.577        |
|    n_updates            | 1244         |
|    policy_gradient_loss | -0.00259     |
|    value_loss           | 1.18         |
------------------------------------------
----------------------------------------
| rollout/                |            |
|    ep_len_mean          | 2.92       |
|    ep_rew_mean          | 0.527      |
| time/                   |            |
|    fps                  | 669        |
|    iterations           | 3          |
|    time_elapsed         | 36         |
|    total_timesteps      | 2564096    |
| train/                  |            |
|    approx_kl            | 0.00190018 |
|    clip_fraction        | 0.0122     |
|    clip_range           | 0.2        |
|    entropy_loss         | -0.194     |
|    explained_variance   | 0.348      |
|    learning_rate        | 0.0003     |
|    loss                 | 0.6        |
|    n_updates            | 1248       |
|    policy_gradient_loss | -0.00271   |
|    value_loss           | 1.2        |
----------------------------------------
------------------------------------------
| rollout/                |              |
|    ep_len_mean          | 2.94         |
|    ep_rew_mean          | 0.164        |
| time/                   |              |
|    fps                  | 663          |
|    iterations           | 4            |
|    time_elapsed         | 49           |
|    total_timesteps      | 2572288      |
| train/                  |              |
|    approx_kl            | 0.0020708633 |
|    clip_fraction        | 0.0123       |
|    clip_range           | 0.2          |
|    entropy_loss         | -0.197       |
|    explained_variance   | 0.357        |
|    learning_rate        | 0.0003       |
|    loss                 | 0.537        |
|    n_updates            | 1252         |
|    policy_gradient_loss | -0.00312     |
|    value_loss           | 1.14         |
------------------------------------------
------------------------------------------
| rollout/                |              |
|    ep_len_mean          | 2.98         |
|    ep_rew_mean          | 0.344        |
| time/                   |              |
|    fps                  | 661          |
|    iterations           | 5            |
|    time_elapsed         | 61           |
|    total_timesteps      | 2580480      |
| train/                  |              |
|    approx_kl            | 0.0014819307 |
|    clip_fraction        | 0.00726      |
|    clip_range           | 0.2          |
|    entropy_loss         | -0.19        |
|    explained_variance   | 0.332        |
|    learning_rate        | 0.0003       |
|    loss                 | 0.583        |
|    n_updates            | 1256         |
|    policy_gradient_loss | -0.00222     |
|    value_loss           | 1.24         |
------------------------------------------
------------------------------------------
| rollout/                |              |
|    ep_len_mean          | 2.92         |
|    ep_rew_mean          | 0.227        |
| time/                   |              |
|    fps                  | 650          |
|    iterations           | 6            |
|    time_elapsed         | 75           |
|    total_timesteps      | 2588672      |
| train/                  |              |
|    approx_kl            | 0.0018553548 |
|    clip_fraction        | 0.0121       |
|    clip_range           | 0.2          |
|    entropy_loss         | -0.193       |
|    explained_variance   | 0.361        |
|    learning_rate        | 0.0003       |
|    loss                 | 0.637        |
|    n_updates            | 1260         |
|    policy_gradient_loss | -0.0019      |
|    value_loss           | 1.24         |
------------------------------------------
------------------------------------------
| rollout/                |              |
|    ep_len_mean          | 2.85         |
|    ep_rew_mean          | 0.354        |
| time/                   |              |
|    fps                  | 672          |
|    iterations           | 7            |
|    time_elapsed         | 85           |
|    total_timesteps      | 2596864      |
| train/                  |              |
|    approx_kl            | 0.0021520546 |
|    clip_fraction        | 0.012        |
|    clip_range           | 0.2          |
|    entropy_loss         | -0.194       |
|    explained_variance   | 0.385        |
|    learning_rate        | 0.0003       |
|    loss                 | 0.512        |
|    n_updates            | 1264         |
|    policy_gradient_loss | -0.00344     |
|    value_loss           | 1.09         |
------------------------------------------
-----------------------------------------
| rollout/                |             |
|    ep_len_mean          | 2.95        |
|    ep_rew_mean          | 0.33        |
| time/                   |             |
|    fps                  | 705         |
|    iterations           | 8           |
|    time_elapsed         | 92          |
|    total_timesteps      | 2605056     |
| train/                  |             |
|    approx_kl            | 0.002080761 |
|    clip_fraction        | 0.0122      |
|    clip_range           | 0.2         |
|    entropy_loss         | -0.197      |
|    explained_variance   | 0.368       |
|    learning_rate        | 0.0003      |
|    loss                 | 0.536       |
|    n_updates            | 1268        |
|    policy_gradient_loss | -0.0031     |
|    value_loss           | 1.15        |
-----------------------------------------
-----------------------------------------
| rollout/                |             |
|    ep_len_mean          | 2.85        |
|    ep_rew_mean          | 0.299       |
| time/                   |             |
|    fps                  | 645         |
|    iterations           | 9           |
|    time_elapsed         | 114         |
|    total_timesteps      | 2613248     |
| train/                  |             |
|    approx_kl            | 0.002679397 |
|    clip_fraction        | 0.0154      |
|    clip_range           | 0.2         |
|    entropy_loss         | -0.193      |
|    explained_variance   | 0.367       |
|    learning_rate        | 0.0003      |
|    loss                 | 0.523       |
|    n_updates            | 1272        |
|    policy_gradient_loss | -0.00301    |
|    value_loss           | 1.15        |
-----------------------------------------
------------------------------------------
| rollout/                |              |
|    ep_len_mean          | 2.83         |
|    ep_rew_mean          | 0.419        |
| time/                   |              |
|    fps                  | 599          |
|    iterations           | 10           |
|    time_elapsed         | 136          |
|    total_timesteps      | 2621440      |
| train/                  |              |
|    approx_kl            | 0.0031424928 |
|    clip_fraction        | 0.0143       |
|    clip_range           | 0.2          |
|    entropy_loss         | -0.194       |
|    explained_variance   | 0.4          |
|    learning_rate        | 0.0003       |
|    loss                 | 0.523        |
|    n_updates            | 1276         |
|    policy_gradient_loss | -0.00372     |
|    value_loss           | 1.06         |
------------------------------------------
------------------------------------------
| rollout/                |              |
|    ep_len_mean          | 2.89         |
|    ep_rew_mean          | 0.625        |
| time/                   |              |
|    fps                  | 581          |
|    iterations           | 11           |
|    time_elapsed         | 154          |
|    total_timesteps      | 2629632      |
| train/                  |              |
|    approx_kl            | 0.0028193179 |
|    clip_fraction        | 0.015        |
|    clip_range           | 0.2          |
|    entropy_loss         | -0.197       |
|    explained_variance   | 0.398        |
|    learning_rate        | 0.0003       |
|    loss                 | 0.531        |
|    n_updates            | 1280         |
|    policy_gradient_loss | -0.00378     |
|    value_loss           | 1.08         |
------------------------------------------
------------------------------------------
| rollout/                |              |
|    ep_len_mean          | 2.92         |
|    ep_rew_mean          | 0.214        |
| time/                   |              |
|    fps                  | 582          |
|    iterations           | 12           |
|    time_elapsed         | 168          |
|    total_timesteps      | 2637824      |
| train/                  |              |
|    approx_kl            | 0.0025781826 |
|    clip_fraction        | 0.015        |
|    clip_range           | 0.2          |
|    entropy_loss         | -0.202       |
|    explained_variance   | 0.368        |
|    learning_rate        | 0.0003       |
|    loss                 | 0.579        |
|    n_updates            | 1284         |
|    policy_gradient_loss | -0.0029      |
|    value_loss           | 1.12         |
------------------------------------------
------------------------------------------
| rollout/                |              |
|    ep_len_mean          | 2.93         |
|    ep_rew_mean          | 0.071        |
| time/                   |              |
|    fps                  | 589          |
|    iterations           | 13           |
|    time_elapsed         | 180          |
|    total_timesteps      | 2646016      |
| train/                  |              |
|    approx_kl            | 0.0022934352 |
|    clip_fraction        | 0.011        |
|    clip_range           | 0.2          |
|    entropy_loss         | -0.199       |
|    explained_variance   | 0.353        |
|    learning_rate        | 0.0003       |
|    loss                 | 0.54         |
|    n_updates            | 1288         |
|    policy_gradient_loss | -0.00336     |
|    value_loss           | 1.13         |
------------------------------------------
------------------------------------------
| rollout/                |              |
|    ep_len_mean          | 2.96         |
|    ep_rew_mean          | 0.16         |
| time/                   |              |
|    fps                  | 602          |
|    iterations           | 14           |
|    time_elapsed         | 190          |
|    total_timesteps      | 2654208      |
| train/                  |              |
|    approx_kl            | 0.0021709544 |
|    clip_fraction        | 0.0106       |
|    clip_range           | 0.2          |
|    entropy_loss         | -0.204       |
|    explained_variance   | 0.384        |
|    learning_rate        | 0.0003       |
|    loss                 | 0.521        |
|    n_updates            | 1292         |
|    policy_gradient_loss | -0.00311     |
|    value_loss           | 1.07         |
------------------------------------------
------------------------------------------
| rollout/                |              |
|    ep_len_mean          | 2.78         |
|    ep_rew_mean          | 0.438        |
| time/                   |              |
|    fps                  | 614          |
|    iterations           | 15           |
|    time_elapsed         | 200          |
|    total_timesteps      | 2662400      |
| train/                  |              |
|    approx_kl            | 0.0025064037 |
|    clip_fraction        | 0.0116       |
|    clip_range           | 0.2          |
|    entropy_loss         | -0.205       |
|    explained_variance   | 0.368        |
|    learning_rate        | 0.0003       |
|    loss                 | 0.594        |
|    n_updates            | 1296         |
|    policy_gradient_loss | -0.00346     |
|    value_loss           | 1.14         |
------------------------------------------
------------------------------------------
| rollout/                |              |
|    ep_len_mean          | 2.96         |
|    ep_rew_mean          | 0.218        |
| time/                   |              |
|    fps                  | 619          |
|    iterations           | 16           |
|    time_elapsed         | 211          |
|    total_timesteps      | 2670592      |
| train/                  |              |
|    approx_kl            | 0.0029059285 |
|    clip_fraction        | 0.0158       |
|    clip_range           | 0.2          |
|    entropy_loss         | -0.199       |
|    explained_variance   | 0.377        |
|    learning_rate        | 0.0003       |
|    loss                 | 0.547        |
|    n_updates            | 1300         |
|    policy_gradient_loss | -0.00262     |
|    value_loss           | 1.11         |
------------------------------------------
------------------------------------------
| rollout/                |              |
|    ep_len_mean          | 2.87         |
|    ep_rew_mean          | 0.12         |
| time/                   |              |
|    fps                  | 622          |
|    iterations           | 17           |
|    time_elapsed         | 223          |
|    total_timesteps      | 2678784      |
| train/                  |              |
|    approx_kl            | 0.0027016143 |
|    clip_fraction        | 0.0131       |
|    clip_range           | 0.2          |
|    entropy_loss         | -0.202       |
|    explained_variance   | 0.372        |
|    learning_rate        | 0.0003       |
|    loss                 | 0.546        |
|    n_updates            | 1304         |
|    policy_gradient_loss | -0.00307     |
|    value_loss           | 1.14         |
------------------------------------------
------------------------------------------
| rollout/                |              |
|    ep_len_mean          | 2.91         |
|    ep_rew_mean          | 0.249        |
| time/                   |              |
|    fps                  | 617          |
|    iterations           | 18           |
|    time_elapsed         | 238          |
|    total_timesteps      | 2686976      |
| train/                  |              |
|    approx_kl            | 0.0017045736 |
|    clip_fraction        | 0.0102       |
|    clip_range           | 0.2          |
|    entropy_loss         | -0.201       |
|    explained_variance   | 0.384        |
|    learning_rate        | 0.0003       |
|    loss                 | 0.555        |
|    n_updates            | 1308         |
|    policy_gradient_loss | -0.00327     |
|    value_loss           | 1.13         |
------------------------------------------
-----------------------------------------
| rollout/                |             |
|    ep_len_mean          | 2.97        |
|    ep_rew_mean          | 0.302       |
| time/                   |             |
|    fps                  | 595         |
|    iterations           | 19          |
|    time_elapsed         | 261         |
|    total_timesteps      | 2695168     |
| train/                  |             |
|    approx_kl            | 0.002221439 |
|    clip_fraction        | 0.0113      |
|    clip_range           | 0.2         |
|    entropy_loss         | -0.198      |
|    explained_variance   | 0.378       |
|    learning_rate        | 0.0003      |
|    loss                 | 0.529       |
|    n_updates            | 1312        |
|    policy_gradient_loss | -0.00243    |
|    value_loss           | 1.1         |
-----------------------------------------
-----------------------------------------
| rollout/                |             |
|    ep_len_mean          | 3.08        |
|    ep_rew_mean          | 0.0265      |
| time/                   |             |
|    fps                  | 588         |
|    iterations           | 20          |
|    time_elapsed         | 278         |
|    total_timesteps      | 2703360     |
| train/                  |             |
|    approx_kl            | 0.001956664 |
|    clip_fraction        | 0.0127      |
|    clip_range           | 0.2         |
|    entropy_loss         | -0.205      |
|    explained_variance   | 0.363       |
|    learning_rate        | 0.0003      |
|    loss                 | 0.502       |
|    n_updates            | 1316        |
|    policy_gradient_loss | -0.00316    |
|    value_loss           | 1.1         |
-----------------------------------------
------------------------------------------
| rollout/                |              |
|    ep_len_mean          | 2.85         |
|    ep_rew_mean          | 0.441        |
| time/                   |              |
|    fps                  | 584          |
|    iterations           | 21           |
|    time_elapsed         | 294          |
|    total_timesteps      | 2711552      |
| train/                  |              |
|    approx_kl            | 0.0021671113 |
|    clip_fraction        | 0.0121       |
|    clip_range           | 0.2          |
|    entropy_loss         | -0.201       |
|    explained_variance   | 0.388        |
|    learning_rate        | 0.0003       |
|    loss                 | 0.51         |
|    n_updates            | 1320         |
|    policy_gradient_loss | -0.00337     |
|    value_loss           | 1.09         |
------------------------------------------
------------------------------------------
| rollout/                |              |
|    ep_len_mean          | 2.7          |
|    ep_rew_mean          | 0.267        |
| time/                   |              |
|    fps                  | 599          |
|    iterations           | 22           |
|    time_elapsed         | 300          |
|    total_timesteps      | 2719744      |
| train/                  |              |
|    approx_kl            | 0.0023027703 |
|    clip_fraction        | 0.0145       |
|    clip_range           | 0.2          |
|    entropy_loss         | -0.203       |
|    explained_variance   | 0.387        |
|    learning_rate        | 0.0003       |
|    loss                 | 0.552        |
|    n_updates            | 1324         |
|    policy_gradient_loss | -0.00324     |
|    value_loss           | 1.08         |
------------------------------------------
----------------------------------------
| rollout/                |            |
|    ep_len_mean          | 3.01       |
|    ep_rew_mean          | 0.57       |
| time/                   |            |
|    fps                  | 613        |
|    iterations           | 23         |
|    time_elapsed         | 306        |
|    total_timesteps      | 2727936    |
| train/                  |            |
|    approx_kl            | 0.00216339 |
|    clip_fraction        | 0.0144     |
|    clip_range           | 0.2        |
|    entropy_loss         | -0.196     |
|    explained_variance   | 0.405      |
|    learning_rate        | 0.0003     |
|    loss                 | 0.498      |
|    n_updates            | 1328       |
|    policy_gradient_loss | -0.00336   |
|    value_loss           | 1.04       |
----------------------------------------
------------------------------------------
| rollout/                |              |
|    ep_len_mean          | 2.99         |
|    ep_rew_mean          | 0.173        |
| time/                   |              |
|    fps                  | 627          |
|    iterations           | 24           |
|    time_elapsed         | 313          |
|    total_timesteps      | 2736128      |
| train/                  |              |
|    approx_kl            | 0.0029768213 |
|    clip_fraction        | 0.0177       |
|    clip_range           | 0.2          |
|    entropy_loss         | -0.203       |
|    explained_variance   | 0.379        |
|    learning_rate        | 0.0003       |
|    loss                 | 0.529        |
|    n_updates            | 1332         |
|    policy_gradient_loss | -0.00329     |
|    value_loss           | 1.1          |
------------------------------------------
------------------------------------------
| rollout/                |              |
|    ep_len_mean          | 2.89         |
|    ep_rew_mean          | 0.393        |
| time/                   |              |
|    fps                  | 639          |
|    iterations           | 25           |
|    time_elapsed         | 320          |
|    total_timesteps      | 2744320      |
| train/                  |              |
|    approx_kl            | 0.0022145014 |
|    clip_fraction        | 0.0142       |
|    clip_range           | 0.2          |
|    entropy_loss         | -0.197       |
|    explained_variance   | 0.368        |
|    learning_rate        | 0.0003       |
|    loss                 | 0.53         |
|    n_updates            | 1336         |
|    policy_gradient_loss | -0.00338     |
|    value_loss           | 1.15         |
------------------------------------------
------------------------------------------
| rollout/                |              |
|    ep_len_mean          | 2.97         |
|    ep_rew_mean          | 0.32         |
| time/                   |              |
|    fps                  | 646          |
|    iterations           | 26           |
|    time_elapsed         | 329          |
|    total_timesteps      | 2752512      |
| train/                  |              |
|    approx_kl            | 0.0021748838 |
|    clip_fraction        | 0.0146       |
|    clip_range           | 0.2          |
|    entropy_loss         | -0.207       |
|    explained_variance   | 0.374        |
|    learning_rate        | 0.0003       |
|    loss                 | 0.549        |
|    n_updates            | 1340         |
|    policy_gradient_loss | -0.00317     |
|    value_loss           | 1.12         |
------------------------------------------
-----------------------------------------
| rollout/                |             |
|    ep_len_mean          | 2.93        |
|    ep_rew_mean          | 0.552       |
| time/                   |             |
|    fps                  | 649         |
|    iterations           | 27          |
|    time_elapsed         | 340         |
|    total_timesteps      | 2760704     |
| train/                  |             |
|    approx_kl            | 0.002955692 |
|    clip_fraction        | 0.0171      |
|    clip_range           | 0.2         |
|    entropy_loss         | -0.207      |
|    explained_variance   | 0.375       |
|    learning_rate        | 0.0003      |
|    loss                 | 0.555       |
|    n_updates            | 1344        |
|    policy_gradient_loss | -0.00334    |
|    value_loss           | 1.14        |
-----------------------------------------
------------------------------------------
| rollout/                |              |
|    ep_len_mean          | 2.84         |
|    ep_rew_mean          | 0.00641      |
| time/                   |              |
|    fps                  | 651          |
|    iterations           | 28           |
|    time_elapsed         | 351          |
|    total_timesteps      | 2768896      |
| train/                  |              |
|    approx_kl            | 0.0023503655 |
|    clip_fraction        | 0.0164       |
|    clip_range           | 0.2          |
|    entropy_loss         | -0.21        |
|    explained_variance   | 0.404        |
|    learning_rate        | 0.0003       |
|    loss                 | 0.54         |
|    n_updates            | 1348         |
|    policy_gradient_loss | -0.00356     |
|    value_loss           | 1.09         |
------------------------------------------
------------------------------------------
| rollout/                |              |
|    ep_len_mean          | 2.7          |
|    ep_rew_mean          | 0.332        |
| time/                   |              |
|    fps                  | 650          |
|    iterations           | 29           |
|    time_elapsed         | 365          |
|    total_timesteps      | 2777088      |
| train/                  |              |
|    approx_kl            | 0.0020314083 |
|    clip_fraction        | 0.013        |
|    clip_range           | 0.2          |
|    entropy_loss         | -0.209       |
|    explained_variance   | 0.375        |
|    learning_rate        | 0.0003       |
|    loss                 | 0.551        |
|    n_updates            | 1352         |
|    policy_gradient_loss | -0.00367     |
|    value_loss           | 1.14         |
------------------------------------------
------------------------------------------
| rollout/                |              |
|    ep_len_mean          | 2.77         |
|    ep_rew_mean          | 0.446        |
| time/                   |              |
|    fps                  | 648          |
|    iterations           | 30           |
|    time_elapsed         | 379          |
|    total_timesteps      | 2785280      |
| train/                  |              |
|    approx_kl            | 0.0023574955 |
|    clip_fraction        | 0.0121       |
|    clip_range           | 0.2          |
|    entropy_loss         | -0.21        |
|    explained_variance   | 0.373        |
|    learning_rate        | 0.0003       |
|    loss                 | 0.572        |
|    n_updates            | 1356         |
|    policy_gradient_loss | -0.00311     |
|    value_loss           | 1.17         |
------------------------------------------
------------------------------------------
| rollout/                |              |
|    ep_len_mean          | 2.79         |
|    ep_rew_mean          | 0.0416       |
| time/                   |              |
|    fps                  | 647          |
|    iterations           | 31           |
|    time_elapsed         | 392          |
|    total_timesteps      | 2793472      |
| train/                  |              |
|    approx_kl            | 0.0024885726 |
|    clip_fraction        | 0.0154       |
|    clip_range           | 0.2          |
|    entropy_loss         | -0.204       |
|    explained_variance   | 0.391        |
|    learning_rate        | 0.0003       |
|    loss                 | 0.509        |
|    n_updates            | 1360         |
|    policy_gradient_loss | -0.00346     |
|    value_loss           | 1.16         |
------------------------------------------
------------------------------------------
| rollout/                |              |
|    ep_len_mean          | 2.91         |
|    ep_rew_mean          | 0.344        |
| time/                   |              |
|    fps                  | 648          |
|    iterations           | 32           |
|    time_elapsed         | 404          |
|    total_timesteps      | 2801664      |
| train/                  |              |
|    approx_kl            | 0.0020388956 |
|    clip_fraction        | 0.0135       |
|    clip_range           | 0.2          |
|    entropy_loss         | -0.204       |
|    explained_variance   | 0.388        |
|    learning_rate        | 0.0003       |
|    loss                 | 0.539        |
|    n_updates            | 1364         |
|    policy_gradient_loss | -0.00287     |
|    value_loss           | 1.09         |
------------------------------------------
------------------------------------------
| rollout/                |              |
|    ep_len_mean          | 3.01         |
|    ep_rew_mean          | 0.145        |
| time/                   |              |
|    fps                  | 646          |
|    iterations           | 33           |
|    time_elapsed         | 418          |
|    total_timesteps      | 2809856      |
| train/                  |              |
|    approx_kl            | 0.0019101436 |
|    clip_fraction        | 0.0132       |
|    clip_range           | 0.2          |
|    entropy_loss         | -0.197       |
|    explained_variance   | 0.352        |
|    learning_rate        | 0.0003       |
|    loss                 | 0.549        |
|    n_updates            | 1368         |
|    policy_gradient_loss | -0.0031      |
|    value_loss           | 1.15         |
------------------------------------------
------------------------------------------
| rollout/                |              |
|    ep_len_mean          | 2.92         |
|    ep_rew_mean          | 0.59         |
| time/                   |              |
|    fps                  | 646          |
|    iterations           | 34           |
|    time_elapsed         | 431          |
|    total_timesteps      | 2818048      |
| train/                  |              |
|    approx_kl            | 0.0023030841 |
|    clip_fraction        | 0.0142       |
|    clip_range           | 0.2          |
|    entropy_loss         | -0.201       |
|    explained_variance   | 0.354        |
|    learning_rate        | 0.0003       |
|    loss                 | 0.557        |
|    n_updates            | 1372         |
|    policy_gradient_loss | -0.00321     |
|    value_loss           | 1.18         |
------------------------------------------
-----------------------------------------
| rollout/                |             |
|    ep_len_mean          | 3.02        |
|    ep_rew_mean          | 0.135       |
| time/                   |             |
|    fps                  | 654         |
|    iterations           | 35          |
|    time_elapsed         | 438         |
|    total_timesteps      | 2826240     |
| train/                  |             |
|    approx_kl            | 0.003044394 |
|    clip_fraction        | 0.0164      |
|    clip_range           | 0.2         |
|    entropy_loss         | -0.199      |
|    explained_variance   | 0.387       |
|    learning_rate        | 0.0003      |
|    loss                 | 0.537       |
|    n_updates            | 1376        |
|    policy_gradient_loss | -0.00329    |
|    value_loss           | 1.13        |
-----------------------------------------
------------------------------------------
| rollout/                |              |
|    ep_len_mean          | 3.14         |
|    ep_rew_mean          | 0.393        |
| time/                   |              |
|    fps                  | 661          |
|    iterations           | 36           |
|    time_elapsed         | 445          |
|    total_timesteps      | 2834432      |
| train/                  |              |
|    approx_kl            | 0.0023640166 |
|    clip_fraction        | 0.0113       |
|    clip_range           | 0.2          |
|    entropy_loss         | -0.201       |
|    explained_variance   | 0.388        |
|    learning_rate        | 0.0003       |
|    loss                 | 0.55         |
|    n_updates            | 1380         |
|    policy_gradient_loss | -0.00295     |
|    value_loss           | 1.11         |
------------------------------------------
------------------------------------------
| rollout/                |              |
|    ep_len_mean          | 2.94         |
|    ep_rew_mean          | 0.0423       |
| time/                   |              |
|    fps                  | 662          |
|    iterations           | 37           |
|    time_elapsed         | 457          |
|    total_timesteps      | 2842624      |
| train/                  |              |
|    approx_kl            | 0.0022291855 |
|    clip_fraction        | 0.0103       |
|    clip_range           | 0.2          |
|    entropy_loss         | -0.198       |
|    explained_variance   | 0.384        |
|    learning_rate        | 0.0003       |
|    loss                 | 0.46         |
|    n_updates            | 1384         |
|    policy_gradient_loss | -0.00289     |
|    value_loss           | 1.12         |
------------------------------------------
------------------------------------------
| rollout/                |              |
|    ep_len_mean          | 3.06         |
|    ep_rew_mean          | 0.0534       |
| time/                   |              |
|    fps                  | 661          |
|    iterations           | 38           |
|    time_elapsed         | 470          |
|    total_timesteps      | 2850816      |
| train/                  |              |
|    approx_kl            | 0.0020407434 |
|    clip_fraction        | 0.0116       |
|    clip_range           | 0.2          |
|    entropy_loss         | -0.202       |
|    explained_variance   | 0.398        |
|    learning_rate        | 0.0003       |
|    loss                 | 0.53         |
|    n_updates            | 1388         |
|    policy_gradient_loss | -0.0035      |
|    value_loss           | 1.12         |
------------------------------------------
------------------------------------------
| rollout/                |              |
|    ep_len_mean          | 2.99         |
|    ep_rew_mean          | 0.147        |
| time/                   |              |
|    fps                  | 661          |
|    iterations           | 39           |
|    time_elapsed         | 483          |
|    total_timesteps      | 2859008      |
| train/                  |              |
|    approx_kl            | 0.0024385853 |
|    clip_fraction        | 0.0144       |
|    clip_range           | 0.2          |
|    entropy_loss         | -0.205       |
|    explained_variance   | 0.402        |
|    learning_rate        | 0.0003       |
|    loss                 | 0.479        |
|    n_updates            | 1392         |
|    policy_gradient_loss | -0.00329     |
|    value_loss           | 1.07         |
------------------------------------------
------------------------------------------
| rollout/                |              |
|    ep_len_mean          | 2.83         |
|    ep_rew_mean          | 0.447        |
| time/                   |              |
|    fps                  | 661          |
|    iterations           | 40           |
|    time_elapsed         | 495          |
|    total_timesteps      | 2867200      |
| train/                  |              |
|    approx_kl            | 0.0027665924 |
|    clip_fraction        | 0.0147       |
|    clip_range           | 0.2          |
|    entropy_loss         | -0.2         |
|    explained_variance   | 0.368        |
|    learning_rate        | 0.0003       |
|    loss                 | 0.512        |
|    n_updates            | 1396         |
|    policy_gradient_loss | -0.00328     |
|    value_loss           | 1.11         |
------------------------------------------
-----------------------------------------
| rollout/                |             |
|    ep_len_mean          | 2.83        |
|    ep_rew_mean          | 0.494       |
| time/                   |             |
|    fps                  | 660         |
|    iterations           | 41          |
|    time_elapsed         | 508         |
|    total_timesteps      | 2875392     |
| train/                  |             |
|    approx_kl            | 0.002457116 |
|    clip_fraction        | 0.0123      |
|    clip_range           | 0.2         |
|    entropy_loss         | -0.198      |
|    explained_variance   | 0.378       |
|    learning_rate        | 0.0003      |
|    loss                 | 0.46        |
|    n_updates            | 1400        |
|    policy_gradient_loss | -0.00293    |
|    value_loss           | 1.07        |
-----------------------------------------
------------------------------------------
| rollout/                |              |
|    ep_len_mean          | 2.98         |
|    ep_rew_mean          | 0.353        |
| time/                   |              |
|    fps                  | 663          |
|    iterations           | 42           |
|    time_elapsed         | 518          |
|    total_timesteps      | 2883584      |
| train/                  |              |
|    approx_kl            | 0.0023328527 |
|    clip_fraction        | 0.0128       |
|    clip_range           | 0.2          |
|    entropy_loss         | -0.202       |
|    explained_variance   | 0.381        |
|    learning_rate        | 0.0003       |
|    loss                 | 0.521        |
|    n_updates            | 1404         |
|    policy_gradient_loss | -0.00356     |
|    value_loss           | 1.11         |
------------------------------------------
------------------------------------------
| rollout/                |              |
|    ep_len_mean          | 2.96         |
|    ep_rew_mean          | 0.148        |
| time/                   |              |
|    fps                  | 669          |
|    iterations           | 43           |
|    time_elapsed         | 526          |
|    total_timesteps      | 2891776      |
| train/                  |              |
|    approx_kl            | 0.0026884521 |
|    clip_fraction        | 0.0139       |
|    clip_range           | 0.2          |
|    entropy_loss         | -0.204       |
|    explained_variance   | 0.376        |
|    learning_rate        | 0.0003       |
|    loss                 | 0.554        |
|    n_updates            | 1408         |
|    policy_gradient_loss | -0.00307     |
|    value_loss           | 1.13         |
------------------------------------------
------------------------------------------
| rollout/                |              |
|    ep_len_mean          | 3.06         |
|    ep_rew_mean          | 0.3          |
| time/                   |              |
|    fps                  | 672          |
|    iterations           | 44           |
|    time_elapsed         | 536          |
|    total_timesteps      | 2899968      |
| train/                  |              |
|    approx_kl            | 0.0024495167 |
|    clip_fraction        | 0.0154       |
|    clip_range           | 0.2          |
|    entropy_loss         | -0.202       |
|    explained_variance   | 0.386        |
|    learning_rate        | 0.0003       |
|    loss                 | 0.541        |
|    n_updates            | 1412         |
|    policy_gradient_loss | -0.00344     |
|    value_loss           | 1.09         |
------------------------------------------
------------------------------------------
| rollout/                |              |
|    ep_len_mean          | 2.65         |
|    ep_rew_mean          | 0.131        |
| time/                   |              |
|    fps                  | 671          |
|    iterations           | 45           |
|    time_elapsed         | 548          |
|    total_timesteps      | 2908160      |
| train/                  |              |
|    approx_kl            | 0.0029469226 |
|    clip_fraction        | 0.0141       |
|    clip_range           | 0.2          |
|    entropy_loss         | -0.196       |
|    explained_variance   | 0.377        |
|    learning_rate        | 0.0003       |
|    loss                 | 0.511        |
|    n_updates            | 1416         |
|    policy_gradient_loss | -0.00303     |
|    value_loss           | 1.13         |
------------------------------------------
------------------------------------------
| rollout/                |              |
|    ep_len_mean          | 2.99         |
|    ep_rew_mean          | 0.426        |
| time/                   |              |
|    fps                  | 670          |
|    iterations           | 46           |
|    time_elapsed         | 562          |
|    total_timesteps      | 2916352      |
| train/                  |              |
|    approx_kl            | 0.0022973297 |
|    clip_fraction        | 0.0128       |
|    clip_range           | 0.2          |
|    entropy_loss         | -0.199       |
|    explained_variance   | 0.393        |
|    learning_rate        | 0.0003       |
|    loss                 | 0.557        |
|    n_updates            | 1420         |
|    policy_gradient_loss | -0.00315     |
|    value_loss           | 1.12         |
------------------------------------------
------------------------------------------
| rollout/                |              |
|    ep_len_mean          | 2.91         |
|    ep_rew_mean          | 0.361        |
| time/                   |              |
|    fps                  | 670          |
|    iterations           | 47           |
|    time_elapsed         | 574          |
|    total_timesteps      | 2924544      |
| train/                  |              |
|    approx_kl            | 0.0020914502 |
|    clip_fraction        | 0.00992      |
|    clip_range           | 0.2          |
|    entropy_loss         | -0.201       |
|    explained_variance   | 0.366        |
|    learning_rate        | 0.0003       |
|    loss                 | 0.593        |
|    n_updates            | 1424         |
|    policy_gradient_loss | -0.00269     |
|    value_loss           | 1.12         |
------------------------------------------
------------------------------------------
| rollout/                |              |
|    ep_len_mean          | 2.87         |
|    ep_rew_mean          | 0.368        |
| time/                   |              |
|    fps                  | 669          |
|    iterations           | 48           |
|    time_elapsed         | 587          |
|    total_timesteps      | 2932736      |
| train/                  |              |
|    approx_kl            | 0.0024133073 |
|    clip_fraction        | 0.0151       |
|    clip_range           | 0.2          |
|    entropy_loss         | -0.199       |
|    explained_variance   | 0.337        |
|    learning_rate        | 0.0003       |
|    loss                 | 0.567        |
|    n_updates            | 1428         |
|    policy_gradient_loss | -0.00362     |
|    value_loss           | 1.2          |
------------------------------------------
------------------------------------------
| rollout/                |              |
|    ep_len_mean          | 2.97         |
|    ep_rew_mean          | 0.356        |
| time/                   |              |
|    fps                  | 669          |
|    iterations           | 49           |
|    time_elapsed         | 599          |
|    total_timesteps      | 2940928      |
| train/                  |              |
|    approx_kl            | 0.0017453884 |
|    clip_fraction        | 0.0118       |
|    clip_range           | 0.2          |
|    entropy_loss         | -0.199       |
|    explained_variance   | 0.374        |
|    learning_rate        | 0.0003       |
|    loss                 | 0.499        |
|    n_updates            | 1432         |
|    policy_gradient_loss | -0.00283     |
|    value_loss           | 1.11         |
------------------------------------------
-----------------------------------------
| rollout/                |             |
|    ep_len_mean          | 2.94        |
|    ep_rew_mean          | 0.029       |
| time/                   |             |
|    fps                  | 668         |
|    iterations           | 50          |
|    time_elapsed         | 613         |
|    total_timesteps      | 2949120     |
| train/                  |             |
|    approx_kl            | 0.002589425 |
|    clip_fraction        | 0.0139      |
|    clip_range           | 0.2         |
|    entropy_loss         | -0.194      |
|    explained_variance   | 0.391       |
|    learning_rate        | 0.0003      |
|    loss                 | 0.513       |
|    n_updates            | 1436        |
|    policy_gradient_loss | -0.00318    |
|    value_loss           | 1.07        |
-----------------------------------------
-----------------------------------------
| rollout/                |             |
|    ep_len_mean          | 2.99        |
|    ep_rew_mean          | 0.155       |
| time/                   |             |
|    fps                  | 667         |
|    iterations           | 51          |
|    time_elapsed         | 626         |
|    total_timesteps      | 2957312     |
| train/                  |             |
|    approx_kl            | 0.002740657 |
|    clip_fraction        | 0.0133      |
|    clip_range           | 0.2         |
|    entropy_loss         | -0.197      |
|    explained_variance   | 0.347       |
|    learning_rate        | 0.0003      |
|    loss                 | 0.541       |
|    n_updates            | 1440        |
|    policy_gradient_loss | -0.00334    |
|    value_loss           | 1.16        |
-----------------------------------------
------------------------------------------
| rollout/                |              |
|    ep_len_mean          | 2.87         |
|    ep_rew_mean          | 0.526        |
| time/                   |              |
|    fps                  | 669          |
|    iterations           | 52           |
|    time_elapsed         | 636          |
|    total_timesteps      | 2965504      |
| train/                  |              |
|    approx_kl            | 0.0018731573 |
|    clip_fraction        | 0.0142       |
|    clip_range           | 0.2          |
|    entropy_loss         | -0.194       |
|    explained_variance   | 0.335        |
|    learning_rate        | 0.0003       |
|    loss                 | 0.575        |
|    n_updates            | 1444         |
|    policy_gradient_loss | -0.00287     |
|    value_loss           | 1.23         |
------------------------------------------
------------------------------------------
| rollout/                |              |
|    ep_len_mean          | 2.88         |
|    ep_rew_mean          | 0.149        |
| time/                   |              |
|    fps                  | 668          |
|    iterations           | 53           |
|    time_elapsed         | 649          |
|    total_timesteps      | 2973696      |
| train/                  |              |
|    approx_kl            | 0.0031696463 |
|    clip_fraction        | 0.0155       |
|    clip_range           | 0.2          |
|    entropy_loss         | -0.191       |
|    explained_variance   | 0.383        |
|    learning_rate        | 0.0003       |
|    loss                 | 0.528        |
|    n_updates            | 1448         |
|    policy_gradient_loss | -0.00335     |
|    value_loss           | 1.13         |
------------------------------------------
------------------------------------------
| rollout/                |              |
|    ep_len_mean          | 2.94         |
|    ep_rew_mean          | 0.279        |
| time/                   |              |
|    fps                  | 669          |
|    iterations           | 54           |
|    time_elapsed         | 661          |
|    total_timesteps      | 2981888      |
| train/                  |              |
|    approx_kl            | 0.0025103507 |
|    clip_fraction        | 0.0122       |
|    clip_range           | 0.2          |
|    entropy_loss         | -0.192       |
|    explained_variance   | 0.366        |
|    learning_rate        | 0.0003       |
|    loss                 | 0.546        |
|    n_updates            | 1452         |
|    policy_gradient_loss | -0.00331     |
|    value_loss           | 1.14         |
------------------------------------------
------------------------------------------
| rollout/                |              |
|    ep_len_mean          | 2.84         |
|    ep_rew_mean          | 0.149        |
| time/                   |              |
|    fps                  | 672          |
|    iterations           | 55           |
|    time_elapsed         | 669          |
|    total_timesteps      | 2990080      |
| train/                  |              |
|    approx_kl            | 0.0029349849 |
|    clip_fraction        | 0.0152       |
|    clip_range           | 0.2          |
|    entropy_loss         | -0.192       |
|    explained_variance   | 0.394        |
|    learning_rate        | 0.0003       |
|    loss                 | 0.518        |
|    n_updates            | 1456         |
|    policy_gradient_loss | -0.00345     |
|    value_loss           | 1.09         |
------------------------------------------
-----------------------------------------
| rollout/                |             |
|    ep_len_mean          | 2.75        |
|    ep_rew_mean          | 0.288       |
| time/                   |             |
|    fps                  | 681         |
|    iterations           | 56          |
|    time_elapsed         | 673         |
|    total_timesteps      | 2998272     |
| train/                  |             |
|    approx_kl            | 0.002223081 |
|    clip_fraction        | 0.0122      |
|    clip_range           | 0.2         |
|    entropy_loss         | -0.192      |
|    explained_variance   | 0.397       |
|    learning_rate        | 0.0003      |
|    loss                 | 0.521       |
|    n_updates            | 1460        |
|    policy_gradient_loss | -0.00309    |
|    value_loss           | 1.12        |
-----------------------------------------
------------------------------------------
| rollout/                |              |
|    ep_len_mean          | 2.98         |
|    ep_rew_mean          | 0.394        |
| time/                   |              |
|    fps                  | 689          |
|    iterations           | 57           |
|    time_elapsed         | 676          |
|    total_timesteps      | 3006464      |
| train/                  |              |
|    approx_kl            | 0.0019454896 |
|    clip_fraction        | 0.00964      |
|    clip_range           | 0.2          |
|    entropy_loss         | -0.191       |
|    explained_variance   | 0.394        |
|    learning_rate        | 0.0003       |
|    loss                 | 0.525        |
|    n_updates            | 1464         |
|    policy_gradient_loss | -0.00246     |
|    value_loss           | 1.09         |
------------------------------------------
------------------------------------------
| rollout/                |              |
|    ep_len_mean          | 2.72         |
|    ep_rew_mean          | 0.417        |
| time/                   |              |
|    fps                  | 698          |
|    iterations           | 58           |
|    time_elapsed         | 680          |
|    total_timesteps      | 3014656      |
| train/                  |              |
|    approx_kl            | 0.0024081934 |
|    clip_fraction        | 0.0145       |
|    clip_range           | 0.2          |
|    entropy_loss         | -0.188       |
|    explained_variance   | 0.357        |
|    learning_rate        | 0.0003       |
|    loss                 | 0.51         |
|    n_updates            | 1468         |
|    policy_gradient_loss | -0.00309     |
|    value_loss           | 1.1          |
------------------------------------------
-----------------------------------------
| rollout/                |             |
|    ep_len_mean          | 2.93        |
|    ep_rew_mean          | 0.145       |
| time/                   |             |
|    fps                  | 706         |
|    iterations           | 59          |
|    time_elapsed         | 684         |
|    total_timesteps      | 3022848     |
| train/                  |             |
|    approx_kl            | 0.002441443 |
|    clip_fraction        | 0.0135      |
|    clip_range           | 0.2         |
|    entropy_loss         | -0.192      |
|    explained_variance   | 0.375       |
|    learning_rate        | 0.0003      |
|    loss                 | 0.546       |
|    n_updates            | 1472        |
|    policy_gradient_loss | -0.00308    |
|    value_loss           | 1.16        |
-----------------------------------------
------------------------------------------
| rollout/                |              |
|    ep_len_mean          | 3.02         |
|    ep_rew_mean          | 0.5          |
| time/                   |              |
|    fps                  | 714          |
|    iterations           | 60           |
|    time_elapsed         | 687          |
|    total_timesteps      | 3031040      |
| train/                  |              |
|    approx_kl            | 0.0027325721 |
|    clip_fraction        | 0.0144       |
|    clip_range           | 0.2          |
|    entropy_loss         | -0.184       |
|    explained_variance   | 0.376        |
|    learning_rate        | 0.0003       |
|    loss                 | 0.612        |
|    n_updates            | 1476         |
|    policy_gradient_loss | -0.00319     |
|    value_loss           | 1.11         |
------------------------------------------
------------------------------------------
| rollout/                |              |
|    ep_len_mean          | 3.04         |
|    ep_rew_mean          | 0.00942      |
| time/                   |              |
|    fps                  | 723          |
|    iterations           | 61           |
|    time_elapsed         | 690          |
|    total_timesteps      | 3039232      |
| train/                  |              |
|    approx_kl            | 0.0019463836 |
|    clip_fraction        | 0.0132       |
|    clip_range           | 0.2          |
|    entropy_loss         | -0.182       |
|    explained_variance   | 0.378        |
|    learning_rate        | 0.0003       |
|    loss                 | 0.503        |
|    n_updates            | 1480         |
|    policy_gradient_loss | -0.00291     |
|    value_loss           | 1.08         |
------------------------------------------
------------------------------------------
| rollout/                |              |
|    ep_len_mean          | 2.78         |
|    ep_rew_mean          | 0.317        |
| time/                   |              |
|    fps                  | 731          |
|    iterations           | 62           |
|    time_elapsed         | 694          |
|    total_timesteps      | 3047424      |
| train/                  |              |
|    approx_kl            | 0.0014229703 |
|    clip_fraction        | 0.00909      |
|    clip_range           | 0.2          |
|    entropy_loss         | -0.185       |
|    explained_variance   | 0.361        |
|    learning_rate        | 0.0003       |
|    loss                 | 0.529        |
|    n_updates            | 1484         |
|    policy_gradient_loss | -0.00263     |
|    value_loss           | 1.13         |
------------------------------------------
2026-06-05 01:51:25,187 INFO     train — checkpoint saved: truco_threshold_3000000.zip
2026-06-05 01:51:25,187 INFO     train — Progress: 3,000,000 / 5,000,000 steps  (60.0%)  fps=1072  ETA=0h 31m
Logging to /home/guido/Desktop/fac/2026/mmo/truco-py/logs/MaskablePPO_threshold_9
---------------------------------
| rollout/           |          |
|    ep_len_mean     | 2.96     |
|    ep_rew_mean     | 0.603    |
| time/              |          |
|    fps             | 2307     |
|    iterations      | 1        |
|    time_elapsed    | 3        |
|    total_timesteps | 3055616  |
---------------------------------
-----------------------------------------
| rollout/                |             |
|    ep_len_mean          | 2.67        |
|    ep_rew_mean          | 0.358       |
| time/                   |             |
|    fps                  | 2878        |
|    iterations           | 2           |
|    time_elapsed         | 5           |
|    total_timesteps      | 3063808     |
| train/                  |             |
|    approx_kl            | 0.002378909 |
|    clip_fraction        | 0.0127      |
|    clip_range           | 0.2         |
|    entropy_loss         | -0.19       |
|    explained_variance   | 0.379       |
|    learning_rate        | 0.0003      |
|    loss                 | 0.501       |
|    n_updates            | 1492        |
|    policy_gradient_loss | -0.00294    |
|    value_loss           | 1.09        |
-----------------------------------------
------------------------------------------
| rollout/                |              |
|    ep_len_mean          | 3.08         |
|    ep_rew_mean          | 0.105        |
| time/                   |              |
|    fps                  | 3045         |
|    iterations           | 3            |
|    time_elapsed         | 8            |
|    total_timesteps      | 3072000      |
| train/                  |              |
|    approx_kl            | 0.0018312279 |
|    clip_fraction        | 0.0126       |
|    clip_range           | 0.2          |
|    entropy_loss         | -0.188       |
|    explained_variance   | 0.386        |
|    learning_rate        | 0.0003       |
|    loss                 | 0.518        |
|    n_updates            | 1496         |
|    policy_gradient_loss | -0.00334     |
|    value_loss           | 1.13         |
------------------------------------------
------------------------------------------
| rollout/                |              |
|    ep_len_mean          | 2.88         |
|    ep_rew_mean          | 0.0504       |
| time/                   |              |
|    fps                  | 2756         |
|    iterations           | 4            |
|    time_elapsed         | 11           |
|    total_timesteps      | 3080192      |
| train/                  |              |
|    approx_kl            | 0.0023217662 |
|    clip_fraction        | 0.0129       |
|    clip_range           | 0.2          |
|    entropy_loss         | -0.185       |
|    explained_variance   | 0.355        |
|    learning_rate        | 0.0003       |
|    loss                 | 0.655        |
|    n_updates            | 1500         |
|    policy_gradient_loss | -0.00311     |
|    value_loss           | 1.19         |
------------------------------------------
