
Truco RL Training
  Opponent mode : threshold
  Total steps   : 5,000,000
  Parallel envs : 32
  Shaped reward : False
  Device        : cuda

Using cuda device
Logging to /home/guido/Desktop/fac/2026/mmo/truco-py/logs/MaskablePPO_threshold_7
---------------------------------
| rollout/           |          |
|    ep_len_mean     | 2.76     |
|    ep_rew_mean     | 0.14     |
| time/              |          |
|    fps             | 4933     |
|    iterations      | 1        |
|    time_elapsed    | 3        |
|    total_timesteps | 16384    |
---------------------------------
------------------------------------------
| rollout/                |              |
|    ep_len_mean          | 2.57         |
|    ep_rew_mean          | -0.04        |
| time/                   |              |
|    fps                  | 4287         |
|    iterations           | 2            |
|    time_elapsed         | 7            |
|    total_timesteps      | 32768        |
| train/                  |              |
|    approx_kl            | 0.0048042787 |
|    clip_fraction        | 0.0139       |
|    clip_range           | 0.2          |
|    entropy_loss         | -0.857       |
|    explained_variance   | -0.119       |
|    learning_rate        | 0.0003       |
|    loss                 | 0.325        |
|    n_updates            | 4            |
|    policy_gradient_loss | -0.00626     |
|    value_loss           | 0.716        |
------------------------------------------
------------------------------------------
| rollout/                |              |
|    ep_len_mean          | 2.69         |
|    ep_rew_mean          | -0.01        |
| time/                   |              |
|    fps                  | 4165         |
|    iterations           | 3            |
|    time_elapsed         | 11           |
|    total_timesteps      | 49152        |
| train/                  |              |
|    approx_kl            | 0.0056942725 |
|    clip_fraction        | 0.0225       |
|    clip_range           | 0.2          |
|    entropy_loss         | -0.848       |
|    explained_variance   | 0.0877       |
|    learning_rate        | 0.0003       |
|    loss                 | 0.299        |
|    n_updates            | 8            |
|    policy_gradient_loss | -0.00491     |
|    value_loss           | 0.649        |
------------------------------------------
------------------------------------------
| rollout/                |              |
|    ep_len_mean          | 2.61         |
|    ep_rew_mean          | 0.04         |
| time/                   |              |
|    fps                  | 4098         |
|    iterations           | 4            |
|    time_elapsed         | 15           |
|    total_timesteps      | 65536        |
| train/                  |              |
|    approx_kl            | 0.0058995043 |
|    clip_fraction        | 0.0278       |
|    clip_range           | 0.2          |
|    entropy_loss         | -0.832       |
|    explained_variance   | 0.136        |
|    learning_rate        | 0.0003       |
|    loss                 | 0.285        |
|    n_updates            | 12           |
|    policy_gradient_loss | -0.00521     |
|    value_loss           | 0.617        |
------------------------------------------
------------------------------------------
| rollout/                |              |
|    ep_len_mean          | 2.7          |
|    ep_rew_mean          | 0.16         |
| time/                   |              |
|    fps                  | 3989         |
|    iterations           | 5            |
|    time_elapsed         | 20           |
|    total_timesteps      | 81920        |
| train/                  |              |
|    approx_kl            | 0.0056009097 |
|    clip_fraction        | 0.0271       |
|    clip_range           | 0.2          |
|    entropy_loss         | -0.819       |
|    explained_variance   | 0.212        |
|    learning_rate        | 0.0003       |
|    loss                 | 0.243        |
|    n_updates            | 16           |
|    policy_gradient_loss | -0.00508     |
|    value_loss           | 0.56         |
------------------------------------------
-----------------------------------------
| rollout/                |             |
|    ep_len_mean          | 2.88        |
|    ep_rew_mean          | 0.14        |
| time/                   |             |
|    fps                  | 3950        |
|    iterations           | 6           |
|    time_elapsed         | 24          |
|    total_timesteps      | 98304       |
| train/                  |             |
|    approx_kl            | 0.006255938 |
|    clip_fraction        | 0.0308      |
|    clip_range           | 0.2         |
|    entropy_loss         | -0.802      |
|    explained_variance   | 0.273       |
|    learning_rate        | 0.0003      |
|    loss                 | 0.232       |
|    n_updates            | 20          |
|    policy_gradient_loss | -0.00508    |
|    value_loss           | 0.521       |
-----------------------------------------
------------------------------------------
| rollout/                |              |
|    ep_len_mean          | 2.6          |
|    ep_rew_mean          | 0.06         |
| time/                   |              |
|    fps                  | 3870         |
|    iterations           | 7            |
|    time_elapsed         | 29           |
|    total_timesteps      | 114688       |
| train/                  |              |
|    approx_kl            | 0.0056803697 |
|    clip_fraction        | 0.0245       |
|    clip_range           | 0.2          |
|    entropy_loss         | -0.795       |
|    explained_variance   | 0.332        |
|    learning_rate        | 0.0003       |
|    loss                 | 0.228        |
|    n_updates            | 24           |
|    policy_gradient_loss | -0.0046      |
|    value_loss           | 0.494        |
------------------------------------------
------------------------------------------
| rollout/                |              |
|    ep_len_mean          | 2.82         |
|    ep_rew_mean          | 0            |
| time/                   |              |
|    fps                  | 3833         |
|    iterations           | 8            |
|    time_elapsed         | 34           |
|    total_timesteps      | 131072       |
| train/                  |              |
|    approx_kl            | 0.0054903044 |
|    clip_fraction        | 0.0324       |
|    clip_range           | 0.2          |
|    entropy_loss         | -0.763       |
|    explained_variance   | 0.343        |
|    learning_rate        | 0.0003       |
|    loss                 | 0.214        |
|    n_updates            | 28           |
|    policy_gradient_loss | -0.00514     |
|    value_loss           | 0.485        |
------------------------------------------
-----------------------------------------
| rollout/                |             |
|    ep_len_mean          | 2.66        |
|    ep_rew_mean          | 0.05        |
| time/                   |             |
|    fps                  | 3846        |
|    iterations           | 9           |
|    time_elapsed         | 38          |
|    total_timesteps      | 147456      |
| train/                  |             |
|    approx_kl            | 0.005336495 |
|    clip_fraction        | 0.0313      |
|    clip_range           | 0.2         |
|    entropy_loss         | -0.749      |
|    explained_variance   | 0.371       |
|    learning_rate        | 0.0003      |
|    loss                 | 0.214       |
|    n_updates            | 32          |
|    policy_gradient_loss | -0.00497    |
|    value_loss           | 0.473       |
-----------------------------------------
------------------------------------------
| rollout/                |              |
|    ep_len_mean          | 2.68         |
|    ep_rew_mean          | -0.03        |
| time/                   |              |
|    fps                  | 3820         |
|    iterations           | 10           |
|    time_elapsed         | 42           |
|    total_timesteps      | 163840       |
| train/                  |              |
|    approx_kl            | 0.0058536846 |
|    clip_fraction        | 0.0466       |
|    clip_range           | 0.2          |
|    entropy_loss         | -0.726       |
|    explained_variance   | 0.366        |
|    learning_rate        | 0.0003       |
|    loss                 | 0.219        |
|    n_updates            | 36           |
|    policy_gradient_loss | -0.00585     |
|    value_loss           | 0.48         |
------------------------------------------
------------------------------------------
| rollout/                |              |
|    ep_len_mean          | 2.7          |
|    ep_rew_mean          | -0.05        |
| time/                   |              |
|    fps                  | 3804         |
|    iterations           | 11           |
|    time_elapsed         | 47           |
|    total_timesteps      | 180224       |
| train/                  |              |
|    approx_kl            | 0.0063955467 |
|    clip_fraction        | 0.0502       |
|    clip_range           | 0.2          |
|    entropy_loss         | -0.707       |
|    explained_variance   | 0.361        |
|    learning_rate        | 0.0003       |
|    loss                 | 0.217        |
|    n_updates            | 40           |
|    policy_gradient_loss | -0.00592     |
|    value_loss           | 0.483        |
------------------------------------------
------------------------------------------
| rollout/                |              |
|    ep_len_mean          | 2.76         |
|    ep_rew_mean          | 0.02         |
| time/                   |              |
|    fps                  | 3770         |
|    iterations           | 12           |
|    time_elapsed         | 52           |
|    total_timesteps      | 196608       |
| train/                  |              |
|    approx_kl            | 0.0050653466 |
|    clip_fraction        | 0.0342       |
|    clip_range           | 0.2          |
|    entropy_loss         | -0.683       |
|    explained_variance   | 0.349        |
|    learning_rate        | 0.0003       |
|    loss                 | 0.237        |
|    n_updates            | 44           |
|    policy_gradient_loss | -0.00485     |
|    value_loss           | 0.492        |
------------------------------------------
------------------------------------------
| rollout/                |              |
|    ep_len_mean          | 2.65         |
|    ep_rew_mean          | 0.02         |
| time/                   |              |
|    fps                  | 3732         |
|    iterations           | 13           |
|    time_elapsed         | 57           |
|    total_timesteps      | 212992       |
| train/                  |              |
|    approx_kl            | 0.0053664874 |
|    clip_fraction        | 0.0345       |
|    clip_range           | 0.2          |
|    entropy_loss         | -0.667       |
|    explained_variance   | 0.335        |
|    learning_rate        | 0.0003       |
|    loss                 | 0.243        |
|    n_updates            | 48           |
|    policy_gradient_loss | -0.00503     |
|    value_loss           | 0.503        |
------------------------------------------
-----------------------------------------
| rollout/                |             |
|    ep_len_mean          | 2.79        |
|    ep_rew_mean          | 0.03        |
| time/                   |             |
|    fps                  | 3715        |
|    iterations           | 14          |
|    time_elapsed         | 61          |
|    total_timesteps      | 229376      |
| train/                  |             |
|    approx_kl            | 0.005084957 |
|    clip_fraction        | 0.0378      |
|    clip_range           | 0.2         |
|    entropy_loss         | -0.645      |
|    explained_variance   | 0.339       |
|    learning_rate        | 0.0003      |
|    loss                 | 0.225       |
|    n_updates            | 52          |
|    policy_gradient_loss | -0.00498    |
|    value_loss           | 0.496       |
-----------------------------------------
------------------------------------------
| rollout/                |              |
|    ep_len_mean          | 2.68         |
|    ep_rew_mean          | -0.05        |
| time/                   |              |
|    fps                  | 3704         |
|    iterations           | 15           |
|    time_elapsed         | 66           |
|    total_timesteps      | 245760       |
| train/                  |              |
|    approx_kl            | 0.0045624347 |
|    clip_fraction        | 0.0286       |
|    clip_range           | 0.2          |
|    entropy_loss         | -0.632       |
|    explained_variance   | 0.335        |
|    learning_rate        | 0.0003       |
|    loss                 | 0.231        |
|    n_updates            | 56           |
|    policy_gradient_loss | -0.00477     |
|    value_loss           | 0.499        |
------------------------------------------
-----------------------------------------
| rollout/                |             |
|    ep_len_mean          | 2.9         |
|    ep_rew_mean          | 0.18        |
| time/                   |             |
|    fps                  | 3687        |
|    iterations           | 16          |
|    time_elapsed         | 71          |
|    total_timesteps      | 262144      |
| train/                  |             |
|    approx_kl            | 0.004309443 |
|    clip_fraction        | 0.0295      |
|    clip_range           | 0.2         |
|    entropy_loss         | -0.621      |
|    explained_variance   | 0.36        |
|    learning_rate        | 0.0003      |
|    loss                 | 0.218       |
|    n_updates            | 60          |
|    policy_gradient_loss | -0.00479    |
|    value_loss           | 0.484       |
-----------------------------------------
------------------------------------------
| rollout/                |              |
|    ep_len_mean          | 2.68         |
|    ep_rew_mean          | 0.08         |
| time/                   |              |
|    fps                  | 3678         |
|    iterations           | 17           |
|    time_elapsed         | 75           |
|    total_timesteps      | 278528       |
| train/                  |              |
|    approx_kl            | 0.0044819023 |
|    clip_fraction        | 0.0369       |
|    clip_range           | 0.2          |
|    entropy_loss         | -0.603       |
|    explained_variance   | 0.358        |
|    learning_rate        | 0.0003       |
|    loss                 | 0.223        |
|    n_updates            | 64           |
|    policy_gradient_loss | -0.00542     |
|    value_loss           | 0.48         |
------------------------------------------
-----------------------------------------
| rollout/                |             |
|    ep_len_mean          | 2.79        |
|    ep_rew_mean          | 0.17        |
| time/                   |             |
|    fps                  | 3678        |
|    iterations           | 18          |
|    time_elapsed         | 80          |
|    total_timesteps      | 294912      |
| train/                  |             |
|    approx_kl            | 0.004584287 |
|    clip_fraction        | 0.0253      |
|    clip_range           | 0.2         |
|    entropy_loss         | -0.584      |
|    explained_variance   | 0.355       |
|    learning_rate        | 0.0003      |
|    loss                 | 0.219       |
|    n_updates            | 68          |
|    policy_gradient_loss | -0.00429    |
|    value_loss           | 0.49        |
-----------------------------------------
------------------------------------------
| rollout/                |              |
|    ep_len_mean          | 3.01         |
|    ep_rew_mean          | 0.31         |
| time/                   |              |
|    fps                  | 3673         |
|    iterations           | 19           |
|    time_elapsed         | 84           |
|    total_timesteps      | 311296       |
| train/                  |              |
|    approx_kl            | 0.0045724423 |
|    clip_fraction        | 0.0292       |
|    clip_range           | 0.2          |
|    entropy_loss         | -0.579       |
|    explained_variance   | 0.34         |
|    learning_rate        | 0.0003       |
|    loss                 | 0.228        |
|    n_updates            | 72           |
|    policy_gradient_loss | -0.00456     |
|    value_loss           | 0.494        |
------------------------------------------
-----------------------------------------
| rollout/                |             |
|    ep_len_mean          | 2.86        |
|    ep_rew_mean          | 0.22        |
| time/                   |             |
|    fps                  | 3664        |
|    iterations           | 20          |
|    time_elapsed         | 89          |
|    total_timesteps      | 327680      |
| train/                  |             |
|    approx_kl            | 0.004661609 |
|    clip_fraction        | 0.0298      |
|    clip_range           | 0.2         |
|    entropy_loss         | -0.561      |
|    explained_variance   | 0.34        |
|    learning_rate        | 0.0003      |
|    loss                 | 0.223       |
|    n_updates            | 76          |
|    policy_gradient_loss | -0.00478    |
|    value_loss           | 0.489       |
-----------------------------------------
------------------------------------------
| rollout/                |              |
|    ep_len_mean          | 2.98         |
|    ep_rew_mean          | 0.11         |
| time/                   |              |
|    fps                  | 3660         |
|    iterations           | 21           |
|    time_elapsed         | 93           |
|    total_timesteps      | 344064       |
| train/                  |              |
|    approx_kl            | 0.0040866025 |
|    clip_fraction        | 0.0265       |
|    clip_range           | 0.2          |
|    entropy_loss         | -0.554       |
|    explained_variance   | 0.353        |
|    learning_rate        | 0.0003       |
|    loss                 | 0.226        |
|    n_updates            | 80           |
|    policy_gradient_loss | -0.00454     |
|    value_loss           | 0.493        |
------------------------------------------
------------------------------------------
| rollout/                |              |
|    ep_len_mean          | 2.85         |
|    ep_rew_mean          | 0.07         |
| time/                   |              |
|    fps                  | 3657         |
|    iterations           | 22           |
|    time_elapsed         | 98           |
|    total_timesteps      | 360448       |
| train/                  |              |
|    approx_kl            | 0.0044706664 |
|    clip_fraction        | 0.0276       |
|    clip_range           | 0.2          |
|    entropy_loss         | -0.543       |
|    explained_variance   | 0.355        |
|    learning_rate        | 0.0003       |
|    loss                 | 0.227        |
|    n_updates            | 84           |
|    policy_gradient_loss | -0.00454     |
|    value_loss           | 0.485        |
------------------------------------------
------------------------------------------
| rollout/                |              |
|    ep_len_mean          | 2.88         |
|    ep_rew_mean          | 0.09         |
| time/                   |              |
|    fps                  | 3652         |
|    iterations           | 23           |
|    time_elapsed         | 103          |
|    total_timesteps      | 376832       |
| train/                  |              |
|    approx_kl            | 0.0037332964 |
|    clip_fraction        | 0.0275       |
|    clip_range           | 0.2          |
|    entropy_loss         | -0.527       |
|    explained_variance   | 0.354        |
|    learning_rate        | 0.0003       |
|    loss                 | 0.233        |
|    n_updates            | 88           |
|    policy_gradient_loss | -0.00457     |
|    value_loss           | 0.492        |
------------------------------------------
------------------------------------------
| rollout/                |              |
|    ep_len_mean          | 2.8          |
|    ep_rew_mean          | 0.12         |
| time/                   |              |
|    fps                  | 3646         |
|    iterations           | 24           |
|    time_elapsed         | 107          |
|    total_timesteps      | 393216       |
| train/                  |              |
|    approx_kl            | 0.0045844805 |
|    clip_fraction        | 0.0311       |
|    clip_range           | 0.2          |
|    entropy_loss         | -0.514       |
|    explained_variance   | 0.333        |
|    learning_rate        | 0.0003       |
|    loss                 | 0.226        |
|    n_updates            | 92           |
|    policy_gradient_loss | -0.00457     |
|    value_loss           | 0.493        |
------------------------------------------
------------------------------------------
| rollout/                |              |
|    ep_len_mean          | 2.63         |
|    ep_rew_mean          | 0.18         |
| time/                   |              |
|    fps                  | 3644         |
|    iterations           | 25           |
|    time_elapsed         | 112          |
|    total_timesteps      | 409600       |
| train/                  |              |
|    approx_kl            | 0.0042109285 |
|    clip_fraction        | 0.0273       |
|    clip_range           | 0.2          |
|    entropy_loss         | -0.504       |
|    explained_variance   | 0.342        |
|    learning_rate        | 0.0003       |
|    loss                 | 0.238        |
|    n_updates            | 96           |
|    policy_gradient_loss | -0.00404     |
|    value_loss           | 0.492        |
------------------------------------------
------------------------------------------
| rollout/                |              |
|    ep_len_mean          | 2.76         |
|    ep_rew_mean          | 0.3          |
| time/                   |              |
|    fps                  | 3632         |
|    iterations           | 26           |
|    time_elapsed         | 117          |
|    total_timesteps      | 425984       |
| train/                  |              |
|    approx_kl            | 0.0035930767 |
|    clip_fraction        | 0.0251       |
|    clip_range           | 0.2          |
|    entropy_loss         | -0.489       |
|    explained_variance   | 0.344        |
|    learning_rate        | 0.0003       |
|    loss                 | 0.218        |
|    n_updates            | 100          |
|    policy_gradient_loss | -0.00416     |
|    value_loss           | 0.492        |
------------------------------------------
------------------------------------------
| rollout/                |              |
|    ep_len_mean          | 2.82         |
|    ep_rew_mean          | 0.09         |
| time/                   |              |
|    fps                  | 3627         |
|    iterations           | 27           |
|    time_elapsed         | 121          |
|    total_timesteps      | 442368       |
| train/                  |              |
|    approx_kl            | 0.0035030637 |
|    clip_fraction        | 0.0226       |
|    clip_range           | 0.2          |
|    entropy_loss         | -0.482       |
|    explained_variance   | 0.356        |
|    learning_rate        | 0.0003       |
|    loss                 | 0.234        |
|    n_updates            | 104          |
|    policy_gradient_loss | -0.00376     |
|    value_loss           | 0.481        |
------------------------------------------
------------------------------------------
| rollout/                |              |
|    ep_len_mean          | 2.67         |
|    ep_rew_mean          | 0.04         |
| time/                   |              |
|    fps                  | 3626         |
|    iterations           | 28           |
|    time_elapsed         | 126          |
|    total_timesteps      | 458752       |
| train/                  |              |
|    approx_kl            | 0.0037070177 |
|    clip_fraction        | 0.0244       |
|    clip_range           | 0.2          |
|    entropy_loss         | -0.474       |
|    explained_variance   | 0.342        |
|    learning_rate        | 0.0003       |
|    loss                 | 0.224        |
|    n_updates            | 108          |
|    policy_gradient_loss | -0.00381     |
|    value_loss           | 0.495        |
------------------------------------------
------------------------------------------
| rollout/                |              |
|    ep_len_mean          | 3.01         |
|    ep_rew_mean          | 0.09         |
| time/                   |              |
|    fps                  | 3626         |
|    iterations           | 29           |
|    time_elapsed         | 131          |
|    total_timesteps      | 475136       |
| train/                  |              |
|    approx_kl            | 0.0038482647 |
|    clip_fraction        | 0.0255       |
|    clip_range           | 0.2          |
|    entropy_loss         | -0.468       |
|    explained_variance   | 0.342        |
|    learning_rate        | 0.0003       |
|    loss                 | 0.237        |
|    n_updates            | 112          |
|    policy_gradient_loss | -0.00415     |
|    value_loss           | 0.495        |
------------------------------------------
------------------------------------------
| rollout/                |              |
|    ep_len_mean          | 2.83         |
|    ep_rew_mean          | 0.15         |
| time/                   |              |
|    fps                  | 3631         |
|    iterations           | 30           |
|    time_elapsed         | 135          |
|    total_timesteps      | 491520       |
| train/                  |              |
|    approx_kl            | 0.0034080849 |
|    clip_fraction        | 0.0271       |
|    clip_range           | 0.2          |
|    entropy_loss         | -0.457       |
|    explained_variance   | 0.332        |
|    learning_rate        | 0.0003       |
|    loss                 | 0.236        |
|    n_updates            | 116          |
|    policy_gradient_loss | -0.00433     |
|    value_loss           | 0.496        |
------------------------------------------
------------------------------------------
| rollout/                |              |
|    ep_len_mean          | 2.89         |
|    ep_rew_mean          | 0.06         |
| time/                   |              |
|    fps                  | 3631         |
|    iterations           | 31           |
|    time_elapsed         | 139          |
|    total_timesteps      | 507904       |
| train/                  |              |
|    approx_kl            | 0.0031151073 |
|    clip_fraction        | 0.0177       |
|    clip_range           | 0.2          |
|    entropy_loss         | -0.444       |
|    explained_variance   | 0.351        |
|    learning_rate        | 0.0003       |
|    loss                 | 0.219        |
|    n_updates            | 120          |
|    policy_gradient_loss | -0.00352     |
|    value_loss           | 0.477        |
------------------------------------------
  [checkpoint] saved truco_threshold_500000.zip
Logging to /home/guido/Desktop/fac/2026/mmo/truco-py/logs/MaskablePPO_threshold_7
---------------------------------
| rollout/           |          |
|    ep_len_mean     | 2.65     |
|    ep_rew_mean     | 0.09     |
| time/              |          |
|    fps             | 3674     |
|    iterations      | 1        |
|    time_elapsed    | 4        |
|    total_timesteps | 524288   |
---------------------------------
------------------------------------------
| rollout/                |              |
|    ep_len_mean          | 2.85         |
|    ep_rew_mean          | 0.19         |
| time/                   |              |
|    fps                  | 3670         |
|    iterations           | 2            |
|    time_elapsed         | 8            |
|    total_timesteps      | 540672       |
| train/                  |              |
|    approx_kl            | 0.0031709396 |
|    clip_fraction        | 0.0281       |
|    clip_range           | 0.2          |
|    entropy_loss         | -0.442       |
|    explained_variance   | 0.361        |
|    learning_rate        | 0.0003       |
|    loss                 | 0.227        |
|    n_updates            | 128          |
|    policy_gradient_loss | -0.00397     |
|    value_loss           | 0.477        |
------------------------------------------
----------------------------------------
| rollout/                |            |
|    ep_len_mean          | 2.87       |
|    ep_rew_mean          | 0.14       |
| time/                   |            |
|    fps                  | 3995       |
|    iterations           | 3          |
|    time_elapsed         | 12         |
|    total_timesteps      | 557056     |
| train/                  |            |
|    approx_kl            | 0.00433594 |
|    clip_fraction        | 0.0314     |
|    clip_range           | 0.2        |
|    entropy_loss         | -0.444     |
|    explained_variance   | 0.345      |
|    learning_rate        | 0.0003     |
|    loss                 | 0.225      |
|    n_updates            | 132        |
|    policy_gradient_loss | -0.00454   |
|    value_loss           | 0.478      |
----------------------------------------
-----------------------------------------
| rollout/                |             |
|    ep_len_mean          | 2.72        |
|    ep_rew_mean          | 0.1         |
| time/                   |             |
|    fps                  | 3861        |
|    iterations           | 4           |
|    time_elapsed         | 16          |
|    total_timesteps      | 573440      |
| train/                  |             |
|    approx_kl            | 0.003086958 |
|    clip_fraction        | 0.0191      |
|    clip_range           | 0.2         |
|    entropy_loss         | -0.443      |
|    explained_variance   | 0.358       |
|    learning_rate        | 0.0003      |
|    loss                 | 0.219       |
|    n_updates            | 136         |
|    policy_gradient_loss | -0.00381    |
|    value_loss           | 0.478       |
-----------------------------------------
-----------------------------------------
| rollout/                |             |
|    ep_len_mean          | 2.85        |
|    ep_rew_mean          | 0.24        |
| time/                   |             |
|    fps                  | 3831        |
|    iterations           | 5           |
|    time_elapsed         | 21          |
|    total_timesteps      | 589824      |
| train/                  |             |
|    approx_kl            | 0.002819078 |
|    clip_fraction        | 0.0219      |
|    clip_range           | 0.2         |
|    entropy_loss         | -0.446      |
|    explained_variance   | 0.362       |
|    learning_rate        | 0.0003      |
|    loss                 | 0.216       |
|    n_updates            | 140         |
|    policy_gradient_loss | -0.00406    |
|    value_loss           | 0.474       |
-----------------------------------------
-----------------------------------------
| rollout/                |             |
|    ep_len_mean          | 2.78        |
|    ep_rew_mean          | 0.06        |
| time/                   |             |
|    fps                  | 3879        |
|    iterations           | 6           |
|    time_elapsed         | 25          |
|    total_timesteps      | 606208      |
| train/                  |             |
|    approx_kl            | 0.004247139 |
|    clip_fraction        | 0.0262      |
|    clip_range           | 0.2         |
|    entropy_loss         | -0.453      |
|    explained_variance   | 0.358       |
|    learning_rate        | 0.0003      |
|    loss                 | 0.214       |
|    n_updates            | 144         |
|    policy_gradient_loss | -0.00459    |
|    value_loss           | 0.473       |
-----------------------------------------
------------------------------------------
| rollout/                |              |
|    ep_len_mean          | 2.99         |
|    ep_rew_mean          | -0.04        |
| time/                   |              |
|    fps                  | 3852         |
|    iterations           | 7            |
|    time_elapsed         | 29           |
|    total_timesteps      | 622592       |
| train/                  |              |
|    approx_kl            | 0.0031665938 |
|    clip_fraction        | 0.0182       |
|    clip_range           | 0.2          |
|    entropy_loss         | -0.44        |
|    explained_variance   | 0.373        |
|    learning_rate        | 0.0003       |
|    loss                 | 0.216        |
|    n_updates            | 148          |
|    policy_gradient_loss | -0.00384     |
|    value_loss           | 0.466        |
------------------------------------------
-----------------------------------------
| rollout/                |             |
|    ep_len_mean          | 2.76        |
|    ep_rew_mean          | 0.17        |
| time/                   |             |
|    fps                  | 3825        |
|    iterations           | 8           |
|    time_elapsed         | 34          |
|    total_timesteps      | 638976      |
| train/                  |             |
|    approx_kl            | 0.003861345 |
|    clip_fraction        | 0.027       |
|    clip_range           | 0.2         |
|    entropy_loss         | -0.442      |
|    explained_variance   | 0.368       |
|    learning_rate        | 0.0003      |
|    loss                 | 0.211       |
|    n_updates            | 152         |
|    policy_gradient_loss | -0.00462    |
|    value_loss           | 0.463       |
-----------------------------------------
------------------------------------------
| rollout/                |              |
|    ep_len_mean          | 2.67         |
|    ep_rew_mean          | 0.13         |
| time/                   |              |
|    fps                  | 3790         |
|    iterations           | 9            |
|    time_elapsed         | 38           |
|    total_timesteps      | 655360       |
| train/                  |              |
|    approx_kl            | 0.0033032116 |
|    clip_fraction        | 0.0253       |
|    clip_range           | 0.2          |
|    entropy_loss         | -0.44        |
|    explained_variance   | 0.378        |
|    learning_rate        | 0.0003       |
|    loss                 | 0.223        |
|    n_updates            | 156          |
|    policy_gradient_loss | -0.00425     |
|    value_loss           | 0.467        |
------------------------------------------
------------------------------------------
| rollout/                |              |
|    ep_len_mean          | 2.72         |
|    ep_rew_mean          | 0.06         |
| time/                   |              |
|    fps                  | 3760         |
|    iterations           | 10           |
|    time_elapsed         | 43           |
|    total_timesteps      | 671744       |
| train/                  |              |
|    approx_kl            | 0.0036258101 |
|    clip_fraction        | 0.0274       |
|    clip_range           | 0.2          |
|    entropy_loss         | -0.432       |
|    explained_variance   | 0.367        |
|    learning_rate        | 0.0003       |
|    loss                 | 0.216        |
|    n_updates            | 160          |
|    policy_gradient_loss | -0.00492     |
|    value_loss           | 0.472        |
------------------------------------------
------------------------------------------
| rollout/                |              |
|    ep_len_mean          | 2.67         |
|    ep_rew_mean          | 0.04         |
| time/                   |              |
|    fps                  | 3755         |
|    iterations           | 11           |
|    time_elapsed         | 47           |
|    total_timesteps      | 688128       |
| train/                  |              |
|    approx_kl            | 0.0033951025 |
|    clip_fraction        | 0.0201       |
|    clip_range           | 0.2          |
|    entropy_loss         | -0.424       |
|    explained_variance   | 0.376        |
|    learning_rate        | 0.0003       |
|    loss                 | 0.218        |
|    n_updates            | 164          |
|    policy_gradient_loss | -0.00409     |
|    value_loss           | 0.46         |
------------------------------------------
------------------------------------------
| rollout/                |              |
|    ep_len_mean          | 2.9          |
|    ep_rew_mean          | 0.18         |
| time/                   |              |
|    fps                  | 3726         |
|    iterations           | 12           |
|    time_elapsed         | 52           |
|    total_timesteps      | 704512       |
| train/                  |              |
|    approx_kl            | 0.0031997846 |
|    clip_fraction        | 0.0168       |
|    clip_range           | 0.2          |
|    entropy_loss         | -0.42        |
|    explained_variance   | 0.377        |
|    learning_rate        | 0.0003       |
|    loss                 | 0.206        |
|    n_updates            | 168          |
|    policy_gradient_loss | -0.00392     |
|    value_loss           | 0.462        |
------------------------------------------
------------------------------------------
| rollout/                |              |
|    ep_len_mean          | 2.72         |
|    ep_rew_mean          | 0.19         |
| time/                   |              |
|    fps                  | 3719         |
|    iterations           | 13           |
|    time_elapsed         | 57           |
|    total_timesteps      | 720896       |
| train/                  |              |
|    approx_kl            | 0.0037849227 |
|    clip_fraction        | 0.0277       |
|    clip_range           | 0.2          |
|    entropy_loss         | -0.416       |
|    explained_variance   | 0.372        |
|    learning_rate        | 0.0003       |
|    loss                 | 0.218        |
|    n_updates            | 172          |
|    policy_gradient_loss | -0.00476     |
|    value_loss           | 0.469        |
------------------------------------------
------------------------------------------
| rollout/                |              |
|    ep_len_mean          | 2.98         |
|    ep_rew_mean          | 0.22         |
| time/                   |              |
|    fps                  | 3714         |
|    iterations           | 14           |
|    time_elapsed         | 61           |
|    total_timesteps      | 737280       |
| train/                  |              |
|    approx_kl            | 0.0044344785 |
|    clip_fraction        | 0.0285       |
|    clip_range           | 0.2          |
|    entropy_loss         | -0.403       |
|    explained_variance   | 0.38         |
|    learning_rate        | 0.0003       |
|    loss                 | 0.217        |
|    n_updates            | 176          |
|    policy_gradient_loss | -0.00492     |
|    value_loss           | 0.458        |
------------------------------------------
------------------------------------------
| rollout/                |              |
|    ep_len_mean          | 3.02         |
|    ep_rew_mean          | 0.12         |
| time/                   |              |
|    fps                  | 3707         |
|    iterations           | 15           |
|    time_elapsed         | 66           |
|    total_timesteps      | 753664       |
| train/                  |              |
|    approx_kl            | 0.0036319853 |
|    clip_fraction        | 0.0237       |
|    clip_range           | 0.2          |
|    entropy_loss         | -0.401       |
|    explained_variance   | 0.388        |
|    learning_rate        | 0.0003       |
|    loss                 | 0.206        |
|    n_updates            | 180          |
|    policy_gradient_loss | -0.00498     |
|    value_loss           | 0.452        |
------------------------------------------
------------------------------------------
| rollout/                |              |
|    ep_len_mean          | 2.7          |
|    ep_rew_mean          | 0.27         |
| time/                   |              |
|    fps                  | 3695         |
|    iterations           | 16           |
|    time_elapsed         | 70           |
|    total_timesteps      | 770048       |
| train/                  |              |
|    approx_kl            | 0.0028831358 |
|    clip_fraction        | 0.0223       |
|    clip_range           | 0.2          |
|    entropy_loss         | -0.384       |
|    explained_variance   | 0.389        |
|    learning_rate        | 0.0003       |
|    loss                 | 0.207        |
|    n_updates            | 184          |
|    policy_gradient_loss | -0.00417     |
|    value_loss           | 0.443        |
------------------------------------------
------------------------------------------
| rollout/                |              |
|    ep_len_mean          | 2.92         |
|    ep_rew_mean          | 0.23         |
| time/                   |              |
|    fps                  | 3677         |
|    iterations           | 17           |
|    time_elapsed         | 75           |
|    total_timesteps      | 786432       |
| train/                  |              |
|    approx_kl            | 0.0037214789 |
|    clip_fraction        | 0.0275       |
|    clip_range           | 0.2          |
|    entropy_loss         | -0.385       |
|    explained_variance   | 0.368        |
|    learning_rate        | 0.0003       |
|    loss                 | 0.231        |
|    n_updates            | 188          |
|    policy_gradient_loss | -0.00428     |
|    value_loss           | 0.472        |
------------------------------------------
------------------------------------------
| rollout/                |              |
|    ep_len_mean          | 2.8          |
|    ep_rew_mean          | 0.07         |
| time/                   |              |
|    fps                  | 3668         |
|    iterations           | 18           |
|    time_elapsed         | 80           |
|    total_timesteps      | 802816       |
| train/                  |              |
|    approx_kl            | 0.0031758193 |
|    clip_fraction        | 0.0236       |
|    clip_range           | 0.2          |
|    entropy_loss         | -0.384       |
|    explained_variance   | 0.394        |
|    learning_rate        | 0.0003       |
|    loss                 | 0.216        |
|    n_updates            | 192          |
|    policy_gradient_loss | -0.00392     |
|    value_loss           | 0.45         |
------------------------------------------
------------------------------------------
| rollout/                |              |
|    ep_len_mean          | 2.78         |
|    ep_rew_mean          | 0.15         |
| time/                   |              |
|    fps                  | 3656         |
|    iterations           | 19           |
|    time_elapsed         | 85           |
|    total_timesteps      | 819200       |
| train/                  |              |
|    approx_kl            | 0.0033291688 |
|    clip_fraction        | 0.022        |
|    clip_range           | 0.2          |
|    entropy_loss         | -0.377       |
|    explained_variance   | 0.384        |
|    learning_rate        | 0.0003       |
|    loss                 | 0.205        |
|    n_updates            | 196          |
|    policy_gradient_loss | -0.0044      |
|    value_loss           | 0.454        |
------------------------------------------
------------------------------------------
| rollout/                |              |
|    ep_len_mean          | 2.96         |
|    ep_rew_mean          | 0.3          |
| time/                   |              |
|    fps                  | 3655         |
|    iterations           | 20           |
|    time_elapsed         | 89           |
|    total_timesteps      | 835584       |
| train/                  |              |
|    approx_kl            | 0.0029918384 |
|    clip_fraction        | 0.0226       |
|    clip_range           | 0.2          |
|    entropy_loss         | -0.376       |
|    explained_variance   | 0.378        |
|    learning_rate        | 0.0003       |
|    loss                 | 0.209        |
|    n_updates            | 200          |
|    policy_gradient_loss | -0.00398     |
|    value_loss           | 0.461        |
------------------------------------------
------------------------------------------
| rollout/                |              |
|    ep_len_mean          | 2.9          |
|    ep_rew_mean          | 0.24         |
| time/                   |              |
|    fps                  | 3649         |
|    iterations           | 21           |
|    time_elapsed         | 94           |
|    total_timesteps      | 851968       |
| train/                  |              |
|    approx_kl            | 0.0036025196 |
|    clip_fraction        | 0.0271       |
|    clip_range           | 0.2          |
|    entropy_loss         | -0.37        |
|    explained_variance   | 0.367        |
|    learning_rate        | 0.0003       |
|    loss                 | 0.227        |
|    n_updates            | 204          |
|    policy_gradient_loss | -0.00417     |
|    value_loss           | 0.469        |
------------------------------------------
------------------------------------------
| rollout/                |              |
|    ep_len_mean          | 2.8          |
|    ep_rew_mean          | 0.19         |
| time/                   |              |
|    fps                  | 3652         |
|    iterations           | 22           |
|    time_elapsed         | 98           |
|    total_timesteps      | 868352       |
| train/                  |              |
|    approx_kl            | 0.0034555886 |
|    clip_fraction        | 0.022        |
|    clip_range           | 0.2          |
|    entropy_loss         | -0.371       |
|    explained_variance   | 0.397        |
|    learning_rate        | 0.0003       |
|    loss                 | 0.204        |
|    n_updates            | 208          |
|    policy_gradient_loss | -0.00409     |
|    value_loss           | 0.443        |
------------------------------------------
------------------------------------------
| rollout/                |              |
|    ep_len_mean          | 2.73         |
|    ep_rew_mean          | 0.16         |
| time/                   |              |
|    fps                  | 3650         |
|    iterations           | 23           |
|    time_elapsed         | 103          |
|    total_timesteps      | 884736       |
| train/                  |              |
|    approx_kl            | 0.0030338098 |
|    clip_fraction        | 0.0216       |
|    clip_range           | 0.2          |
|    entropy_loss         | -0.366       |
|    explained_variance   | 0.406        |
|    learning_rate        | 0.0003       |
|    loss                 | 0.206        |
|    n_updates            | 212          |
|    policy_gradient_loss | -0.00424     |
|    value_loss           | 0.443        |
------------------------------------------
------------------------------------------
| rollout/                |              |
|    ep_len_mean          | 2.93         |
|    ep_rew_mean          | 0.13         |
| time/                   |              |
|    fps                  | 3650         |
|    iterations           | 24           |
|    time_elapsed         | 107          |
|    total_timesteps      | 901120       |
| train/                  |              |
|    approx_kl            | 0.0033608861 |
|    clip_fraction        | 0.0232       |
|    clip_range           | 0.2          |
|    entropy_loss         | -0.36        |
|    explained_variance   | 0.393        |
|    learning_rate        | 0.0003       |
|    loss                 | 0.202        |
|    n_updates            | 216          |
|    policy_gradient_loss | -0.00446     |
|    value_loss           | 0.445        |
------------------------------------------
-----------------------------------------
| rollout/                |             |
|    ep_len_mean          | 2.89        |
|    ep_rew_mean          | 0.22        |
| time/                   |             |
|    fps                  | 3645        |
|    iterations           | 25          |
|    time_elapsed         | 112         |
|    total_timesteps      | 917504      |
| train/                  |             |
|    approx_kl            | 0.003596743 |
|    clip_fraction        | 0.0226      |
|    clip_range           | 0.2         |
|    entropy_loss         | -0.356      |
|    explained_variance   | 0.398       |
|    learning_rate        | 0.0003      |
|    loss                 | 0.202       |
|    n_updates            | 220         |
|    policy_gradient_loss | -0.00414    |
|    value_loss           | 0.438       |
-----------------------------------------
------------------------------------------
| rollout/                |              |
|    ep_len_mean          | 2.72         |
|    ep_rew_mean          | 0.17         |
| time/                   |              |
|    fps                  | 3640         |
|    iterations           | 26           |
|    time_elapsed         | 117          |
|    total_timesteps      | 933888       |
| train/                  |              |
|    approx_kl            | 0.0032768587 |
|    clip_fraction        | 0.0204       |
|    clip_range           | 0.2          |
|    entropy_loss         | -0.358       |
|    explained_variance   | 0.388        |
|    learning_rate        | 0.0003       |
|    loss                 | 0.205        |
|    n_updates            | 224          |
|    policy_gradient_loss | -0.00398     |
|    value_loss           | 0.446        |
------------------------------------------
------------------------------------------
| rollout/                |              |
|    ep_len_mean          | 2.87         |
|    ep_rew_mean          | 0.13         |
| time/                   |              |
|    fps                  | 3636         |
|    iterations           | 27           |
|    time_elapsed         | 121          |
|    total_timesteps      | 950272       |
| train/                  |              |
|    approx_kl            | 0.0034137554 |
|    clip_fraction        | 0.0234       |
|    clip_range           | 0.2          |
|    entropy_loss         | -0.351       |
|    explained_variance   | 0.376        |
|    learning_rate        | 0.0003       |
|    loss                 | 0.211        |
|    n_updates            | 228          |
|    policy_gradient_loss | -0.00449     |
|    value_loss           | 0.452        |
------------------------------------------
------------------------------------------
| rollout/                |              |
|    ep_len_mean          | 2.94         |
|    ep_rew_mean          | 0.14         |
| time/                   |              |
|    fps                  | 3636         |
|    iterations           | 28           |
|    time_elapsed         | 126          |
|    total_timesteps      | 966656       |
| train/                  |              |
|    approx_kl            | 0.0029570158 |
|    clip_fraction        | 0.0191       |
|    clip_range           | 0.2          |
|    entropy_loss         | -0.346       |
|    explained_variance   | 0.395        |
|    learning_rate        | 0.0003       |
|    loss                 | 0.209        |
|    n_updates            | 232          |
|    policy_gradient_loss | -0.00391     |
|    value_loss           | 0.443        |
------------------------------------------
-----------------------------------------
| rollout/                |             |
|    ep_len_mean          | 2.7         |
|    ep_rew_mean          | 0.1         |
| time/                   |             |
|    fps                  | 3634        |
|    iterations           | 29          |
|    time_elapsed         | 130         |
|    total_timesteps      | 983040      |
| train/                  |             |
|    approx_kl            | 0.003716067 |
|    clip_fraction        | 0.029       |
|    clip_range           | 0.2         |
|    entropy_loss         | -0.345      |
|    explained_variance   | 0.376       |
|    learning_rate        | 0.0003      |
|    loss                 | 0.218       |
|    n_updates            | 236         |
|    policy_gradient_loss | -0.00439    |
|    value_loss           | 0.459       |
-----------------------------------------
------------------------------------------
| rollout/                |              |
|    ep_len_mean          | 2.77         |
|    ep_rew_mean          | 0.29         |
| time/                   |              |
|    fps                  | 3627         |
|    iterations           | 30           |
|    time_elapsed         | 135          |
|    total_timesteps      | 999424       |
| train/                  |              |
|    approx_kl            | 0.0031687974 |
|    clip_fraction        | 0.026        |
|    clip_range           | 0.2          |
|    entropy_loss         | -0.346       |
|    explained_variance   | 0.402        |
|    learning_rate        | 0.0003       |
|    loss                 | 0.206        |
|    n_updates            | 240          |
|    policy_gradient_loss | -0.00416     |
|    value_loss           | 0.445        |
------------------------------------------
------------------------------------------
| rollout/                |              |
|    ep_len_mean          | 2.67         |
|    ep_rew_mean          | 0.26         |
| time/                   |              |
|    fps                  | 3625         |
|    iterations           | 31           |
|    time_elapsed         | 140          |
|    total_timesteps      | 1015808      |
| train/                  |              |
|    approx_kl            | 0.0026831152 |
|    clip_fraction        | 0.019        |
|    clip_range           | 0.2          |
|    entropy_loss         | -0.338       |
|    explained_variance   | 0.402        |
|    learning_rate        | 0.0003       |
|    loss                 | 0.202        |
|    n_updates            | 244          |
|    policy_gradient_loss | -0.00397     |
|    value_loss           | 0.443        |
------------------------------------------
  [checkpoint] saved truco_threshold_1000000.zip
Logging to /home/guido/Desktop/fac/2026/mmo/truco-py/logs/MaskablePPO_threshold_7
---------------------------------
| rollout/           |          |
|    ep_len_mean     | 2.79     |
|    ep_rew_mean     | 0.15     |
| time/              |          |
|    fps             | 3617     |
|    iterations      | 1        |
|    time_elapsed    | 4        |
|    total_timesteps | 1032192  |
---------------------------------
------------------------------------------
| rollout/                |              |
|    ep_len_mean          | 2.72         |
|    ep_rew_mean          | -0.05        |
| time/                   |              |
|    fps                  | 3527         |
|    iterations           | 2            |
|    time_elapsed         | 9            |
|    total_timesteps      | 1048576      |
| train/                  |              |
|    approx_kl            | 0.0030607458 |
|    clip_fraction        | 0.0181       |
|    clip_range           | 0.2          |
|    entropy_loss         | -0.335       |
|    explained_variance   | 0.397        |
|    learning_rate        | 0.0003       |
|    loss                 | 0.215        |
|    n_updates            | 252          |
|    policy_gradient_loss | -0.00359     |
|    value_loss           | 0.448        |
------------------------------------------
------------------------------------------
| rollout/                |              |
|    ep_len_mean          | 2.75         |
|    ep_rew_mean          | 0.14         |
| time/                   |              |
|    fps                  | 3495         |
|    iterations           | 3            |
|    time_elapsed         | 14           |
|    total_timesteps      | 1064960      |
| train/                  |              |
|    approx_kl            | 0.0029335003 |
|    clip_fraction        | 0.0211       |
|    clip_range           | 0.2          |
|    entropy_loss         | -0.336       |
|    explained_variance   | 0.388        |
|    learning_rate        | 0.0003       |
|    loss                 | 0.202        |
|    n_updates            | 256          |
|    policy_gradient_loss | -0.00381     |
|    value_loss           | 0.45         |
------------------------------------------
------------------------------------------
| rollout/                |              |
|    ep_len_mean          | 2.66         |
|    ep_rew_mean          | 0.26         |
| time/                   |              |
|    fps                  | 3506         |
|    iterations           | 4            |
|    time_elapsed         | 18           |
|    total_timesteps      | 1081344      |
| train/                  |              |
|    approx_kl            | 0.0031468626 |
|    clip_fraction        | 0.0221       |
|    clip_range           | 0.2          |
|    entropy_loss         | -0.333       |
|    explained_variance   | 0.408        |
|    learning_rate        | 0.0003       |
|    loss                 | 0.21         |
|    n_updates            | 260          |
|    policy_gradient_loss | -0.00448     |
|    value_loss           | 0.435        |
------------------------------------------
------------------------------------------
| rollout/                |              |
|    ep_len_mean          | 2.5          |
|    ep_rew_mean          | 0.1          |
| time/                   |              |
|    fps                  | 3508         |
|    iterations           | 5            |
|    time_elapsed         | 23           |
|    total_timesteps      | 1097728      |
| train/                  |              |
|    approx_kl            | 0.0029411055 |
|    clip_fraction        | 0.0181       |
|    clip_range           | 0.2          |
|    entropy_loss         | -0.327       |
|    explained_variance   | 0.399        |
|    learning_rate        | 0.0003       |
|    loss                 | 0.212        |
|    n_updates            | 264          |
|    policy_gradient_loss | -0.0038      |
|    value_loss           | 0.439        |
------------------------------------------
------------------------------------------
| rollout/                |              |
|    ep_len_mean          | 3            |
|    ep_rew_mean          | 0.2          |
| time/                   |              |
|    fps                  | 3518         |
|    iterations           | 6            |
|    time_elapsed         | 27           |
|    total_timesteps      | 1114112      |
| train/                  |              |
|    approx_kl            | 0.0032030984 |
|    clip_fraction        | 0.0209       |
|    clip_range           | 0.2          |
|    entropy_loss         | -0.323       |
|    explained_variance   | 0.401        |
|    learning_rate        | 0.0003       |
|    loss                 | 0.206        |
|    n_updates            | 268          |
|    policy_gradient_loss | -0.00441     |
|    value_loss           | 0.439        |
------------------------------------------
------------------------------------------
| rollout/                |              |
|    ep_len_mean          | 2.94         |
|    ep_rew_mean          | 0.17         |
| time/                   |              |
|    fps                  | 3518         |
|    iterations           | 7            |
|    time_elapsed         | 32           |
|    total_timesteps      | 1130496      |
| train/                  |              |
|    approx_kl            | 0.0030673277 |
|    clip_fraction        | 0.0204       |
|    clip_range           | 0.2          |
|    entropy_loss         | -0.314       |
|    explained_variance   | 0.395        |
|    learning_rate        | 0.0003       |
|    loss                 | 0.205        |
|    n_updates            | 272          |
|    policy_gradient_loss | -0.00393     |
|    value_loss           | 0.439        |
------------------------------------------
------------------------------------------
| rollout/                |              |
|    ep_len_mean          | 2.79         |
|    ep_rew_mean          | 0.15         |
| time/                   |              |
|    fps                  | 3514         |
|    iterations           | 8            |
|    time_elapsed         | 37           |
|    total_timesteps      | 1146880      |
| train/                  |              |
|    approx_kl            | 0.0028756945 |
|    clip_fraction        | 0.0199       |
|    clip_range           | 0.2          |
|    entropy_loss         | -0.323       |
|    explained_variance   | 0.395        |
|    learning_rate        | 0.0003       |
|    loss                 | 0.209        |
|    n_updates            | 276          |
|    policy_gradient_loss | -0.00392     |
|    value_loss           | 0.446        |
------------------------------------------
------------------------------------------
| rollout/                |              |
|    ep_len_mean          | 2.85         |
|    ep_rew_mean          | 0.14         |
| time/                   |              |
|    fps                  | 3519         |
|    iterations           | 9            |
|    time_elapsed         | 41           |
|    total_timesteps      | 1163264      |
| train/                  |              |
|    approx_kl            | 0.0030718027 |
|    clip_fraction        | 0.0229       |
|    clip_range           | 0.2          |
|    entropy_loss         | -0.317       |
|    explained_variance   | 0.408        |
|    learning_rate        | 0.0003       |
|    loss                 | 0.211        |
|    n_updates            | 280          |
|    policy_gradient_loss | -0.00436     |
|    value_loss           | 0.444        |
------------------------------------------
------------------------------------------
| rollout/                |              |
|    ep_len_mean          | 2.72         |
|    ep_rew_mean          | 0.05         |
| time/                   |              |
|    fps                  | 3540         |
|    iterations           | 10           |
|    time_elapsed         | 46           |
|    total_timesteps      | 1179648      |
| train/                  |              |
|    approx_kl            | 0.0027550776 |
|    clip_fraction        | 0.0176       |
|    clip_range           | 0.2          |
|    entropy_loss         | -0.313       |
|    explained_variance   | 0.423        |
|    learning_rate        | 0.0003       |
|    loss                 | 0.198        |
|    n_updates            | 284          |
|    policy_gradient_loss | -0.00378     |
|    value_loss           | 0.427        |
------------------------------------------
------------------------------------------
| rollout/                |              |
|    ep_len_mean          | 2.62         |
|    ep_rew_mean          | 0.17         |
| time/                   |              |
|    fps                  | 3549         |
|    iterations           | 11           |
|    time_elapsed         | 50           |
|    total_timesteps      | 1196032      |
| train/                  |              |
|    approx_kl            | 0.0031975536 |
|    clip_fraction        | 0.022        |
|    clip_range           | 0.2          |
|    entropy_loss         | -0.309       |
|    explained_variance   | 0.388        |
|    learning_rate        | 0.0003       |
|    loss                 | 0.215        |
|    n_updates            | 288          |
|    policy_gradient_loss | -0.00381     |
|    value_loss           | 0.459        |
------------------------------------------
------------------------------------------
| rollout/                |              |
|    ep_len_mean          | 2.76         |
|    ep_rew_mean          | 0.27         |
| time/                   |              |
|    fps                  | 3554         |
|    iterations           | 12           |
|    time_elapsed         | 55           |
|    total_timesteps      | 1212416      |
| train/                  |              |
|    approx_kl            | 0.0028490815 |
|    clip_fraction        | 0.0184       |
|    clip_range           | 0.2          |
|    entropy_loss         | -0.309       |
|    explained_variance   | 0.398        |
|    learning_rate        | 0.0003       |
|    loss                 | 0.215        |
|    n_updates            | 292          |
|    policy_gradient_loss | -0.0035      |
|    value_loss           | 0.449        |
------------------------------------------
------------------------------------------
| rollout/                |              |
|    ep_len_mean          | 2.85         |
|    ep_rew_mean          | 0.35         |
| time/                   |              |
|    fps                  | 3557         |
|    iterations           | 13           |
|    time_elapsed         | 59           |
|    total_timesteps      | 1228800      |
| train/                  |              |
|    approx_kl            | 0.0029145307 |
|    clip_fraction        | 0.0197       |
|    clip_range           | 0.2          |
|    entropy_loss         | -0.304       |
|    explained_variance   | 0.402        |
|    learning_rate        | 0.0003       |
|    loss                 | 0.199        |
|    n_updates            | 296          |
|    policy_gradient_loss | -0.00368     |
|    value_loss           | 0.443        |
------------------------------------------
------------------------------------------
| rollout/                |              |
|    ep_len_mean          | 2.52         |
|    ep_rew_mean          | 0.05         |
| time/                   |              |
|    fps                  | 3557         |
|    iterations           | 14           |
|    time_elapsed         | 64           |
|    total_timesteps      | 1245184      |
| train/                  |              |
|    approx_kl            | 0.0026366732 |
|    clip_fraction        | 0.018        |
|    clip_range           | 0.2          |
|    entropy_loss         | -0.307       |
|    explained_variance   | 0.413        |
|    learning_rate        | 0.0003       |
|    loss                 | 0.207        |
|    n_updates            | 300          |
|    policy_gradient_loss | -0.00366     |
|    value_loss           | 0.438        |
------------------------------------------
------------------------------------------
| rollout/                |              |
|    ep_len_mean          | 2.74         |
|    ep_rew_mean          | 0.25         |
| time/                   |              |
|    fps                  | 3554         |
|    iterations           | 15           |
|    time_elapsed         | 69           |
|    total_timesteps      | 1261568      |
| train/                  |              |
|    approx_kl            | 0.0027142535 |
|    clip_fraction        | 0.0161       |
|    clip_range           | 0.2          |
|    entropy_loss         | -0.301       |
|    explained_variance   | 0.4          |
|    learning_rate        | 0.0003       |
|    loss                 | 0.207        |
|    n_updates            | 304          |
|    policy_gradient_loss | -0.00348     |
|    value_loss           | 0.445        |
------------------------------------------
-----------------------------------------
| rollout/                |             |
|    ep_len_mean          | 2.56        |
|    ep_rew_mean          | 0.29        |
| time/                   |             |
|    fps                  | 3555        |
|    iterations           | 16          |
|    time_elapsed         | 73          |
|    total_timesteps      | 1277952     |
| train/                  |             |
|    approx_kl            | 0.002944972 |
|    clip_fraction        | 0.0197      |
|    clip_range           | 0.2         |
|    entropy_loss         | -0.299      |
|    explained_variance   | 0.409       |
|    learning_rate        | 0.0003      |
|    loss                 | 0.199       |
|    n_updates            | 308         |
|    policy_gradient_loss | -0.00397    |
|    value_loss           | 0.438       |
-----------------------------------------
------------------------------------------
| rollout/                |              |
|    ep_len_mean          | 2.64         |
|    ep_rew_mean          | 0.23         |
| time/                   |              |
|    fps                  | 3550         |
|    iterations           | 17           |
|    time_elapsed         | 78           |
|    total_timesteps      | 1294336      |
| train/                  |              |
|    approx_kl            | 0.0023574529 |
|    clip_fraction        | 0.017        |
|    clip_range           | 0.2          |
|    entropy_loss         | -0.305       |
|    explained_variance   | 0.399        |
|    learning_rate        | 0.0003       |
|    loss                 | 0.216        |
|    n_updates            | 312          |
|    policy_gradient_loss | -0.00318     |
|    value_loss           | 0.445        |
------------------------------------------
------------------------------------------
| rollout/                |              |
|    ep_len_mean          | 2.69         |
|    ep_rew_mean          | 0.32         |
| time/                   |              |
|    fps                  | 3549         |
|    iterations           | 18           |
|    time_elapsed         | 83           |
|    total_timesteps      | 1310720      |
| train/                  |              |
|    approx_kl            | 0.0030048692 |
|    clip_fraction        | 0.0204       |
|    clip_range           | 0.2          |
|    entropy_loss         | -0.298       |
|    explained_variance   | 0.399        |
|    learning_rate        | 0.0003       |
|    loss                 | 0.194        |
|    n_updates            | 316          |
|    policy_gradient_loss | -0.00363     |
|    value_loss           | 0.443        |
------------------------------------------
----------------------------------------
| rollout/                |            |
|    ep_len_mean          | 2.82       |
|    ep_rew_mean          | 0.22       |
| time/                   |            |
|    fps                  | 3548       |
|    iterations           | 19         |
|    time_elapsed         | 87         |
|    total_timesteps      | 1327104    |
| train/                  |            |
|    approx_kl            | 0.00222705 |
|    clip_fraction        | 0.0172     |
|    clip_range           | 0.2        |
|    entropy_loss         | -0.295     |
|    explained_variance   | 0.396      |
|    learning_rate        | 0.0003     |
|    loss                 | 0.211      |
|    n_updates            | 320        |
|    policy_gradient_loss | -0.00338   |
|    value_loss           | 0.447      |
----------------------------------------
------------------------------------------
| rollout/                |              |
|    ep_len_mean          | 2.81         |
|    ep_rew_mean          | 0.34         |
| time/                   |              |
|    fps                  | 3550         |
|    iterations           | 20           |
|    time_elapsed         | 92           |
|    total_timesteps      | 1343488      |
| train/                  |              |
|    approx_kl            | 0.0028144072 |
|    clip_fraction        | 0.0183       |
|    clip_range           | 0.2          |
|    entropy_loss         | -0.302       |
|    explained_variance   | 0.408        |
|    learning_rate        | 0.0003       |
|    loss                 | 0.209        |
|    n_updates            | 324          |
|    policy_gradient_loss | -0.00363     |
|    value_loss           | 0.439        |
------------------------------------------
------------------------------------------
| rollout/                |              |
|    ep_len_mean          | 2.93         |
|    ep_rew_mean          | 0.21         |
| time/                   |              |
|    fps                  | 3556         |
|    iterations           | 21           |
|    time_elapsed         | 96           |
|    total_timesteps      | 1359872      |
| train/                  |              |
|    approx_kl            | 0.0034427736 |
|    clip_fraction        | 0.0208       |
|    clip_range           | 0.2          |
|    entropy_loss         | -0.302       |
|    explained_variance   | 0.402        |
|    learning_rate        | 0.0003       |
|    loss                 | 0.208        |
|    n_updates            | 328          |
|    policy_gradient_loss | -0.00418     |
|    value_loss           | 0.443        |
------------------------------------------
------------------------------------------
| rollout/                |              |
|    ep_len_mean          | 2.72         |
|    ep_rew_mean          | 0.14         |
| time/                   |              |
|    fps                  | 3559         |
|    iterations           | 22           |
|    time_elapsed         | 101          |
|    total_timesteps      | 1376256      |
| train/                  |              |
|    approx_kl            | 0.0033703938 |
|    clip_fraction        | 0.0238       |
|    clip_range           | 0.2          |
|    entropy_loss         | -0.3         |
|    explained_variance   | 0.409        |
|    learning_rate        | 0.0003       |
|    loss                 | 0.201        |
|    n_updates            | 332          |
|    policy_gradient_loss | -0.00371     |
|    value_loss           | 0.434        |
------------------------------------------
------------------------------------------
| rollout/                |              |
|    ep_len_mean          | 2.81         |
|    ep_rew_mean          | 0.28         |
| time/                   |              |
|    fps                  | 3560         |
|    iterations           | 23           |
|    time_elapsed         | 105          |
|    total_timesteps      | 1392640      |
| train/                  |              |
|    approx_kl            | 0.0029973148 |
|    clip_fraction        | 0.0195       |
|    clip_range           | 0.2          |
|    entropy_loss         | -0.304       |
|    explained_variance   | 0.409        |
|    learning_rate        | 0.0003       |
|    loss                 | 0.206        |
|    n_updates            | 336          |
|    policy_gradient_loss | -0.0038      |
|    value_loss           | 0.437        |
------------------------------------------
------------------------------------------
| rollout/                |              |
|    ep_len_mean          | 3.12         |
|    ep_rew_mean          | 0.22         |
| time/                   |              |
|    fps                  | 3563         |
|    iterations           | 24           |
|    time_elapsed         | 110          |
|    total_timesteps      | 1409024      |
| train/                  |              |
|    approx_kl            | 0.0026915749 |
|    clip_fraction        | 0.0182       |
|    clip_range           | 0.2          |
|    entropy_loss         | -0.3         |
|    explained_variance   | 0.409        |
|    learning_rate        | 0.0003       |
|    loss                 | 0.204        |
|    n_updates            | 340          |
|    policy_gradient_loss | -0.00417     |
|    value_loss           | 0.436        |
------------------------------------------
------------------------------------------
| rollout/                |              |
|    ep_len_mean          | 2.8          |
|    ep_rew_mean          | 0.15         |
| time/                   |              |
|    fps                  | 3567         |
|    iterations           | 25           |
|    time_elapsed         | 114          |
|    total_timesteps      | 1425408      |
| train/                  |              |
|    approx_kl            | 0.0026485939 |
|    clip_fraction        | 0.0194       |
|    clip_range           | 0.2          |
|    entropy_loss         | -0.3         |
|    explained_variance   | 0.423        |
|    learning_rate        | 0.0003       |
|    loss                 | 0.203        |
|    n_updates            | 344          |
|    policy_gradient_loss | -0.00365     |
|    value_loss           | 0.43         |
------------------------------------------
------------------------------------------
| rollout/                |              |
|    ep_len_mean          | 2.92         |
|    ep_rew_mean          | 0.33         |
| time/                   |              |
|    fps                  | 3582         |
|    iterations           | 26           |
|    time_elapsed         | 118          |
|    total_timesteps      | 1441792      |
| train/                  |              |
|    approx_kl            | 0.0026615048 |
|    clip_fraction        | 0.0188       |
|    clip_range           | 0.2          |
|    entropy_loss         | -0.291       |
|    explained_variance   | 0.4          |
|    learning_rate        | 0.0003       |
|    loss                 | 0.192        |
|    n_updates            | 348          |
|    policy_gradient_loss | -0.00394     |
|    value_loss           | 0.446        |
------------------------------------------
------------------------------------------
| rollout/                |              |
|    ep_len_mean          | 2.79         |
|    ep_rew_mean          | 0.13         |
| time/                   |              |
|    fps                  | 3586         |
|    iterations           | 27           |
|    time_elapsed         | 123          |
|    total_timesteps      | 1458176      |
| train/                  |              |
|    approx_kl            | 0.0028445926 |
|    clip_fraction        | 0.0193       |
|    clip_range           | 0.2          |
|    entropy_loss         | -0.291       |
|    explained_variance   | 0.417        |
|    learning_rate        | 0.0003       |
|    loss                 | 0.205        |
|    n_updates            | 352          |
|    policy_gradient_loss | -0.00387     |
|    value_loss           | 0.429        |
------------------------------------------
------------------------------------------
| rollout/                |              |
|    ep_len_mean          | 2.71         |
|    ep_rew_mean          | 0.2          |
| time/                   |              |
|    fps                  | 3586         |
|    iterations           | 28           |
|    time_elapsed         | 127          |
|    total_timesteps      | 1474560      |
| train/                  |              |
|    approx_kl            | 0.0028708898 |
|    clip_fraction        | 0.0209       |
|    clip_range           | 0.2          |
|    entropy_loss         | -0.291       |
|    explained_variance   | 0.398        |
|    learning_rate        | 0.0003       |
|    loss                 | 0.21         |
|    n_updates            | 356          |
|    policy_gradient_loss | -0.00354     |
|    value_loss           | 0.451        |
------------------------------------------
------------------------------------------
| rollout/                |              |
|    ep_len_mean          | 2.84         |
|    ep_rew_mean          | 0.29         |
| time/                   |              |
|    fps                  | 3584         |
|    iterations           | 29           |
|    time_elapsed         | 132          |
|    total_timesteps      | 1490944      |
| train/                  |              |
|    approx_kl            | 0.0028949298 |
|    clip_fraction        | 0.0246       |
|    clip_range           | 0.2          |
|    entropy_loss         | -0.283       |
|    explained_variance   | 0.412        |
|    learning_rate        | 0.0003       |
|    loss                 | 0.205        |
|    n_updates            | 360          |
|    policy_gradient_loss | -0.00399     |
|    value_loss           | 0.438        |
------------------------------------------
------------------------------------------
| rollout/                |              |
|    ep_len_mean          | 2.93         |
|    ep_rew_mean          | 0.14         |
| time/                   |              |
|    fps                  | 3585         |
|    iterations           | 30           |
|    time_elapsed         | 137          |
|    total_timesteps      | 1507328      |
| train/                  |              |
|    approx_kl            | 0.0031754423 |
|    clip_fraction        | 0.0224       |
|    clip_range           | 0.2          |
|    entropy_loss         | -0.293       |
|    explained_variance   | 0.41         |
|    learning_rate        | 0.0003       |
|    loss                 | 0.211        |
|    n_updates            | 364          |
|    policy_gradient_loss | -0.00376     |
|    value_loss           | 0.436        |
------------------------------------------
------------------------------------------
| rollout/                |              |
|    ep_len_mean          | 3.01         |
|    ep_rew_mean          | 0.13         |
| time/                   |              |
|    fps                  | 3586         |
|    iterations           | 31           |
|    time_elapsed         | 141          |
|    total_timesteps      | 1523712      |
| train/                  |              |
|    approx_kl            | 0.0029349248 |
|    clip_fraction        | 0.0196       |
|    clip_range           | 0.2          |
|    entropy_loss         | -0.288       |
|    explained_variance   | 0.41         |
|    learning_rate        | 0.0003       |
|    loss                 | 0.214        |
|    n_updates            | 368          |
|    policy_gradient_loss | -0.00385     |
|    value_loss           | 0.444        |
------------------------------------------
  [checkpoint] saved truco_threshold_1500000.zip
Logging to /home/guido/Desktop/fac/2026/mmo/truco-py/logs/MaskablePPO_threshold_7
---------------------------------
| rollout/           |          |
|    ep_len_mean     | 2.76     |
|    ep_rew_mean     | 0.26     |
| time/              |          |
|    fps             | 3612     |
|    iterations      | 1        |
|    time_elapsed    | 4        |
|    total_timesteps | 1540096  |
---------------------------------
-----------------------------------------
| rollout/                |             |
|    ep_len_mean          | 2.62        |
|    ep_rew_mean          | 0.32        |
| time/                   |             |
|    fps                  | 3555        |
|    iterations           | 2           |
|    time_elapsed         | 9           |
|    total_timesteps      | 1556480     |
| train/                  |             |
|    approx_kl            | 0.003130022 |
|    clip_fraction        | 0.022       |
|    clip_range           | 0.2         |
|    entropy_loss         | -0.292      |
|    explained_variance   | 0.415       |
|    learning_rate        | 0.0003      |
|    loss                 | 0.211       |
|    n_updates            | 376         |
|    policy_gradient_loss | -0.00393    |
|    value_loss           | 0.443       |
-----------------------------------------
-----------------------------------------
| rollout/                |             |
|    ep_len_mean          | 2.98        |
|    ep_rew_mean          | 0.18        |
| time/                   |             |
|    fps                  | 3608        |
|    iterations           | 3           |
|    time_elapsed         | 13          |
|    total_timesteps      | 1572864     |
| train/                  |             |
|    approx_kl            | 0.003070261 |
|    clip_fraction        | 0.0181      |
|    clip_range           | 0.2         |
|    entropy_loss         | -0.287      |
|    explained_variance   | 0.403       |
|    learning_rate        | 0.0003      |
|    loss                 | 0.213       |
|    n_updates            | 380         |
|    policy_gradient_loss | -0.00343    |
|    value_loss           | 0.441       |
-----------------------------------------
------------------------------------------
| rollout/                |              |
|    ep_len_mean          | 2.77         |
|    ep_rew_mean          | 0.17         |
| time/                   |              |
|    fps                  | 3608         |
|    iterations           | 4            |
|    time_elapsed         | 18           |
|    total_timesteps      | 1589248      |
| train/                  |              |
|    approx_kl            | 0.0026763815 |
|    clip_fraction        | 0.0194       |
|    clip_range           | 0.2          |
|    entropy_loss         | -0.291       |
|    explained_variance   | 0.417        |
|    learning_rate        | 0.0003       |
|    loss                 | 0.205        |
|    n_updates            | 384          |
|    policy_gradient_loss | -0.00402     |
|    value_loss           | 0.437        |
------------------------------------------
------------------------------------------
| rollout/                |              |
|    ep_len_mean          | 2.81         |
|    ep_rew_mean          | 0.15         |
| time/                   |              |
|    fps                  | 3600         |
|    iterations           | 5            |
|    time_elapsed         | 22           |
|    total_timesteps      | 1605632      |
| train/                  |              |
|    approx_kl            | 0.0029109502 |
|    clip_fraction        | 0.0199       |
|    clip_range           | 0.2          |
|    entropy_loss         | -0.284       |
|    explained_variance   | 0.414        |
|    learning_rate        | 0.0003       |
|    loss                 | 0.203        |
|    n_updates            | 388          |
|    policy_gradient_loss | -0.0038      |
|    value_loss           | 0.43         |
------------------------------------------
-----------------------------------------
| rollout/                |             |
|    ep_len_mean          | 2.73        |
|    ep_rew_mean          | 0.25        |
| time/                   |             |
|    fps                  | 3615        |
|    iterations           | 6           |
|    time_elapsed         | 27          |
|    total_timesteps      | 1622016     |
| train/                  |             |
|    approx_kl            | 0.002576524 |
|    clip_fraction        | 0.0206      |
|    clip_range           | 0.2         |
|    entropy_loss         | -0.284      |
|    explained_variance   | 0.419       |
|    learning_rate        | 0.0003      |
|    loss                 | 0.197       |
|    n_updates            | 392         |
|    policy_gradient_loss | -0.00366    |
|    value_loss           | 0.431       |
-----------------------------------------
------------------------------------------
| rollout/                |              |
|    ep_len_mean          | 2.74         |
|    ep_rew_mean          | 0.2          |
| time/                   |              |
|    fps                  | 3596         |
|    iterations           | 7            |
|    time_elapsed         | 31           |
|    total_timesteps      | 1638400      |
| train/                  |              |
|    approx_kl            | 0.0024722982 |
|    clip_fraction        | 0.0154       |
|    clip_range           | 0.2          |
|    entropy_loss         | -0.285       |
|    explained_variance   | 0.4          |
|    learning_rate        | 0.0003       |
|    loss                 | 0.209        |
|    n_updates            | 396          |
|    policy_gradient_loss | -0.00373     |
|    value_loss           | 0.444        |
------------------------------------------
------------------------------------------
| rollout/                |              |
|    ep_len_mean          | 2.96         |
|    ep_rew_mean          | 0.26         |
| time/                   |              |
|    fps                  | 3582         |
|    iterations           | 8            |
|    time_elapsed         | 36           |
|    total_timesteps      | 1654784      |
| train/                  |              |
|    approx_kl            | 0.0025873343 |
|    clip_fraction        | 0.0179       |
|    clip_range           | 0.2          |
|    entropy_loss         | -0.283       |
|    explained_variance   | 0.401        |
|    learning_rate        | 0.0003       |
|    loss                 | 0.205        |
|    n_updates            | 400          |
|    policy_gradient_loss | -0.00385     |
|    value_loss           | 0.44         |
------------------------------------------
------------------------------------------
| rollout/                |              |
|    ep_len_mean          | 2.71         |
|    ep_rew_mean          | 0.15         |
| time/                   |              |
|    fps                  | 3633         |
|    iterations           | 9            |
|    time_elapsed         | 40           |
|    total_timesteps      | 1671168      |
| train/                  |              |
|    approx_kl            | 0.0029207563 |
|    clip_fraction        | 0.0201       |
|    clip_range           | 0.2          |
|    entropy_loss         | -0.281       |
|    explained_variance   | 0.419        |
|    learning_rate        | 0.0003       |
|    loss                 | 0.201        |
|    n_updates            | 404          |
|    policy_gradient_loss | -0.00417     |
|    value_loss           | 0.427        |
------------------------------------------
------------------------------------------
| rollout/                |              |
|    ep_len_mean          | 2.76         |
|    ep_rew_mean          | 0.29         |
| time/                   |              |
|    fps                  | 3654         |
|    iterations           | 10           |
|    time_elapsed         | 44           |
|    total_timesteps      | 1687552      |
| train/                  |              |
|    approx_kl            | 0.0029758858 |
|    clip_fraction        | 0.0211       |
|    clip_range           | 0.2          |
|    entropy_loss         | -0.292       |
|    explained_variance   | 0.409        |
|    learning_rate        | 0.0003       |
|    loss                 | 0.209        |
|    n_updates            | 408          |
|    policy_gradient_loss | -0.00393     |
|    value_loss           | 0.439        |
------------------------------------------
------------------------------------------
| rollout/                |              |
|    ep_len_mean          | 2.65         |
|    ep_rew_mean          | 0.2          |
| time/                   |              |
|    fps                  | 3654         |
|    iterations           | 11           |
|    time_elapsed         | 49           |
|    total_timesteps      | 1703936      |
| train/                  |              |
|    approx_kl            | 0.0023749075 |
|    clip_fraction        | 0.0171       |
|    clip_range           | 0.2          |
|    entropy_loss         | -0.281       |
|    explained_variance   | 0.413        |
|    learning_rate        | 0.0003       |
|    loss                 | 0.206        |
|    n_updates            | 412          |
|    policy_gradient_loss | -0.00357     |
|    value_loss           | 0.433        |
------------------------------------------
------------------------------------------
| rollout/                |              |
|    ep_len_mean          | 2.9          |
|    ep_rew_mean          | 0.27         |
| time/                   |              |
|    fps                  | 3651         |
|    iterations           | 12           |
|    time_elapsed         | 53           |
|    total_timesteps      | 1720320      |
| train/                  |              |
|    approx_kl            | 0.0026611988 |
|    clip_fraction        | 0.0169       |
|    clip_range           | 0.2          |
|    entropy_loss         | -0.287       |
|    explained_variance   | 0.398        |
|    learning_rate        | 0.0003       |
|    loss                 | 0.203        |
|    n_updates            | 416          |
|    policy_gradient_loss | -0.00397     |
|    value_loss           | 0.448        |
------------------------------------------
-----------------------------------------
| rollout/                |             |
|    ep_len_mean          | 2.79        |
|    ep_rew_mean          | 0.15        |
| time/                   |             |
|    fps                  | 3638        |
|    iterations           | 13          |
|    time_elapsed         | 58          |
|    total_timesteps      | 1736704     |
| train/                  |             |
|    approx_kl            | 0.002501465 |
|    clip_fraction        | 0.0192      |
|    clip_range           | 0.2         |
|    entropy_loss         | -0.286      |
|    explained_variance   | 0.427       |
|    learning_rate        | 0.0003      |
|    loss                 | 0.195       |
|    n_updates            | 420         |
|    policy_gradient_loss | -0.00358    |
|    value_loss           | 0.422       |
-----------------------------------------
-----------------------------------------
| rollout/                |             |
|    ep_len_mean          | 2.81        |
|    ep_rew_mean          | 0.28        |
| time/                   |             |
|    fps                  | 3619        |
|    iterations           | 14          |
|    time_elapsed         | 63          |
|    total_timesteps      | 1753088     |
| train/                  |             |
|    approx_kl            | 0.002788723 |
|    clip_fraction        | 0.0191      |
|    clip_range           | 0.2         |
|    entropy_loss         | -0.288      |
|    explained_variance   | 0.412       |
|    learning_rate        | 0.0003      |
|    loss                 | 0.205       |
|    n_updates            | 424         |
|    policy_gradient_loss | -0.0038     |
|    value_loss           | 0.439       |
-----------------------------------------
------------------------------------------
| rollout/                |              |
|    ep_len_mean          | 2.7          |
|    ep_rew_mean          | 0.11         |
| time/                   |              |
|    fps                  | 3611         |
|    iterations           | 15           |
|    time_elapsed         | 68           |
|    total_timesteps      | 1769472      |
| train/                  |              |
|    approx_kl            | 0.0031249432 |
|    clip_fraction        | 0.0195       |
|    clip_range           | 0.2          |
|    entropy_loss         | -0.286       |
|    explained_variance   | 0.422        |
|    learning_rate        | 0.0003       |
|    loss                 | 0.201        |
|    n_updates            | 428          |
|    policy_gradient_loss | -0.00391     |
|    value_loss           | 0.426        |
------------------------------------------
------------------------------------------
| rollout/                |              |
|    ep_len_mean          | 2.76         |
|    ep_rew_mean          | 0.16         |
| time/                   |              |
|    fps                  | 3609         |
|    iterations           | 16           |
|    time_elapsed         | 72           |
|    total_timesteps      | 1785856      |
| train/                  |              |
|    approx_kl            | 0.0031743082 |
|    clip_fraction        | 0.0213       |
|    clip_range           | 0.2          |
|    entropy_loss         | -0.279       |
|    explained_variance   | 0.397        |
|    learning_rate        | 0.0003       |
|    loss                 | 0.203        |
|    n_updates            | 432          |
|    policy_gradient_loss | -0.00417     |
|    value_loss           | 0.445        |
------------------------------------------
------------------------------------------
| rollout/                |              |
|    ep_len_mean          | 2.95         |
|    ep_rew_mean          | 0.4          |
| time/                   |              |
|    fps                  | 3608         |
|    iterations           | 17           |
|    time_elapsed         | 77           |
|    total_timesteps      | 1802240      |
| train/                  |              |
|    approx_kl            | 0.0029152147 |
|    clip_fraction        | 0.0195       |
|    clip_range           | 0.2          |
|    entropy_loss         | -0.28        |
|    explained_variance   | 0.416        |
|    learning_rate        | 0.0003       |
|    loss                 | 0.202        |
|    n_updates            | 436          |
|    policy_gradient_loss | -0.00429     |
|    value_loss           | 0.436        |
------------------------------------------
------------------------------------------
| rollout/                |              |
|    ep_len_mean          | 2.94         |
|    ep_rew_mean          | 0.21         |
| time/                   |              |
|    fps                  | 3604         |
|    iterations           | 18           |
|    time_elapsed         | 81           |
|    total_timesteps      | 1818624      |
| train/                  |              |
|    approx_kl            | 0.0029996969 |
|    clip_fraction        | 0.0193       |
|    clip_range           | 0.2          |
|    entropy_loss         | -0.271       |
|    explained_variance   | 0.405        |
|    learning_rate        | 0.0003       |
|    loss                 | 0.21         |
|    n_updates            | 440          |
|    policy_gradient_loss | -0.00409     |
|    value_loss           | 0.44         |
------------------------------------------
-----------------------------------------
| rollout/                |             |
|    ep_len_mean          | 2.64        |
|    ep_rew_mean          | 0.26        |
| time/                   |             |
|    fps                  | 3594        |
|    iterations           | 19          |
|    time_elapsed         | 86          |
|    total_timesteps      | 1835008     |
| train/                  |             |
|    approx_kl            | 0.002669149 |
|    clip_fraction        | 0.02        |
|    clip_range           | 0.2         |
|    entropy_loss         | -0.274      |
|    explained_variance   | 0.412       |
|    learning_rate        | 0.0003      |
|    loss                 | 0.206       |
|    n_updates            | 444         |
|    policy_gradient_loss | -0.00392    |
|    value_loss           | 0.434       |
-----------------------------------------
-----------------------------------------
| rollout/                |             |
|    ep_len_mean          | 2.96        |
|    ep_rew_mean          | 0.2         |
| time/                   |             |
|    fps                  | 3596        |
|    iterations           | 20          |
|    time_elapsed         | 91          |
|    total_timesteps      | 1851392     |
| train/                  |             |
|    approx_kl            | 0.002869502 |
|    clip_fraction        | 0.0162      |
|    clip_range           | 0.2         |
|    entropy_loss         | -0.273      |
|    explained_variance   | 0.413       |
|    learning_rate        | 0.0003      |
|    loss                 | 0.189       |
|    n_updates            | 448         |
|    policy_gradient_loss | -0.00375    |
|    value_loss           | 0.435       |
-----------------------------------------
------------------------------------------
| rollout/                |              |
|    ep_len_mean          | 2.95         |
|    ep_rew_mean          | 0.27         |
| time/                   |              |
|    fps                  | 3588         |
|    iterations           | 21           |
|    time_elapsed         | 95           |
|    total_timesteps      | 1867776      |
| train/                  |              |
|    approx_kl            | 0.0029981476 |
|    clip_fraction        | 0.0192       |
|    clip_range           | 0.2          |
|    entropy_loss         | -0.272       |
|    explained_variance   | 0.41         |
|    learning_rate        | 0.0003       |
|    loss                 | 0.197        |
|    n_updates            | 452          |
|    policy_gradient_loss | -0.00404     |
|    value_loss           | 0.439        |
------------------------------------------
------------------------------------------
| rollout/                |              |
|    ep_len_mean          | 2.88         |
|    ep_rew_mean          | 0.23         |
| time/                   |              |
|    fps                  | 3594         |
|    iterations           | 22           |
|    time_elapsed         | 100          |
|    total_timesteps      | 1884160      |
| train/                  |              |
|    approx_kl            | 0.0028069327 |
|    clip_fraction        | 0.0173       |
|    clip_range           | 0.2          |
|    entropy_loss         | -0.271       |
|    explained_variance   | 0.426        |
|    learning_rate        | 0.0003       |
|    loss                 | 0.192        |
|    n_updates            | 456          |
|    policy_gradient_loss | -0.00388     |
|    value_loss           | 0.426        |
------------------------------------------
------------------------------------------
| rollout/                |              |
|    ep_len_mean          | 2.81         |
|    ep_rew_mean          | 0.18         |
| time/                   |              |
|    fps                  | 3596         |
|    iterations           | 23           |
|    time_elapsed         | 104          |
|    total_timesteps      | 1900544      |
| train/                  |              |
|    approx_kl            | 0.0028056644 |
|    clip_fraction        | 0.0215       |
|    clip_range           | 0.2          |
|    entropy_loss         | -0.273       |
|    explained_variance   | 0.428        |
|    learning_rate        | 0.0003       |
|    loss                 | 0.199        |
|    n_updates            | 460          |
|    policy_gradient_loss | -0.00402     |
|    value_loss           | 0.425        |
------------------------------------------
------------------------------------------
| rollout/                |              |
|    ep_len_mean          | 2.79         |
|    ep_rew_mean          | 0.12         |
| time/                   |              |
|    fps                  | 3592         |
|    iterations           | 24           |
|    time_elapsed         | 109          |
|    total_timesteps      | 1916928      |
| train/                  |              |
|    approx_kl            | 0.0030421063 |
|    clip_fraction        | 0.0197       |
|    clip_range           | 0.2          |
|    entropy_loss         | -0.271       |
|    explained_variance   | 0.427        |
|    learning_rate        | 0.0003       |
|    loss                 | 0.195        |
|    n_updates            | 464          |
|    policy_gradient_loss | -0.00434     |
|    value_loss           | 0.426        |
------------------------------------------
------------------------------------------
| rollout/                |              |
|    ep_len_mean          | 2.75         |
|    ep_rew_mean          | 0.23         |
| time/                   |              |
|    fps                  | 3589         |
|    iterations           | 25           |
|    time_elapsed         | 114          |
|    total_timesteps      | 1933312      |
| train/                  |              |
|    approx_kl            | 0.0027514007 |
|    clip_fraction        | 0.0181       |
|    clip_range           | 0.2          |
|    entropy_loss         | -0.275       |
|    explained_variance   | 0.422        |
|    learning_rate        | 0.0003       |
|    loss                 | 0.195        |
|    n_updates            | 468          |
|    policy_gradient_loss | -0.00406     |
|    value_loss           | 0.429        |
------------------------------------------
------------------------------------------
| rollout/                |              |
|    ep_len_mean          | 2.83         |
|    ep_rew_mean          | 0.37         |
| time/                   |              |
|    fps                  | 3592         |
|    iterations           | 26           |
|    time_elapsed         | 118          |
|    total_timesteps      | 1949696      |
| train/                  |              |
|    approx_kl            | 0.0039064744 |
|    clip_fraction        | 0.0278       |
|    clip_range           | 0.2          |
|    entropy_loss         | -0.275       |
|    explained_variance   | 0.429        |
|    learning_rate        | 0.0003       |
|    loss                 | 0.193        |
|    n_updates            | 472          |
|    policy_gradient_loss | -0.00518     |
|    value_loss           | 0.428        |
------------------------------------------
------------------------------------------
| rollout/                |              |
|    ep_len_mean          | 2.81         |
|    ep_rew_mean          | 0.29         |
| time/                   |              |
|    fps                  | 3588         |
|    iterations           | 27           |
|    time_elapsed         | 123          |
|    total_timesteps      | 1966080      |
| train/                  |              |
|    approx_kl            | 0.0030870175 |
|    clip_fraction        | 0.0208       |
|    clip_range           | 0.2          |
|    entropy_loss         | -0.277       |
|    explained_variance   | 0.426        |
|    learning_rate        | 0.0003       |
|    loss                 | 0.202        |
|    n_updates            | 476          |
|    policy_gradient_loss | -0.00447     |
|    value_loss           | 0.429        |
------------------------------------------
------------------------------------------
| rollout/                |              |
|    ep_len_mean          | 2.57         |
|    ep_rew_mean          | 0.29         |
| time/                   |              |
|    fps                  | 3588         |
|    iterations           | 28           |
|    time_elapsed         | 127          |
|    total_timesteps      | 1982464      |
| train/                  |              |
|    approx_kl            | 0.0027053542 |
|    clip_fraction        | 0.0185       |
|    clip_range           | 0.2          |
|    entropy_loss         | -0.276       |
|    explained_variance   | 0.424        |
|    learning_rate        | 0.0003       |
|    loss                 | 0.197        |
|    n_updates            | 480          |
|    policy_gradient_loss | -0.00388     |
|    value_loss           | 0.429        |
------------------------------------------
------------------------------------------
| rollout/                |              |
|    ep_len_mean          | 2.82         |
|    ep_rew_mean          | 0.24         |
| time/                   |              |
|    fps                  | 3585         |
|    iterations           | 29           |
|    time_elapsed         | 132          |
|    total_timesteps      | 1998848      |
| train/                  |              |
|    approx_kl            | 0.0029636417 |
|    clip_fraction        | 0.019        |
|    clip_range           | 0.2          |
|    entropy_loss         | -0.276       |
|    explained_variance   | 0.414        |
|    learning_rate        | 0.0003       |
|    loss                 | 0.199        |
|    n_updates            | 484          |
|    policy_gradient_loss | -0.00434     |
|    value_loss           | 0.436        |
------------------------------------------
------------------------------------------
| rollout/                |              |
|    ep_len_mean          | 2.68         |
|    ep_rew_mean          | 0.19         |
| time/                   |              |
|    fps                  | 3585         |
|    iterations           | 30           |
|    time_elapsed         | 137          |
|    total_timesteps      | 2015232      |
| train/                  |              |
|    approx_kl            | 0.0027480538 |
|    clip_fraction        | 0.0175       |
|    clip_range           | 0.2          |
|    entropy_loss         | -0.272       |
|    explained_variance   | 0.427        |
|    learning_rate        | 0.0003       |
|    loss                 | 0.201        |
|    n_updates            | 488          |
|    policy_gradient_loss | -0.00402     |
|    value_loss           | 0.43         |
------------------------------------------
------------------------------------------
| rollout/                |              |
|    ep_len_mean          | 2.8          |
|    ep_rew_mean          | 0.13         |
| time/                   |              |
|    fps                  | 3580         |
|    iterations           | 31           |
|    time_elapsed         | 141          |
|    total_timesteps      | 2031616      |
| train/                  |              |
|    approx_kl            | 0.0028386516 |
|    clip_fraction        | 0.0201       |
|    clip_range           | 0.2          |
|    entropy_loss         | -0.269       |
|    explained_variance   | 0.409        |
|    learning_rate        | 0.0003       |
|    loss                 | 0.196        |
|    n_updates            | 492          |
|    policy_gradient_loss | -0.00416     |
|    value_loss           | 0.431        |
------------------------------------------
  [checkpoint] saved truco_threshold_2000000.zip
Logging to /home/guido/Desktop/fac/2026/mmo/truco-py/logs/MaskablePPO_threshold_7
---------------------------------
| rollout/           |          |
|    ep_len_mean     | 2.59     |
|    ep_rew_mean     | 0.3      |
| time/              |          |
|    fps             | 3569     |
|    iterations      | 1        |
|    time_elapsed    | 4        |
|    total_timesteps | 2048000  |
---------------------------------
-----------------------------------------
| rollout/                |             |
|    ep_len_mean          | 2.47        |
|    ep_rew_mean          | 0.29        |
| time/                   |             |
|    fps                  | 3618        |
|    iterations           | 2           |
|    time_elapsed         | 9           |
|    total_timesteps      | 2064384     |
| train/                  |             |
|    approx_kl            | 0.002959331 |
|    clip_fraction        | 0.0192      |
|    clip_range           | 0.2         |
|    entropy_loss         | -0.271      |
|    explained_variance   | 0.415       |
|    learning_rate        | 0.0003      |
|    loss                 | 0.198       |
|    n_updates            | 500         |
|    policy_gradient_loss | -0.00423    |
|    value_loss           | 0.438       |
-----------------------------------------
------------------------------------------
| rollout/                |              |
|    ep_len_mean          | 2.7          |
|    ep_rew_mean          | 0.17         |
| time/                   |              |
|    fps                  | 3574         |
|    iterations           | 3            |
|    time_elapsed         | 13           |
|    total_timesteps      | 2080768      |
| train/                  |              |
|    approx_kl            | 0.0030521601 |
|    clip_fraction        | 0.0209       |
|    clip_range           | 0.2          |
|    entropy_loss         | -0.268       |
|    explained_variance   | 0.43         |
|    learning_rate        | 0.0003       |
|    loss                 | 0.198        |
|    n_updates            | 504          |
|    policy_gradient_loss | -0.00438     |
|    value_loss           | 0.417        |
------------------------------------------
------------------------------------------
| rollout/                |              |
|    ep_len_mean          | 2.86         |
|    ep_rew_mean          | 0.35         |
| time/                   |              |
|    fps                  | 3556         |
|    iterations           | 4            |
|    time_elapsed         | 18           |
|    total_timesteps      | 2097152      |
| train/                  |              |
|    approx_kl            | 0.0030290666 |
|    clip_fraction        | 0.022        |
|    clip_range           | 0.2          |
|    entropy_loss         | -0.272       |
|    explained_variance   | 0.423        |
|    learning_rate        | 0.0003       |
|    loss                 | 0.205        |
|    n_updates            | 508          |
|    policy_gradient_loss | -0.00443     |
|    value_loss           | 0.435        |
------------------------------------------
------------------------------------------
| rollout/                |              |
|    ep_len_mean          | 2.66         |
|    ep_rew_mean          | -0.02        |
| time/                   |              |
|    fps                  | 3575         |
|    iterations           | 5            |
|    time_elapsed         | 22           |
|    total_timesteps      | 2113536      |
| train/                  |              |
|    approx_kl            | 0.0030207513 |
|    clip_fraction        | 0.0204       |
|    clip_range           | 0.2          |
|    entropy_loss         | -0.267       |
|    explained_variance   | 0.433        |
|    learning_rate        | 0.0003       |
|    loss                 | 0.209        |
|    n_updates            | 512          |
|    policy_gradient_loss | -0.00412     |
|    value_loss           | 0.42         |
------------------------------------------
------------------------------------------
| rollout/                |              |
|    ep_len_mean          | 2.79         |
|    ep_rew_mean          | 0.28         |
| time/                   |              |
|    fps                  | 3569         |
|    iterations           | 6            |
|    time_elapsed         | 27           |
|    total_timesteps      | 2129920      |
| train/                  |              |
|    approx_kl            | 0.0031170554 |
|    clip_fraction        | 0.0204       |
|    clip_range           | 0.2          |
|    entropy_loss         | -0.269       |
|    explained_variance   | 0.41         |
|    learning_rate        | 0.0003       |
|    loss                 | 0.192        |
|    n_updates            | 516          |
|    policy_gradient_loss | -0.00428     |
|    value_loss           | 0.432        |
------------------------------------------
------------------------------------------
| rollout/                |              |
|    ep_len_mean          | 2.71         |
|    ep_rew_mean          | 0.25         |
| time/                   |              |
|    fps                  | 3558         |
|    iterations           | 7            |
|    time_elapsed         | 32           |
|    total_timesteps      | 2146304      |
| train/                  |              |
|    approx_kl            | 0.0025845054 |
|    clip_fraction        | 0.0178       |
|    clip_range           | 0.2          |
|    entropy_loss         | -0.268       |
|    explained_variance   | 0.432        |
|    learning_rate        | 0.0003       |
|    loss                 | 0.198        |
|    n_updates            | 520          |
|    policy_gradient_loss | -0.00398     |
|    value_loss           | 0.427        |
------------------------------------------
------------------------------------------
| rollout/                |              |
|    ep_len_mean          | 2.63         |
|    ep_rew_mean          | 0.26         |
| time/                   |              |
|    fps                  | 3557         |
|    iterations           | 8            |
|    time_elapsed         | 36           |
|    total_timesteps      | 2162688      |
| train/                  |              |
|    approx_kl            | 0.0032700663 |
|    clip_fraction        | 0.0236       |
|    clip_range           | 0.2          |
|    entropy_loss         | -0.268       |
|    explained_variance   | 0.433        |
|    learning_rate        | 0.0003       |
|    loss                 | 0.189        |
|    n_updates            | 524          |
|    policy_gradient_loss | -0.0043      |
|    value_loss           | 0.416        |
------------------------------------------
------------------------------------------
| rollout/                |              |
|    ep_len_mean          | 2.87         |
|    ep_rew_mean          | 0.3          |
| time/                   |              |
|    fps                  | 3542         |
|    iterations           | 9            |
|    time_elapsed         | 41           |
|    total_timesteps      | 2179072      |
| train/                  |              |
|    approx_kl            | 0.0027583481 |
|    clip_fraction        | 0.0189       |
|    clip_range           | 0.2          |
|    entropy_loss         | -0.266       |
|    explained_variance   | 0.425        |
|    learning_rate        | 0.0003       |
|    loss                 | 0.202        |
|    n_updates            | 528          |
|    policy_gradient_loss | -0.00397     |
|    value_loss           | 0.426        |
------------------------------------------
------------------------------------------
| rollout/                |              |
|    ep_len_mean          | 2.76         |
|    ep_rew_mean          | 0.13         |
| time/                   |              |
|    fps                  | 3548         |
|    iterations           | 10           |
|    time_elapsed         | 46           |
|    total_timesteps      | 2195456      |
| train/                  |              |
|    approx_kl            | 0.0028305645 |
|    clip_fraction        | 0.0183       |
|    clip_range           | 0.2          |
|    entropy_loss         | -0.265       |
|    explained_variance   | 0.423        |
|    learning_rate        | 0.0003       |
|    loss                 | 0.185        |
|    n_updates            | 532          |
|    policy_gradient_loss | -0.00413     |
|    value_loss           | 0.424        |
------------------------------------------
------------------------------------------
| rollout/                |              |
|    ep_len_mean          | 2.64         |
|    ep_rew_mean          | 0.13         |
| time/                   |              |
|    fps                  | 3548         |
|    iterations           | 11           |
|    time_elapsed         | 50           |
|    total_timesteps      | 2211840      |
| train/                  |              |
|    approx_kl            | 0.0031761015 |
|    clip_fraction        | 0.0205       |
|    clip_range           | 0.2          |
|    entropy_loss         | -0.261       |
|    explained_variance   | 0.422        |
|    learning_rate        | 0.0003       |
|    loss                 | 0.202        |
|    n_updates            | 536          |
|    policy_gradient_loss | -0.00393     |
|    value_loss           | 0.428        |
------------------------------------------
------------------------------------------
| rollout/                |              |
|    ep_len_mean          | 2.91         |
|    ep_rew_mean          | 0.22         |
| time/                   |              |
|    fps                  | 3551         |
|    iterations           | 12           |
|    time_elapsed         | 55           |
|    total_timesteps      | 2228224      |
| train/                  |              |
|    approx_kl            | 0.0026964736 |
|    clip_fraction        | 0.0215       |
|    clip_range           | 0.2          |
|    entropy_loss         | -0.267       |
|    explained_variance   | 0.419        |
|    learning_rate        | 0.0003       |
|    loss                 | 0.202        |
|    n_updates            | 540          |
|    policy_gradient_loss | -0.0046      |
|    value_loss           | 0.425        |
------------------------------------------
-----------------------------------------
| rollout/                |             |
|    ep_len_mean          | 2.72        |
|    ep_rew_mean          | 0.17        |
| time/                   |             |
|    fps                  | 3545        |
|    iterations           | 13          |
|    time_elapsed         | 60          |
|    total_timesteps      | 2244608     |
| train/                  |             |
|    approx_kl            | 0.002476629 |
|    clip_fraction        | 0.0152      |
|    clip_range           | 0.2         |
|    entropy_loss         | -0.271      |
|    explained_variance   | 0.422       |
|    learning_rate        | 0.0003      |
|    loss                 | 0.204       |
|    n_updates            | 544         |
|    policy_gradient_loss | -0.00417    |
|    value_loss           | 0.424       |
-----------------------------------------
------------------------------------------
| rollout/                |              |
|    ep_len_mean          | 2.71         |
|    ep_rew_mean          | 0.21         |
| time/                   |              |
|    fps                  | 3549         |
|    iterations           | 14           |
|    time_elapsed         | 64           |
|    total_timesteps      | 2260992      |
| train/                  |              |
|    approx_kl            | 0.0024465132 |
|    clip_fraction        | 0.0141       |
|    clip_range           | 0.2          |
|    entropy_loss         | -0.269       |
|    explained_variance   | 0.439        |
|    learning_rate        | 0.0003       |
|    loss                 | 0.21         |
|    n_updates            | 548          |
|    policy_gradient_loss | -0.004       |
|    value_loss           | 0.422        |
------------------------------------------
------------------------------------------
| rollout/                |              |
|    ep_len_mean          | 2.83         |
|    ep_rew_mean          | 0.16         |
| time/                   |              |
|    fps                  | 3559         |
|    iterations           | 15           |
|    time_elapsed         | 69           |
|    total_timesteps      | 2277376      |
| train/                  |              |
|    approx_kl            | 0.0027730155 |
|    clip_fraction        | 0.0199       |
|    clip_range           | 0.2          |
|    entropy_loss         | -0.269       |
|    explained_variance   | 0.422        |
|    learning_rate        | 0.0003       |
|    loss                 | 0.199        |
|    n_updates            | 552          |
|    policy_gradient_loss | -0.00413     |
|    value_loss           | 0.43         |
------------------------------------------
------------------------------------------
| rollout/                |              |
|    ep_len_mean          | 2.84         |
|    ep_rew_mean          | 0.16         |
| time/                   |              |
|    fps                  | 3557         |
|    iterations           | 16           |
|    time_elapsed         | 73           |
|    total_timesteps      | 2293760      |
| train/                  |              |
|    approx_kl            | 0.0022640303 |
|    clip_fraction        | 0.0163       |
|    clip_range           | 0.2          |
|    entropy_loss         | -0.265       |
|    explained_variance   | 0.439        |
|    learning_rate        | 0.0003       |
|    loss                 | 0.203        |
|    n_updates            | 556          |
|    policy_gradient_loss | -0.00354     |
|    value_loss           | 0.419        |
------------------------------------------
------------------------------------------
| rollout/                |              |
|    ep_len_mean          | 2.66         |
|    ep_rew_mean          | 0.13         |
| time/                   |              |
|    fps                  | 3555         |
|    iterations           | 17           |
|    time_elapsed         | 78           |
|    total_timesteps      | 2310144      |
| train/                  |              |
|    approx_kl            | 0.0029935176 |
|    clip_fraction        | 0.0202       |
|    clip_range           | 0.2          |
|    entropy_loss         | -0.261       |
|    explained_variance   | 0.439        |
|    learning_rate        | 0.0003       |
|    loss                 | 0.198        |
|    n_updates            | 560          |
|    policy_gradient_loss | -0.00421     |
|    value_loss           | 0.413        |
------------------------------------------
------------------------------------------
| rollout/                |              |
|    ep_len_mean          | 2.98         |
|    ep_rew_mean          | 0.22         |
| time/                   |              |
|    fps                  | 3557         |
|    iterations           | 18           |
|    time_elapsed         | 82           |
|    total_timesteps      | 2326528      |
| train/                  |              |
|    approx_kl            | 0.0023184482 |
|    clip_fraction        | 0.0146       |
|    clip_range           | 0.2          |
|    entropy_loss         | -0.269       |
|    explained_variance   | 0.432        |
|    learning_rate        | 0.0003       |
|    loss                 | 0.184        |
|    n_updates            | 564          |
|    policy_gradient_loss | -0.00353     |
|    value_loss           | 0.414        |
------------------------------------------
-----------------------------------------
| rollout/                |             |
|    ep_len_mean          | 2.69        |
|    ep_rew_mean          | 0.1         |
| time/                   |             |
|    fps                  | 3563        |
|    iterations           | 19          |
|    time_elapsed         | 87          |
|    total_timesteps      | 2342912     |
| train/                  |             |
|    approx_kl            | 0.002417768 |
|    clip_fraction        | 0.0163      |
|    clip_range           | 0.2         |
|    entropy_loss         | -0.265      |
|    explained_variance   | 0.4         |
|    learning_rate        | 0.0003      |
|    loss                 | 0.204       |
|    n_updates            | 568         |
|    policy_gradient_loss | -0.00397    |
|    value_loss           | 0.443       |
-----------------------------------------
-----------------------------------------
| rollout/                |             |
|    ep_len_mean          | 2.66        |
|    ep_rew_mean          | 0.38        |
| time/                   |             |
|    fps                  | 3554        |
|    iterations           | 20          |
|    time_elapsed         | 92          |
|    total_timesteps      | 2359296     |
| train/                  |             |
|    approx_kl            | 0.002916875 |
|    clip_fraction        | 0.0158      |
|    clip_range           | 0.2         |
|    entropy_loss         | -0.267      |
|    explained_variance   | 0.435       |
|    learning_rate        | 0.0003      |
|    loss                 | 0.2         |
|    n_updates            | 572         |
|    policy_gradient_loss | -0.00376    |
|    value_loss           | 0.422       |
-----------------------------------------
------------------------------------------
| rollout/                |              |
|    ep_len_mean          | 2.79         |
|    ep_rew_mean          | 0.09         |
| time/                   |              |
|    fps                  | 3557         |
|    iterations           | 21           |
|    time_elapsed         | 96           |
|    total_timesteps      | 2375680      |
| train/                  |              |
|    approx_kl            | 0.0021037138 |
|    clip_fraction        | 0.0139       |
|    clip_range           | 0.2          |
|    entropy_loss         | -0.267       |
|    explained_variance   | 0.456        |
|    learning_rate        | 0.0003       |
|    loss                 | 0.184        |
|    n_updates            | 576          |
|    policy_gradient_loss | -0.0036      |
|    value_loss           | 0.407        |
------------------------------------------
------------------------------------------
| rollout/                |              |
|    ep_len_mean          | 2.8          |
|    ep_rew_mean          | 0.23         |
| time/                   |              |
|    fps                  | 3555         |
|    iterations           | 22           |
|    time_elapsed         | 101          |
|    total_timesteps      | 2392064      |
| train/                  |              |
|    approx_kl            | 0.0025931979 |
|    clip_fraction        | 0.0166       |
|    clip_range           | 0.2          |
|    entropy_loss         | -0.258       |
|    explained_variance   | 0.43         |
|    learning_rate        | 0.0003       |
|    loss                 | 0.195        |
|    n_updates            | 580          |
|    policy_gradient_loss | -0.00414     |
|    value_loss           | 0.424        |
------------------------------------------
------------------------------------------
| rollout/                |              |
|    ep_len_mean          | 2.85         |
|    ep_rew_mean          | 0.28         |
| time/                   |              |
|    fps                  | 3553         |
|    iterations           | 23           |
|    time_elapsed         | 106          |
|    total_timesteps      | 2408448      |
| train/                  |              |
|    approx_kl            | 0.0026880072 |
|    clip_fraction        | 0.0168       |
|    clip_range           | 0.2          |
|    entropy_loss         | -0.261       |
|    explained_variance   | 0.428        |
|    learning_rate        | 0.0003       |
|    loss                 | 0.197        |
|    n_updates            | 584          |
|    policy_gradient_loss | -0.00432     |
|    value_loss           | 0.423        |
------------------------------------------
-----------------------------------------
| rollout/                |             |
|    ep_len_mean          | 2.88        |
|    ep_rew_mean          | 0.22        |
| time/                   |             |
|    fps                  | 3550        |
|    iterations           | 24          |
|    time_elapsed         | 110         |
|    total_timesteps      | 2424832     |
| train/                  |             |
|    approx_kl            | 0.003094308 |
|    clip_fraction        | 0.0225      |
|    clip_range           | 0.2         |
|    entropy_loss         | -0.259      |
|    explained_variance   | 0.441       |
|    learning_rate        | 0.0003      |
|    loss                 | 0.195       |
|    n_updates            | 588         |
|    policy_gradient_loss | -0.00476    |
|    value_loss           | 0.415       |
-----------------------------------------
------------------------------------------
| rollout/                |              |
|    ep_len_mean          | 2.65         |
|    ep_rew_mean          | 0.26         |
| time/                   |              |
|    fps                  | 3553         |
|    iterations           | 25           |
|    time_elapsed         | 115          |
|    total_timesteps      | 2441216      |
| train/                  |              |
|    approx_kl            | 0.0030375684 |
|    clip_fraction        | 0.0202       |
|    clip_range           | 0.2          |
|    entropy_loss         | -0.255       |
|    explained_variance   | 0.449        |
|    learning_rate        | 0.0003       |
|    loss                 | 0.188        |
|    n_updates            | 592          |
|    policy_gradient_loss | -0.00422     |
|    value_loss           | 0.407        |
------------------------------------------
-----------------------------------------
| rollout/                |             |
|    ep_len_mean          | 2.75        |
|    ep_rew_mean          | 0.24        |
| time/                   |             |
|    fps                  | 3550        |
|    iterations           | 26          |
|    time_elapsed         | 119         |
|    total_timesteps      | 2457600     |
| train/                  |             |
|    approx_kl            | 0.003045746 |
|    clip_fraction        | 0.0173      |
|    clip_range           | 0.2         |
|    entropy_loss         | -0.26       |
|    explained_variance   | 0.43        |
|    learning_rate        | 0.0003      |
|    loss                 | 0.192       |
|    n_updates            | 596         |
|    policy_gradient_loss | -0.00429    |
|    value_loss           | 0.421       |
-----------------------------------------
-----------------------------------------
| rollout/                |             |
|    ep_len_mean          | 2.73        |
|    ep_rew_mean          | 0.25        |
| time/                   |             |
|    fps                  | 3549        |
|    iterations           | 27          |
|    time_elapsed         | 124         |
|    total_timesteps      | 2473984     |
| train/                  |             |
|    approx_kl            | 0.003404614 |
|    clip_fraction        | 0.0217      |
|    clip_range           | 0.2         |
|    entropy_loss         | -0.259      |
|    explained_variance   | 0.448       |
|    learning_rate        | 0.0003      |
|    loss                 | 0.178       |
|    n_updates            | 600         |
|    policy_gradient_loss | -0.00442    |
|    value_loss           | 0.409       |
-----------------------------------------
------------------------------------------
| rollout/                |              |
|    ep_len_mean          | 2.81         |
|    ep_rew_mean          | 0.06         |
| time/                   |              |
|    fps                  | 3552         |
|    iterations           | 28           |
|    time_elapsed         | 129          |
|    total_timesteps      | 2490368      |
| train/                  |              |
|    approx_kl            | 0.0024760268 |
|    clip_fraction        | 0.016        |
|    clip_range           | 0.2          |
|    entropy_loss         | -0.257       |
|    explained_variance   | 0.437        |
|    learning_rate        | 0.0003       |
|    loss                 | 0.201        |
|    n_updates            | 604          |
|    policy_gradient_loss | -0.00379     |
|    value_loss           | 0.417        |
------------------------------------------
------------------------------------------
| rollout/                |              |
|    ep_len_mean          | 2.8          |
|    ep_rew_mean          | 0.24         |
| time/                   |              |
|    fps                  | 3548         |
|    iterations           | 29           |
|    time_elapsed         | 133          |
|    total_timesteps      | 2506752      |
| train/                  |              |
|    approx_kl            | 0.0024650048 |
|    clip_fraction        | 0.0157       |
|    clip_range           | 0.2          |
|    entropy_loss         | -0.254       |
|    explained_variance   | 0.43         |
|    learning_rate        | 0.0003       |
|    loss                 | 0.199        |
|    n_updates            | 608          |
|    policy_gradient_loss | -0.00398     |
|    value_loss           | 0.42         |
------------------------------------------
-----------------------------------------
| rollout/                |             |
|    ep_len_mean          | 2.81        |
|    ep_rew_mean          | 0.13        |
| time/                   |             |
|    fps                  | 3555        |
|    iterations           | 30          |
|    time_elapsed         | 138         |
|    total_timesteps      | 2523136     |
| train/                  |             |
|    approx_kl            | 0.002362521 |
|    clip_fraction        | 0.0169      |
|    clip_range           | 0.2         |
|    entropy_loss         | -0.256      |
|    explained_variance   | 0.437       |
|    learning_rate        | 0.0003      |
|    loss                 | 0.188       |
|    n_updates            | 612         |
|    policy_gradient_loss | -0.00392    |
|    value_loss           | 0.41        |
-----------------------------------------
------------------------------------------
| rollout/                |              |
|    ep_len_mean          | 2.7          |
|    ep_rew_mean          | 0.21         |
| time/                   |              |
|    fps                  | 3565         |
|    iterations           | 31           |
|    time_elapsed         | 142          |
|    total_timesteps      | 2539520      |
| train/                  |              |
|    approx_kl            | 0.0026079302 |
|    clip_fraction        | 0.016        |
|    clip_range           | 0.2          |
|    entropy_loss         | -0.259       |
|    explained_variance   | 0.454        |
|    learning_rate        | 0.0003       |
|    loss                 | 0.191        |
|    n_updates            | 616          |
|    policy_gradient_loss | -0.00398     |
|    value_loss           | 0.407        |
------------------------------------------
  [checkpoint] saved truco_threshold_2500000.zip
Logging to /home/guido/Desktop/fac/2026/mmo/truco-py/logs/MaskablePPO_threshold_7
---------------------------------
| rollout/           |          |
|    ep_len_mean     | 3.01     |
|    ep_rew_mean     | 0.3      |
| time/              |          |
|    fps             | 3663     |
|    iterations      | 1        |
|    time_elapsed    | 4        |
|    total_timesteps | 2555904  |
---------------------------------
------------------------------------------
| rollout/                |              |
|    ep_len_mean          | 2.67         |
|    ep_rew_mean          | 0.17         |
| time/                   |              |
|    fps                  | 3877         |
|    iterations           | 2            |
|    time_elapsed         | 8            |
|    total_timesteps      | 2572288      |
| train/                  |              |
|    approx_kl            | 0.0032300737 |
|    clip_fraction        | 0.0228       |
|    clip_range           | 0.2          |
|    entropy_loss         | -0.253       |
|    explained_variance   | 0.436        |
|    learning_rate        | 0.0003       |
|    loss                 | 0.191        |
|    n_updates            | 624          |
|    policy_gradient_loss | -0.00449     |
|    value_loss           | 0.422        |
------------------------------------------
-----------------------------------------
| rollout/                |             |
|    ep_len_mean          | 2.85        |
|    ep_rew_mean          | 0.3         |
| time/                   |             |
|    fps                  | 3824        |
|    iterations           | 3           |
|    time_elapsed         | 12          |
|    total_timesteps      | 2588672     |
| train/                  |             |
|    approx_kl            | 0.003454251 |
|    clip_fraction        | 0.025       |
|    clip_range           | 0.2         |
|    entropy_loss         | -0.244      |
|    explained_variance   | 0.431       |
|    learning_rate        | 0.0003      |
|    loss                 | 0.199       |
|    n_updates            | 628         |
|    policy_gradient_loss | -0.00466    |
|    value_loss           | 0.428       |
-----------------------------------------
------------------------------------------
| rollout/                |              |
|    ep_len_mean          | 2.76         |
|    ep_rew_mean          | 0.08         |
| time/                   |              |
|    fps                  | 3810         |
|    iterations           | 4            |
|    time_elapsed         | 17           |
|    total_timesteps      | 2605056      |
| train/                  |              |
|    approx_kl            | 0.0025849668 |
|    clip_fraction        | 0.0174       |
|    clip_range           | 0.2          |
|    entropy_loss         | -0.243       |
|    explained_variance   | 0.436        |
|    learning_rate        | 0.0003       |
|    loss                 | 0.192        |
|    n_updates            | 632          |
|    policy_gradient_loss | -0.00429     |
|    value_loss           | 0.413        |
------------------------------------------
------------------------------------------
| rollout/                |              |
|    ep_len_mean          | 2.61         |
|    ep_rew_mean          | 0.18         |
| time/                   |              |
|    fps                  | 3826         |
|    iterations           | 5            |
|    time_elapsed         | 21           |
|    total_timesteps      | 2621440      |
| train/                  |              |
|    approx_kl            | 0.0023631412 |
|    clip_fraction        | 0.0178       |
|    clip_range           | 0.2          |
|    entropy_loss         | -0.236       |
|    explained_variance   | 0.449        |
|    learning_rate        | 0.0003       |
|    loss                 | 0.199        |
|    n_updates            | 636          |
|    policy_gradient_loss | -0.00412     |
|    value_loss           | 0.409        |
------------------------------------------
------------------------------------------
| rollout/                |              |
|    ep_len_mean          | 2.82         |
|    ep_rew_mean          | 0.19         |
| time/                   |              |
|    fps                  | 3822         |
|    iterations           | 6            |
|    time_elapsed         | 25           |
|    total_timesteps      | 2637824      |
| train/                  |              |
|    approx_kl            | 0.0022712322 |
|    clip_fraction        | 0.0167       |
|    clip_range           | 0.2          |
|    entropy_loss         | -0.234       |
|    explained_variance   | 0.436        |
|    learning_rate        | 0.0003       |
|    loss                 | 0.188        |
|    n_updates            | 640          |
|    policy_gradient_loss | -0.00371     |
|    value_loss           | 0.418        |
------------------------------------------
------------------------------------------
| rollout/                |              |
|    ep_len_mean          | 2.82         |
|    ep_rew_mean          | 0.04         |
| time/                   |              |
|    fps                  | 3840         |
|    iterations           | 7            |
|    time_elapsed         | 29           |
|    total_timesteps      | 2654208      |
| train/                  |              |
|    approx_kl            | 0.0027272515 |
|    clip_fraction        | 0.0202       |
|    clip_range           | 0.2          |
|    entropy_loss         | -0.232       |
|    explained_variance   | 0.425        |
|    learning_rate        | 0.0003       |
|    loss                 | 0.197        |
|    n_updates            | 644          |
|    policy_gradient_loss | -0.00446     |
|    value_loss           | 0.427        |
------------------------------------------
-----------------------------------------
| rollout/                |             |
|    ep_len_mean          | 3.04        |
|    ep_rew_mean          | 0.21        |
| time/                   |             |
|    fps                  | 3806        |
|    iterations           | 8           |
|    time_elapsed         | 34          |
|    total_timesteps      | 2670592     |
| train/                  |             |
|    approx_kl            | 0.002984331 |
|    clip_fraction        | 0.0208      |
|    clip_range           | 0.2         |
|    entropy_loss         | -0.234      |
|    explained_variance   | 0.449       |
|    learning_rate        | 0.0003      |
|    loss                 | 0.185       |
|    n_updates            | 648         |
|    policy_gradient_loss | -0.00456    |
|    value_loss           | 0.415       |
-----------------------------------------
------------------------------------------
| rollout/                |              |
|    ep_len_mean          | 2.69         |
|    ep_rew_mean          | 0            |
| time/                   |              |
|    fps                  | 3797         |
|    iterations           | 9            |
|    time_elapsed         | 38           |
|    total_timesteps      | 2686976      |
| train/                  |              |
|    approx_kl            | 0.0025140792 |
|    clip_fraction        | 0.0162       |
|    clip_range           | 0.2          |
|    entropy_loss         | -0.232       |
|    explained_variance   | 0.429        |
|    learning_rate        | 0.0003       |
|    loss                 | 0.196        |
|    n_updates            | 652          |
|    policy_gradient_loss | -0.00377     |
|    value_loss           | 0.421        |
------------------------------------------
------------------------------------------
| rollout/                |              |
|    ep_len_mean          | 2.59         |
|    ep_rew_mean          | 0.08         |
| time/                   |              |
|    fps                  | 3782         |
|    iterations           | 10           |
|    time_elapsed         | 43           |
|    total_timesteps      | 2703360      |
| train/                  |              |
|    approx_kl            | 0.0026108208 |
|    clip_fraction        | 0.0193       |
|    clip_range           | 0.2          |
|    entropy_loss         | -0.229       |
|    explained_variance   | 0.434        |
|    learning_rate        | 0.0003       |
|    loss                 | 0.181        |
|    n_updates            | 656          |
|    policy_gradient_loss | -0.00406     |
|    value_loss           | 0.418        |
------------------------------------------
------------------------------------------
| rollout/                |              |
|    ep_len_mean          | 2.79         |
|    ep_rew_mean          | 0.08         |
| time/                   |              |
|    fps                  | 3794         |
|    iterations           | 11           |
|    time_elapsed         | 47           |
|    total_timesteps      | 2719744      |
| train/                  |              |
|    approx_kl            | 0.0026715887 |
|    clip_fraction        | 0.0199       |
|    clip_range           | 0.2          |
|    entropy_loss         | -0.228       |
|    explained_variance   | 0.432        |
|    learning_rate        | 0.0003       |
|    loss                 | 0.189        |
|    n_updates            | 660          |
|    policy_gradient_loss | -0.0041      |
|    value_loss           | 0.423        |
------------------------------------------
------------------------------------------
| rollout/                |              |
|    ep_len_mean          | 2.9          |
|    ep_rew_mean          | 0.17         |
| time/                   |              |
|    fps                  | 3792         |
|    iterations           | 12           |
|    time_elapsed         | 51           |
|    total_timesteps      | 2736128      |
| train/                  |              |
|    approx_kl            | 0.0026837322 |
|    clip_fraction        | 0.0202       |
|    clip_range           | 0.2          |
|    entropy_loss         | -0.227       |
|    explained_variance   | 0.425        |
|    learning_rate        | 0.0003       |
|    loss                 | 0.195        |
|    n_updates            | 664          |
|    policy_gradient_loss | -0.0043      |
|    value_loss           | 0.428        |
------------------------------------------
-----------------------------------------
| rollout/                |             |
|    ep_len_mean          | 2.78        |
|    ep_rew_mean          | 0.34        |
| time/                   |             |
|    fps                  | 3793        |
|    iterations           | 13          |
|    time_elapsed         | 56          |
|    total_timesteps      | 2752512     |
| train/                  |             |
|    approx_kl            | 0.002136656 |
|    clip_fraction        | 0.0134      |
|    clip_range           | 0.2         |
|    entropy_loss         | -0.223      |
|    explained_variance   | 0.452       |
|    learning_rate        | 0.0003      |
|    loss                 | 0.196       |
|    n_updates            | 668         |
|    policy_gradient_loss | -0.00343    |
|    value_loss           | 0.405       |
-----------------------------------------
------------------------------------------
| rollout/                |              |
|    ep_len_mean          | 2.85         |
|    ep_rew_mean          | 0.18         |
| time/                   |              |
|    fps                  | 3776         |
|    iterations           | 14           |
|    time_elapsed         | 60           |
|    total_timesteps      | 2768896      |
| train/                  |              |
|    approx_kl            | 0.0025891447 |
|    clip_fraction        | 0.0185       |
|    clip_range           | 0.2          |
|    entropy_loss         | -0.221       |
|    explained_variance   | 0.424        |
|    learning_rate        | 0.0003       |
|    loss                 | 0.2          |
|    n_updates            | 672          |
|    policy_gradient_loss | -0.00399     |
|    value_loss           | 0.423        |
------------------------------------------
------------------------------------------
| rollout/                |              |
|    ep_len_mean          | 2.81         |
|    ep_rew_mean          | 0.34         |
| time/                   |              |
|    fps                  | 3765         |
|    iterations           | 15           |
|    time_elapsed         | 65           |
|    total_timesteps      | 2785280      |
| train/                  |              |
|    approx_kl            | 0.0020541085 |
|    clip_fraction        | 0.0143       |
|    clip_range           | 0.2          |
|    entropy_loss         | -0.224       |
|    explained_variance   | 0.418        |
|    learning_rate        | 0.0003       |
|    loss                 | 0.201        |
|    n_updates            | 676          |
|    policy_gradient_loss | -0.00374     |
|    value_loss           | 0.43         |
------------------------------------------
------------------------------------------
| rollout/                |              |
|    ep_len_mean          | 2.75         |
|    ep_rew_mean          | 0.19         |
| time/                   |              |
|    fps                  | 3750         |
|    iterations           | 16           |
|    time_elapsed         | 69           |
|    total_timesteps      | 2801664      |
| train/                  |              |
|    approx_kl            | 0.0030919223 |
|    clip_fraction        | 0.019        |
|    clip_range           | 0.2          |
|    entropy_loss         | -0.225       |
|    explained_variance   | 0.454        |
|    learning_rate        | 0.0003       |
|    loss                 | 0.185        |
|    n_updates            | 680          |
|    policy_gradient_loss | -0.00446     |
|    value_loss           | 0.404        |
------------------------------------------
------------------------------------------
| rollout/                |              |
|    ep_len_mean          | 2.81         |
|    ep_rew_mean          | 0.16         |
| time/                   |              |
|    fps                  | 3734         |
|    iterations           | 17           |
|    time_elapsed         | 74           |
|    total_timesteps      | 2818048      |
| train/                  |              |
|    approx_kl            | 0.0024659825 |
|    clip_fraction        | 0.0154       |
|    clip_range           | 0.2          |
|    entropy_loss         | -0.219       |
|    explained_variance   | 0.449        |
|    learning_rate        | 0.0003       |
|    loss                 | 0.182        |
|    n_updates            | 684          |
|    policy_gradient_loss | -0.00367     |
|    value_loss           | 0.412        |
------------------------------------------
-----------------------------------------
| rollout/                |             |
|    ep_len_mean          | 2.74        |
|    ep_rew_mean          | 0.13        |
| time/                   |             |
|    fps                  | 3722        |
|    iterations           | 18          |
|    time_elapsed         | 79          |
|    total_timesteps      | 2834432     |
| train/                  |             |
|    approx_kl            | 0.002238709 |
|    clip_fraction        | 0.015       |
|    clip_range           | 0.2         |
|    entropy_loss         | -0.225      |
|    explained_variance   | 0.435       |
|    learning_rate        | 0.0003      |
|    loss                 | 0.199       |
|    n_updates            | 688         |
|    policy_gradient_loss | -0.00395    |
|    value_loss           | 0.422       |
-----------------------------------------
------------------------------------------
| rollout/                |              |
|    ep_len_mean          | 2.97         |
|    ep_rew_mean          | 0.16         |
| time/                   |              |
|    fps                  | 3705         |
|    iterations           | 19           |
|    time_elapsed         | 84           |
|    total_timesteps      | 2850816      |
| train/                  |              |
|    approx_kl            | 0.0028331508 |
|    clip_fraction        | 0.023        |
|    clip_range           | 0.2          |
|    entropy_loss         | -0.222       |
|    explained_variance   | 0.432        |
|    learning_rate        | 0.0003       |
|    loss                 | 0.202        |
|    n_updates            | 692          |
|    policy_gradient_loss | -0.00421     |
|    value_loss           | 0.417        |
------------------------------------------
------------------------------------------
| rollout/                |              |
|    ep_len_mean          | 2.81         |
|    ep_rew_mean          | 0.19         |
| time/                   |              |
|    fps                  | 3699         |
|    iterations           | 20           |
|    time_elapsed         | 88           |
|    total_timesteps      | 2867200      |
| train/                  |              |
|    approx_kl            | 0.0021031937 |
|    clip_fraction        | 0.0161       |
|    clip_range           | 0.2          |
|    entropy_loss         | -0.216       |
|    explained_variance   | 0.433        |
|    learning_rate        | 0.0003       |
|    loss                 | 0.197        |
|    n_updates            | 696          |
|    policy_gradient_loss | -0.00374     |
|    value_loss           | 0.417        |
------------------------------------------
----------------------------------------
| rollout/                |            |
|    ep_len_mean          | 2.65       |
|    ep_rew_mean          | 0.33       |
| time/                   |            |
|    fps                  | 3698       |
|    iterations           | 21         |
|    time_elapsed         | 93         |
|    total_timesteps      | 2883584    |
| train/                  |            |
|    approx_kl            | 0.00239109 |
|    clip_fraction        | 0.0179     |
|    clip_range           | 0.2        |
|    entropy_loss         | -0.215     |
|    explained_variance   | 0.444      |
|    learning_rate        | 0.0003     |
|    loss                 | 0.199      |
|    n_updates            | 700        |
|    policy_gradient_loss | -0.00368   |
|    value_loss           | 0.414      |
----------------------------------------
------------------------------------------
| rollout/                |              |
|    ep_len_mean          | 2.87         |
|    ep_rew_mean          | 0.16         |
| time/                   |              |
|    fps                  | 3699         |
|    iterations           | 22           |
|    time_elapsed         | 97           |
|    total_timesteps      | 2899968      |
| train/                  |              |
|    approx_kl            | 0.0024201158 |
|    clip_fraction        | 0.0175       |
|    clip_range           | 0.2          |
|    entropy_loss         | -0.216       |
|    explained_variance   | 0.451        |
|    learning_rate        | 0.0003       |
|    loss                 | 0.193        |
|    n_updates            | 704          |
|    policy_gradient_loss | -0.00416     |
|    value_loss           | 0.401        |
------------------------------------------
-----------------------------------------
| rollout/                |             |
|    ep_len_mean          | 2.55        |
|    ep_rew_mean          | 0.14        |
| time/                   |             |
|    fps                  | 3698        |
|    iterations           | 23          |
|    time_elapsed         | 101         |
|    total_timesteps      | 2916352     |
| train/                  |             |
|    approx_kl            | 0.002388577 |
|    clip_fraction        | 0.0161      |
|    clip_range           | 0.2         |
|    entropy_loss         | -0.214      |
|    explained_variance   | 0.429       |
|    learning_rate        | 0.0003      |
|    loss                 | 0.195       |
|    n_updates            | 708         |
|    policy_gradient_loss | -0.00374    |
|    value_loss           | 0.423       |
-----------------------------------------
-----------------------------------------
| rollout/                |             |
|    ep_len_mean          | 2.79        |
|    ep_rew_mean          | 0.21        |
| time/                   |             |
|    fps                  | 3692        |
|    iterations           | 24          |
|    time_elapsed         | 106         |
|    total_timesteps      | 2932736     |
| train/                  |             |
|    approx_kl            | 0.002853746 |
|    clip_fraction        | 0.0213      |
|    clip_range           | 0.2         |
|    entropy_loss         | -0.217      |
|    explained_variance   | 0.431       |
|    learning_rate        | 0.0003      |
|    loss                 | 0.203       |
|    n_updates            | 712         |
|    policy_gradient_loss | -0.00412    |
|    value_loss           | 0.423       |
-----------------------------------------
-----------------------------------------
| rollout/                |             |
|    ep_len_mean          | 2.63        |
|    ep_rew_mean          | 0.14        |
| time/                   |             |
|    fps                  | 3699        |
|    iterations           | 25          |
|    time_elapsed         | 110         |
|    total_timesteps      | 2949120     |
| train/                  |             |
|    approx_kl            | 0.002152212 |
|    clip_fraction        | 0.0184      |
|    clip_range           | 0.2         |
|    entropy_loss         | -0.211      |
|    explained_variance   | 0.416       |
|    learning_rate        | 0.0003      |
|    loss                 | 0.195       |
|    n_updates            | 716         |
|    policy_gradient_loss | -0.00374    |
|    value_loss           | 0.43        |
-----------------------------------------
----------------------------------------
| rollout/                |            |
|    ep_len_mean          | 2.76       |
|    ep_rew_mean          | 0.27       |
| time/                   |            |
|    fps                  | 3700       |
|    iterations           | 26         |
|    time_elapsed         | 115        |
|    total_timesteps      | 2965504    |
| train/                  |            |
|    approx_kl            | 0.00251647 |
|    clip_fraction        | 0.0163     |
|    clip_range           | 0.2        |
|    entropy_loss         | -0.216     |
|    explained_variance   | 0.44       |
|    learning_rate        | 0.0003     |
|    loss                 | 0.197      |
|    n_updates            | 720        |
|    policy_gradient_loss | -0.00393   |
|    value_loss           | 0.414      |
----------------------------------------
-----------------------------------------
| rollout/                |             |
|    ep_len_mean          | 2.8         |
|    ep_rew_mean          | 0.04        |
| time/                   |             |
|    fps                  | 3698        |
|    iterations           | 27          |
|    time_elapsed         | 119         |
|    total_timesteps      | 2981888     |
| train/                  |             |
|    approx_kl            | 0.002344078 |
|    clip_fraction        | 0.0148      |
|    clip_range           | 0.2         |
|    entropy_loss         | -0.215      |
|    explained_variance   | 0.443       |
|    learning_rate        | 0.0003      |
|    loss                 | 0.178       |
|    n_updates            | 724         |
|    policy_gradient_loss | -0.00321    |
|    value_loss           | 0.412       |
-----------------------------------------
------------------------------------------
| rollout/                |              |
|    ep_len_mean          | 2.94         |
|    ep_rew_mean          | 0.29         |
| time/                   |              |
|    fps                  | 3696         |
|    iterations           | 28           |
|    time_elapsed         | 124          |
|    total_timesteps      | 2998272      |
| train/                  |              |
|    approx_kl            | 0.0026949726 |
|    clip_fraction        | 0.0189       |
|    clip_range           | 0.2          |
|    entropy_loss         | -0.221       |
|    explained_variance   | 0.454        |
|    learning_rate        | 0.0003       |
|    loss                 | 0.188        |
|    n_updates            | 728          |
|    policy_gradient_loss | -0.00372     |
|    value_loss           | 0.409        |
------------------------------------------
------------------------------------------
| rollout/                |              |
|    ep_len_mean          | 2.87         |
|    ep_rew_mean          | 0.31         |
| time/                   |              |
|    fps                  | 3693         |
|    iterations           | 29           |
|    time_elapsed         | 128          |
|    total_timesteps      | 3014656      |
| train/                  |              |
|    approx_kl            | 0.0024948698 |
|    clip_fraction        | 0.0176       |
|    clip_range           | 0.2          |
|    entropy_loss         | -0.22        |
|    explained_variance   | 0.447        |
|    learning_rate        | 0.0003       |
|    loss                 | 0.193        |
|    n_updates            | 732          |
|    policy_gradient_loss | -0.00387     |
|    value_loss           | 0.408        |
------------------------------------------
------------------------------------------
| rollout/                |              |
|    ep_len_mean          | 2.82         |
|    ep_rew_mean          | 0.37         |
| time/                   |              |
|    fps                  | 3692         |
|    iterations           | 30           |
|    time_elapsed         | 133          |
|    total_timesteps      | 3031040      |
| train/                  |              |
|    approx_kl            | 0.0023449115 |
|    clip_fraction        | 0.0166       |
|    clip_range           | 0.2          |
|    entropy_loss         | -0.218       |
|    explained_variance   | 0.435        |
|    learning_rate        | 0.0003       |
|    loss                 | 0.192        |
|    n_updates            | 736          |
|    policy_gradient_loss | -0.00402     |
|    value_loss           | 0.417        |
------------------------------------------
------------------------------------------
| rollout/                |              |
|    ep_len_mean          | 2.8          |
|    ep_rew_mean          | 0.22         |
| time/                   |              |
|    fps                  | 3689         |
|    iterations           | 31           |
|    time_elapsed         | 137          |
|    total_timesteps      | 3047424      |
| train/                  |              |
|    approx_kl            | 0.0025417618 |
|    clip_fraction        | 0.0175       |
|    clip_range           | 0.2          |
|    entropy_loss         | -0.221       |
|    explained_variance   | 0.439        |
|    learning_rate        | 0.0003       |
|    loss                 | 0.193        |
|    n_updates            | 740          |
|    policy_gradient_loss | -0.00413     |
|    value_loss           | 0.42         |
------------------------------------------
  [checkpoint] saved truco_threshold_3000000.zip
Logging to /home/guido/Desktop/fac/2026/mmo/truco-py/logs/MaskablePPO_threshold_7
---------------------------------
| rollout/           |          |
|    ep_len_mean     | 2.83     |
|    ep_rew_mean     | 0.22     |
| time/              |          |
|    fps             | 3785     |
|    iterations      | 1        |
|    time_elapsed    | 4        |
|    total_timesteps | 3063808  |
---------------------------------
------------------------------------------
| rollout/                |              |
|    ep_len_mean          | 2.94         |
|    ep_rew_mean          | 0.34         |
| time/                   |              |
|    fps                  | 3670         |
|    iterations           | 2            |
|    time_elapsed         | 8            |
|    total_timesteps      | 3080192      |
| train/                  |              |
|    approx_kl            | 0.0025828625 |
|    clip_fraction        | 0.0189       |
|    clip_range           | 0.2          |
|    entropy_loss         | -0.215       |
|    explained_variance   | 0.444        |
|    learning_rate        | 0.0003       |
|    loss                 | 0.187        |
|    n_updates            | 748          |
|    policy_gradient_loss | -0.0036      |
|    value_loss           | 0.411        |
------------------------------------------
-----------------------------------------
| rollout/                |             |
|    ep_len_mean          | 2.7         |
|    ep_rew_mean          | 0.16        |
| time/                   |             |
|    fps                  | 3715        |
|    iterations           | 3           |
|    time_elapsed         | 13          |
|    total_timesteps      | 3096576     |
| train/                  |             |
|    approx_kl            | 0.002459541 |
|    clip_fraction        | 0.0177      |
|    clip_range           | 0.2         |
|    entropy_loss         | -0.219      |
|    explained_variance   | 0.442       |
|    learning_rate        | 0.0003      |
|    loss                 | 0.189       |
|    n_updates            | 752         |
|    policy_gradient_loss | -0.00398    |
|    value_loss           | 0.414       |
-----------------------------------------
------------------------------------------
| rollout/                |              |
|    ep_len_mean          | 2.83         |
|    ep_rew_mean          | 0.25         |
| time/                   |              |
|    fps                  | 3689         |
|    iterations           | 4            |
|    time_elapsed         | 17           |
|    total_timesteps      | 3112960      |
| train/                  |              |
|    approx_kl            | 0.0022843885 |
|    clip_fraction        | 0.018        |
|    clip_range           | 0.2          |
|    entropy_loss         | -0.22        |
|    explained_variance   | 0.446        |
|    learning_rate        | 0.0003       |
|    loss                 | 0.182        |
|    n_updates            | 756          |
|    policy_gradient_loss | -0.00386     |
|    value_loss           | 0.411        |
------------------------------------------
------------------------------------------
| rollout/                |              |
|    ep_len_mean          | 2.9          |
|    ep_rew_mean          | 0.19         |
| time/                   |              |
|    fps                  | 3707         |
|    iterations           | 5            |
|    time_elapsed         | 22           |
|    total_timesteps      | 3129344      |
| train/                  |              |
|    approx_kl            | 0.0028727103 |
|    clip_fraction        | 0.0195       |
|    clip_range           | 0.2          |
|    entropy_loss         | -0.221       |
|    explained_variance   | 0.443        |
|    learning_rate        | 0.0003       |
|    loss                 | 0.192        |
|    n_updates            | 760          |
|    policy_gradient_loss | -0.00462     |
|    value_loss           | 0.413        |
------------------------------------------
------------------------------------------
| rollout/                |              |
|    ep_len_mean          | 2.85         |
|    ep_rew_mean          | 0.3          |
| time/                   |              |
|    fps                  | 3696         |
|    iterations           | 6            |
|    time_elapsed         | 26           |
|    total_timesteps      | 3145728      |
| train/                  |              |
|    approx_kl            | 0.0033348599 |
|    clip_fraction        | 0.0249       |
|    clip_range           | 0.2          |
|    entropy_loss         | -0.217       |
|    explained_variance   | 0.445        |
|    learning_rate        | 0.0003       |
|    loss                 | 0.187        |
|    n_updates            | 764          |
|    policy_gradient_loss | -0.00454     |
|    value_loss           | 0.405        |
------------------------------------------
----------------------------------------
| rollout/                |            |
|    ep_len_mean          | 2.87       |
|    ep_rew_mean          | 0.14       |
| time/                   |            |
|    fps                  | 3703       |
|    iterations           | 7          |
|    time_elapsed         | 30         |
|    total_timesteps      | 3162112    |
| train/                  |            |
|    approx_kl            | 0.00257569 |
|    clip_fraction        | 0.0181     |
|    clip_range           | 0.2        |
|    entropy_loss         | -0.22      |
|    explained_variance   | 0.457      |
|    learning_rate        | 0.0003     |
|    loss                 | 0.195      |
|    n_updates            | 768        |
|    policy_gradient_loss | -0.00382   |
|    value_loss           | 0.404      |
----------------------------------------
------------------------------------------
| rollout/                |              |
|    ep_len_mean          | 2.96         |
|    ep_rew_mean          | 0.24         |
| time/                   |              |
|    fps                  | 3702         |
|    iterations           | 8            |
|    time_elapsed         | 35           |
|    total_timesteps      | 3178496      |
| train/                  |              |
|    approx_kl            | 0.0029929215 |
|    clip_fraction        | 0.0209       |
|    clip_range           | 0.2          |
|    entropy_loss         | -0.216       |
|    explained_variance   | 0.442        |
|    learning_rate        | 0.0003       |
|    loss                 | 0.189        |
|    n_updates            | 772          |
|    policy_gradient_loss | -0.0042      |
|    value_loss           | 0.416        |
------------------------------------------
------------------------------------------
| rollout/                |              |
|    ep_len_mean          | 2.88         |
|    ep_rew_mean          | 0.38         |
| time/                   |              |
|    fps                  | 3683         |
|    iterations           | 9            |
|    time_elapsed         | 40           |
|    total_timesteps      | 3194880      |
| train/                  |              |
|    approx_kl            | 0.0024237349 |
|    clip_fraction        | 0.0153       |
|    clip_range           | 0.2          |
|    entropy_loss         | -0.214       |
|    explained_variance   | 0.45         |
|    learning_rate        | 0.0003       |
|    loss                 | 0.197        |
|    n_updates            | 776          |
|    policy_gradient_loss | -0.00394     |
|    value_loss           | 0.411        |
------------------------------------------
-----------------------------------------
| rollout/                |             |
|    ep_len_mean          | 3           |
|    ep_rew_mean          | 0.3         |
| time/                   |             |
|    fps                  | 3680        |
|    iterations           | 10          |
|    time_elapsed         | 44          |
|    total_timesteps      | 3211264     |
| train/                  |             |
|    approx_kl            | 0.002268633 |
|    clip_fraction        | 0.0155      |
|    clip_range           | 0.2         |
|    entropy_loss         | -0.218      |
|    explained_variance   | 0.443       |
|    learning_rate        | 0.0003      |
|    loss                 | 0.194       |
|    n_updates            | 780         |
|    policy_gradient_loss | -0.00371    |
|    value_loss           | 0.408       |
-----------------------------------------
------------------------------------------
| rollout/                |              |
|    ep_len_mean          | 2.92         |
|    ep_rew_mean          | 0.24         |
| time/                   |              |
|    fps                  | 3667         |
|    iterations           | 11           |
|    time_elapsed         | 49           |
|    total_timesteps      | 3227648      |
| train/                  |              |
|    approx_kl            | 0.0022650314 |
|    clip_fraction        | 0.0152       |
|    clip_range           | 0.2          |
|    entropy_loss         | -0.215       |
|    explained_variance   | 0.446        |
|    learning_rate        | 0.0003       |
|    loss                 | 0.193        |
|    n_updates            | 784          |
|    policy_gradient_loss | -0.00393     |
|    value_loss           | 0.413        |
------------------------------------------
-----------------------------------------
| rollout/                |             |
|    ep_len_mean          | 2.98        |
|    ep_rew_mean          | 0.25        |
| time/                   |             |
|    fps                  | 3666        |
|    iterations           | 12          |
|    time_elapsed         | 53          |
|    total_timesteps      | 3244032     |
| train/                  |             |
|    approx_kl            | 0.002442454 |
|    clip_fraction        | 0.0157      |
|    clip_range           | 0.2         |
|    entropy_loss         | -0.215      |
|    explained_variance   | 0.439       |
|    learning_rate        | 0.0003      |
|    loss                 | 0.185       |
|    n_updates            | 788         |
|    policy_gradient_loss | -0.00392    |
|    value_loss           | 0.416       |
-----------------------------------------
------------------------------------------
| rollout/                |              |
|    ep_len_mean          | 2.85         |
|    ep_rew_mean          | 0.19         |
| time/                   |              |
|    fps                  | 3656         |
|    iterations           | 13           |
|    time_elapsed         | 58           |
|    total_timesteps      | 3260416      |
| train/                  |              |
|    approx_kl            | 0.0026731058 |
|    clip_fraction        | 0.019        |
|    clip_range           | 0.2          |
|    entropy_loss         | -0.208       |
|    explained_variance   | 0.448        |
|    learning_rate        | 0.0003       |
|    loss                 | 0.19         |
|    n_updates            | 792          |
|    policy_gradient_loss | -0.00406     |
|    value_loss           | 0.409        |
------------------------------------------
------------------------------------------
| rollout/                |              |
|    ep_len_mean          | 2.88         |
|    ep_rew_mean          | 0.05         |
| time/                   |              |
|    fps                  | 3653         |
|    iterations           | 14           |
|    time_elapsed         | 62           |
|    total_timesteps      | 3276800      |
| train/                  |              |
|    approx_kl            | 0.0029332861 |
|    clip_fraction        | 0.0177       |
|    clip_range           | 0.2          |
|    entropy_loss         | -0.216       |
|    explained_variance   | 0.441        |
|    learning_rate        | 0.0003       |
|    loss                 | 0.188        |
|    n_updates            | 796          |
|    policy_gradient_loss | -0.00393     |
|    value_loss           | 0.408        |
------------------------------------------
-----------------------------------------
| rollout/                |             |
|    ep_len_mean          | 2.85        |
|    ep_rew_mean          | 0.23        |
| time/                   |             |
|    fps                  | 3652        |
|    iterations           | 15          |
|    time_elapsed         | 67          |
|    total_timesteps      | 3293184     |
| train/                  |             |
|    approx_kl            | 0.002392987 |
|    clip_fraction        | 0.0188      |
|    clip_range           | 0.2         |
|    entropy_loss         | -0.211      |
|    explained_variance   | 0.46        |
|    learning_rate        | 0.0003      |
|    loss                 | 0.179       |
|    n_updates            | 800         |
|    policy_gradient_loss | -0.00352    |
|    value_loss           | 0.405       |
-----------------------------------------
-----------------------------------------
| rollout/                |             |
|    ep_len_mean          | 2.84        |
|    ep_rew_mean          | 0.22        |
| time/                   |             |
|    fps                  | 3646        |
|    iterations           | 16          |
|    time_elapsed         | 71          |
|    total_timesteps      | 3309568     |
| train/                  |             |
|    approx_kl            | 0.002675605 |
|    clip_fraction        | 0.0206      |
|    clip_range           | 0.2         |
|    entropy_loss         | -0.215      |
|    explained_variance   | 0.454       |
|    learning_rate        | 0.0003      |
|    loss                 | 0.186       |
|    n_updates            | 804         |
|    policy_gradient_loss | -0.00418    |
|    value_loss           | 0.407       |
-----------------------------------------
------------------------------------------
| rollout/                |              |
|    ep_len_mean          | 2.72         |
|    ep_rew_mean          | 0.35         |
| time/                   |              |
|    fps                  | 3645         |
|    iterations           | 17           |
|    time_elapsed         | 76           |
|    total_timesteps      | 3325952      |
| train/                  |              |
|    approx_kl            | 0.0025387364 |
|    clip_fraction        | 0.0181       |
|    clip_range           | 0.2          |
|    entropy_loss         | -0.217       |
|    explained_variance   | 0.436        |
|    learning_rate        | 0.0003       |
|    loss                 | 0.192        |
|    n_updates            | 808          |
|    policy_gradient_loss | -0.0038      |
|    value_loss           | 0.42         |
------------------------------------------
------------------------------------------
| rollout/                |              |
|    ep_len_mean          | 2.88         |
|    ep_rew_mean          | 0.27         |
| time/                   |              |
|    fps                  | 3640         |
|    iterations           | 18           |
|    time_elapsed         | 80           |
|    total_timesteps      | 3342336      |
| train/                  |              |
|    approx_kl            | 0.0020532985 |
|    clip_fraction        | 0.0156       |
|    clip_range           | 0.2          |
|    entropy_loss         | -0.214       |
|    explained_variance   | 0.445        |
|    learning_rate        | 0.0003       |
|    loss                 | 0.187        |
|    n_updates            | 812          |
|    policy_gradient_loss | -0.00376     |
|    value_loss           | 0.416        |
------------------------------------------
------------------------------------------
| rollout/                |              |
|    ep_len_mean          | 2.85         |
|    ep_rew_mean          | 0.38         |
| time/                   |              |
|    fps                  | 3663         |
|    iterations           | 19           |
|    time_elapsed         | 84           |
|    total_timesteps      | 3358720      |
| train/                  |              |
|    approx_kl            | 0.0021756515 |
|    clip_fraction        | 0.015        |
|    clip_range           | 0.2          |
|    entropy_loss         | -0.206       |
|    explained_variance   | 0.453        |
|    learning_rate        | 0.0003       |
|    loss                 | 0.187        |
|    n_updates            | 816          |
|    policy_gradient_loss | -0.00378     |
|    value_loss           | 0.405        |
------------------------------------------
------------------------------------------
| rollout/                |              |
|    ep_len_mean          | 2.67         |
|    ep_rew_mean          | 0.07         |
| time/                   |              |
|    fps                  | 3676         |
|    iterations           | 20           |
|    time_elapsed         | 89           |
|    total_timesteps      | 3375104      |
| train/                  |              |
|    approx_kl            | 0.0029387395 |
|    clip_fraction        | 0.0178       |
|    clip_range           | 0.2          |
|    entropy_loss         | -0.209       |
|    explained_variance   | 0.444        |
|    learning_rate        | 0.0003       |
|    loss                 | 0.184        |
|    n_updates            | 820          |
|    policy_gradient_loss | -0.00423     |
|    value_loss           | 0.407        |
------------------------------------------
------------------------------------------
| rollout/                |              |
|    ep_len_mean          | 2.82         |
|    ep_rew_mean          | 0.2          |
| time/                   |              |
|    fps                  | 3680         |
|    iterations           | 21           |
|    time_elapsed         | 93           |
|    total_timesteps      | 3391488      |
| train/                  |              |
|    approx_kl            | 0.0022865278 |
|    clip_fraction        | 0.0162       |
|    clip_range           | 0.2          |
|    entropy_loss         | -0.206       |
|    explained_variance   | 0.43         |
|    learning_rate        | 0.0003       |
|    loss                 | 0.195        |
|    n_updates            | 824          |
|    policy_gradient_loss | -0.00419     |
|    value_loss           | 0.414        |
------------------------------------------
------------------------------------------
| rollout/                |              |
|    ep_len_mean          | 3.09         |
|    ep_rew_mean          | 0.3          |
| time/                   |              |
|    fps                  | 3682         |
|    iterations           | 22           |
|    time_elapsed         | 97           |
|    total_timesteps      | 3407872      |
| train/                  |              |
|    approx_kl            | 0.0027486053 |
|    clip_fraction        | 0.0198       |
|    clip_range           | 0.2          |
|    entropy_loss         | -0.211       |
|    explained_variance   | 0.445        |
|    learning_rate        | 0.0003       |
|    loss                 | 0.19         |
|    n_updates            | 828          |
|    policy_gradient_loss | -0.00439     |
|    value_loss           | 0.409        |
------------------------------------------
-----------------------------------------
| rollout/                |             |
|    ep_len_mean          | 2.73        |
|    ep_rew_mean          | 0.27        |
| time/                   |             |
|    fps                  | 3678        |
|    iterations           | 23          |
|    time_elapsed         | 102         |
|    total_timesteps      | 3424256     |
| train/                  |             |
|    approx_kl            | 0.002826906 |
|    clip_fraction        | 0.018       |
|    clip_range           | 0.2         |
|    entropy_loss         | -0.21       |
|    explained_variance   | 0.431       |
|    learning_rate        | 0.0003      |
|    loss                 | 0.194       |
|    n_updates            | 832         |
|    policy_gradient_loss | -0.00422    |
|    value_loss           | 0.418       |
-----------------------------------------
------------------------------------------
| rollout/                |              |
|    ep_len_mean          | 2.85         |
|    ep_rew_mean          | 0.18         |
| time/                   |              |
|    fps                  | 3675         |
|    iterations           | 24           |
|    time_elapsed         | 106          |
|    total_timesteps      | 3440640      |
| train/                  |              |
|    approx_kl            | 0.0029544896 |
|    clip_fraction        | 0.0178       |
|    clip_range           | 0.2          |
|    entropy_loss         | -0.211       |
|    explained_variance   | 0.442        |
|    learning_rate        | 0.0003       |
|    loss                 | 0.186        |
|    n_updates            | 836          |
|    policy_gradient_loss | -0.00432     |
|    value_loss           | 0.411        |
------------------------------------------
------------------------------------------
| rollout/                |              |
|    ep_len_mean          | 3.03         |
|    ep_rew_mean          | 0.16         |
| time/                   |              |
|    fps                  | 3666         |
|    iterations           | 25           |
|    time_elapsed         | 111          |
|    total_timesteps      | 3457024      |
| train/                  |              |
|    approx_kl            | 0.0026096117 |
|    clip_fraction        | 0.0168       |
|    clip_range           | 0.2          |
|    entropy_loss         | -0.213       |
|    explained_variance   | 0.434        |
|    learning_rate        | 0.0003       |
|    loss                 | 0.191        |
|    n_updates            | 840          |
|    policy_gradient_loss | -0.00416     |
|    value_loss           | 0.423        |
------------------------------------------
------------------------------------------
| rollout/                |              |
|    ep_len_mean          | 2.86         |
|    ep_rew_mean          | 0.07         |
| time/                   |              |
|    fps                  | 3665         |
|    iterations           | 26           |
|    time_elapsed         | 116          |
|    total_timesteps      | 3473408      |
| train/                  |              |
|    approx_kl            | 0.0020310357 |
|    clip_fraction        | 0.0181       |
|    clip_range           | 0.2          |
|    entropy_loss         | -0.222       |
|    explained_variance   | 0.446        |
|    learning_rate        | 0.0003       |
|    loss                 | 0.201        |
|    n_updates            | 844          |
|    policy_gradient_loss | -0.00397     |
|    value_loss           | 0.409        |
------------------------------------------
------------------------------------------
| rollout/                |              |
|    ep_len_mean          | 2.93         |
|    ep_rew_mean          | 0.22         |
| time/                   |              |
|    fps                  | 3663         |
|    iterations           | 27           |
|    time_elapsed         | 120          |
|    total_timesteps      | 3489792      |
| train/                  |              |
|    approx_kl            | 0.0026349423 |
|    clip_fraction        | 0.0184       |
|    clip_range           | 0.2          |
|    entropy_loss         | -0.213       |
|    explained_variance   | 0.44         |
|    learning_rate        | 0.0003       |
|    loss                 | 0.195        |
|    n_updates            | 848          |
|    policy_gradient_loss | -0.004       |
|    value_loss           | 0.413        |
------------------------------------------
------------------------------------------
| rollout/                |              |
|    ep_len_mean          | 2.84         |
|    ep_rew_mean          | 0.04         |
| time/                   |              |
|    fps                  | 3664         |
|    iterations           | 28           |
|    time_elapsed         | 125          |
|    total_timesteps      | 3506176      |
| train/                  |              |
|    approx_kl            | 0.0027048246 |
|    clip_fraction        | 0.0201       |
|    clip_range           | 0.2          |
|    entropy_loss         | -0.216       |
|    explained_variance   | 0.45         |
|    learning_rate        | 0.0003       |
|    loss                 | 0.187        |
|    n_updates            | 852          |
|    policy_gradient_loss | -0.00408     |
|    value_loss           | 0.4          |
------------------------------------------
------------------------------------------
| rollout/                |              |
|    ep_len_mean          | 3.04         |
|    ep_rew_mean          | 0.19         |
| time/                   |              |
|    fps                  | 3678         |
|    iterations           | 29           |
|    time_elapsed         | 129          |
|    total_timesteps      | 3522560      |
| train/                  |              |
|    approx_kl            | 0.0023899416 |
|    clip_fraction        | 0.0161       |
|    clip_range           | 0.2          |
|    entropy_loss         | -0.214       |
|    explained_variance   | 0.446        |
|    learning_rate        | 0.0003       |
|    loss                 | 0.19         |
|    n_updates            | 856          |
|    policy_gradient_loss | -0.00413     |
|    value_loss           | 0.412        |
------------------------------------------
------------------------------------------
| rollout/                |              |
|    ep_len_mean          | 2.93         |
|    ep_rew_mean          | 0.11         |
| time/                   |              |
|    fps                  | 3686         |
|    iterations           | 30           |
|    time_elapsed         | 133          |
|    total_timesteps      | 3538944      |
| train/                  |              |
|    approx_kl            | 0.0025904307 |
|    clip_fraction        | 0.0181       |
|    clip_range           | 0.2          |
|    entropy_loss         | -0.219       |
|    explained_variance   | 0.447        |
|    learning_rate        | 0.0003       |
|    loss                 | 0.197        |
|    n_updates            | 860          |
|    policy_gradient_loss | -0.00424     |
|    value_loss           | 0.409        |
------------------------------------------
------------------------------------------
| rollout/                |              |
|    ep_len_mean          | 2.84         |
|    ep_rew_mean          | 0.22         |
| time/                   |              |
|    fps                  | 3689         |
|    iterations           | 31           |
|    time_elapsed         | 137          |
|    total_timesteps      | 3555328      |
| train/                  |              |
|    approx_kl            | 0.0023757895 |
|    clip_fraction        | 0.0172       |
|    clip_range           | 0.2          |
|    entropy_loss         | -0.213       |
|    explained_variance   | 0.458        |
|    learning_rate        | 0.0003       |
|    loss                 | 0.187        |
|    n_updates            | 864          |
|    policy_gradient_loss | -0.00404     |
|    value_loss           | 0.403        |
------------------------------------------
  [checkpoint] saved truco_threshold_3500000.zip
Logging to /home/guido/Desktop/fac/2026/mmo/truco-py/logs/MaskablePPO_threshold_7
---------------------------------
| rollout/           |          |
|    ep_len_mean     | 2.79     |
|    ep_rew_mean     | -0.02    |
| time/              |          |
|    fps             | 3630     |
|    iterations      | 1        |
|    time_elapsed    | 4        |
|    total_timesteps | 3571712  |
---------------------------------
------------------------------------------
| rollout/                |              |
|    ep_len_mean          | 2.84         |
|    ep_rew_mean          | 0.3          |
| time/                   |              |
|    fps                  | 3567         |
|    iterations           | 2            |
|    time_elapsed         | 9            |
|    total_timesteps      | 3588096      |
| train/                  |              |
|    approx_kl            | 0.0027484107 |
|    clip_fraction        | 0.0206       |
|    clip_range           | 0.2          |
|    entropy_loss         | -0.216       |
|    explained_variance   | 0.453        |
|    learning_rate        | 0.0003       |
|    loss                 | 0.194        |
|    n_updates            | 872          |
|    policy_gradient_loss | -0.00413     |
|    value_loss           | 0.407        |
------------------------------------------
------------------------------------------
| rollout/                |              |
|    ep_len_mean          | 2.76         |
|    ep_rew_mean          | 0.15         |
| time/                   |              |
|    fps                  | 3631         |
|    iterations           | 3            |
|    time_elapsed         | 13           |
|    total_timesteps      | 3604480      |
| train/                  |              |
|    approx_kl            | 0.0025345744 |
|    clip_fraction        | 0.0172       |
|    clip_range           | 0.2          |
|    entropy_loss         | -0.213       |
|    explained_variance   | 0.46         |
|    learning_rate        | 0.0003       |
|    loss                 | 0.186        |
|    n_updates            | 876          |
|    policy_gradient_loss | -0.00387     |
|    value_loss           | 0.409        |
------------------------------------------
------------------------------------------
| rollout/                |              |
|    ep_len_mean          | 2.81         |
|    ep_rew_mean          | 0.27         |
| time/                   |              |
|    fps                  | 3639         |
|    iterations           | 4            |
|    time_elapsed         | 18           |
|    total_timesteps      | 3620864      |
| train/                  |              |
|    approx_kl            | 0.0022271762 |
|    clip_fraction        | 0.018        |
|    clip_range           | 0.2          |
|    entropy_loss         | -0.219       |
|    explained_variance   | 0.431        |
|    learning_rate        | 0.0003       |
|    loss                 | 0.198        |
|    n_updates            | 880          |
|    policy_gradient_loss | -0.00431     |
|    value_loss           | 0.421        |
------------------------------------------
------------------------------------------
| rollout/                |              |
|    ep_len_mean          | 2.53         |
|    ep_rew_mean          | 0.26         |
| time/                   |              |
|    fps                  | 3640         |
|    iterations           | 5            |
|    time_elapsed         | 22           |
|    total_timesteps      | 3637248      |
| train/                  |              |
|    approx_kl            | 0.0026210528 |
|    clip_fraction        | 0.0175       |
|    clip_range           | 0.2          |
|    entropy_loss         | -0.217       |
|    explained_variance   | 0.44         |
|    learning_rate        | 0.0003       |
|    loss                 | 0.181        |
|    n_updates            | 884          |
|    policy_gradient_loss | -0.00395     |
|    value_loss           | 0.406        |
------------------------------------------
------------------------------------------
| rollout/                |              |
|    ep_len_mean          | 2.99         |
|    ep_rew_mean          | 0.16         |
| time/                   |              |
|    fps                  | 3637         |
|    iterations           | 6            |
|    time_elapsed         | 27           |
|    total_timesteps      | 3653632      |
| train/                  |              |
|    approx_kl            | 0.0025665152 |
|    clip_fraction        | 0.0176       |
|    clip_range           | 0.2          |
|    entropy_loss         | -0.222       |
|    explained_variance   | 0.446        |
|    learning_rate        | 0.0003       |
|    loss                 | 0.187        |
|    n_updates            | 888          |
|    policy_gradient_loss | -0.00431     |
|    value_loss           | 0.415        |
------------------------------------------
------------------------------------------
| rollout/                |              |
|    ep_len_mean          | 2.89         |
|    ep_rew_mean          | 0.16         |
| time/                   |              |
|    fps                  | 3615         |
|    iterations           | 7            |
|    time_elapsed         | 31           |
|    total_timesteps      | 3670016      |
| train/                  |              |
|    approx_kl            | 0.0026251813 |
|    clip_fraction        | 0.0179       |
|    clip_range           | 0.2          |
|    entropy_loss         | -0.221       |
|    explained_variance   | 0.462        |
|    learning_rate        | 0.0003       |
|    loss                 | 0.183        |
|    n_updates            | 892          |
|    policy_gradient_loss | -0.00427     |
|    value_loss           | 0.399        |
------------------------------------------
------------------------------------------
| rollout/                |              |
|    ep_len_mean          | 3.02         |
|    ep_rew_mean          | 0.41         |
| time/                   |              |
|    fps                  | 3637         |
|    iterations           | 8            |
|    time_elapsed         | 36           |
|    total_timesteps      | 3686400      |
| train/                  |              |
|    approx_kl            | 0.0026526353 |
|    clip_fraction        | 0.0178       |
|    clip_range           | 0.2          |
|    entropy_loss         | -0.22        |
|    explained_variance   | 0.467        |
|    learning_rate        | 0.0003       |
|    loss                 | 0.175        |
|    n_updates            | 896          |
|    policy_gradient_loss | -0.00454     |
|    value_loss           | 0.398        |
------------------------------------------
-----------------------------------------
| rollout/                |             |
|    ep_len_mean          | 2.62        |
|    ep_rew_mean          | 0.16        |
| time/                   |             |
|    fps                  | 3684        |
|    iterations           | 9           |
|    time_elapsed         | 40          |
|    total_timesteps      | 3702784     |
| train/                  |             |
|    approx_kl            | 0.002956261 |
|    clip_fraction        | 0.0199      |
|    clip_range           | 0.2         |
|    entropy_loss         | -0.222      |
|    explained_variance   | 0.438       |
|    learning_rate        | 0.0003      |
|    loss                 | 0.19        |
|    n_updates            | 900         |
|    policy_gradient_loss | -0.00462    |
|    value_loss           | 0.417       |
-----------------------------------------
------------------------------------------
| rollout/                |              |
|    ep_len_mean          | 3.02         |
|    ep_rew_mean          | -0.03        |
| time/                   |              |
|    fps                  | 3691         |
|    iterations           | 10           |
|    time_elapsed         | 44           |
|    total_timesteps      | 3719168      |
| train/                  |              |
|    approx_kl            | 0.0024871803 |
|    clip_fraction        | 0.0225       |
|    clip_range           | 0.2          |
|    entropy_loss         | -0.22        |
|    explained_variance   | 0.454        |
|    learning_rate        | 0.0003       |
|    loss                 | 0.17         |
|    n_updates            | 904          |
|    policy_gradient_loss | -0.00427     |
|    value_loss           | 0.401        |
------------------------------------------
------------------------------------------
| rollout/                |              |
|    ep_len_mean          | 2.69         |
|    ep_rew_mean          | 0.17         |
| time/                   |              |
|    fps                  | 3699         |
|    iterations           | 11           |
|    time_elapsed         | 48           |
|    total_timesteps      | 3735552      |
| train/                  |              |
|    approx_kl            | 0.0028055254 |
|    clip_fraction        | 0.0177       |
|    clip_range           | 0.2          |
|    entropy_loss         | -0.219       |
|    explained_variance   | 0.447        |
|    learning_rate        | 0.0003       |
|    loss                 | 0.191        |
|    n_updates            | 908          |
|    policy_gradient_loss | -0.00428     |
|    value_loss           | 0.403        |
------------------------------------------
------------------------------------------
| rollout/                |              |
|    ep_len_mean          | 2.87         |
|    ep_rew_mean          | 0.17         |
| time/                   |              |
|    fps                  | 3700         |
|    iterations           | 12           |
|    time_elapsed         | 53           |
|    total_timesteps      | 3751936      |
| train/                  |              |
|    approx_kl            | 0.0028841074 |
|    clip_fraction        | 0.02         |
|    clip_range           | 0.2          |
|    entropy_loss         | -0.223       |
|    explained_variance   | 0.448        |
|    learning_rate        | 0.0003       |
|    loss                 | 0.186        |
|    n_updates            | 912          |
|    policy_gradient_loss | -0.00438     |
|    value_loss           | 0.411        |
------------------------------------------
------------------------------------------
| rollout/                |              |
|    ep_len_mean          | 2.69         |
|    ep_rew_mean          | 0.01         |
| time/                   |              |
|    fps                  | 3708         |
|    iterations           | 13           |
|    time_elapsed         | 57           |
|    total_timesteps      | 3768320      |
| train/                  |              |
|    approx_kl            | 0.0029233298 |
|    clip_fraction        | 0.0257       |
|    clip_range           | 0.2          |
|    entropy_loss         | -0.223       |
|    explained_variance   | 0.432        |
|    learning_rate        | 0.0003       |
|    loss                 | 0.193        |
|    n_updates            | 916          |
|    policy_gradient_loss | -0.00476     |
|    value_loss           | 0.424        |
------------------------------------------
------------------------------------------
| rollout/                |              |
|    ep_len_mean          | 2.53         |
|    ep_rew_mean          | 0.22         |
| time/                   |              |
|    fps                  | 3705         |
|    iterations           | 14           |
|    time_elapsed         | 61           |
|    total_timesteps      | 3784704      |
| train/                  |              |
|    approx_kl            | 0.0028269577 |
|    clip_fraction        | 0.019        |
|    clip_range           | 0.2          |
|    entropy_loss         | -0.221       |
|    explained_variance   | 0.45         |
|    learning_rate        | 0.0003       |
|    loss                 | 0.19         |
|    n_updates            | 920          |
|    policy_gradient_loss | -0.00442     |
|    value_loss           | 0.407        |
------------------------------------------
------------------------------------------
| rollout/                |              |
|    ep_len_mean          | 2.7          |
|    ep_rew_mean          | 0.18         |
| time/                   |              |
|    fps                  | 3703         |
|    iterations           | 15           |
|    time_elapsed         | 66           |
|    total_timesteps      | 3801088      |
| train/                  |              |
|    approx_kl            | 0.0026835036 |
|    clip_fraction        | 0.0181       |
|    clip_range           | 0.2          |
|    entropy_loss         | -0.218       |
|    explained_variance   | 0.443        |
|    learning_rate        | 0.0003       |
|    loss                 | 0.191        |
|    n_updates            | 924          |
|    policy_gradient_loss | -0.00404     |
|    value_loss           | 0.411        |
------------------------------------------
-----------------------------------------
| rollout/                |             |
|    ep_len_mean          | 2.81        |
|    ep_rew_mean          | 0.27        |
| time/                   |             |
|    fps                  | 3688        |
|    iterations           | 16          |
|    time_elapsed         | 71          |
|    total_timesteps      | 3817472     |
| train/                  |             |
|    approx_kl            | 0.002494895 |
|    clip_fraction        | 0.0191      |
|    clip_range           | 0.2         |
|    entropy_loss         | -0.22       |
|    explained_variance   | 0.448       |
|    learning_rate        | 0.0003      |
|    loss                 | 0.19        |
|    n_updates            | 928         |
|    policy_gradient_loss | -0.00451    |
|    value_loss           | 0.408       |
-----------------------------------------
-----------------------------------------
| rollout/                |             |
|    ep_len_mean          | 2.64        |
|    ep_rew_mean          | 0.18        |
| time/                   |             |
|    fps                  | 3689        |
|    iterations           | 17          |
|    time_elapsed         | 75          |
|    total_timesteps      | 3833856     |
| train/                  |             |
|    approx_kl            | 0.002575675 |
|    clip_fraction        | 0.02        |
|    clip_range           | 0.2         |
|    entropy_loss         | -0.216      |
|    explained_variance   | 0.458       |
|    learning_rate        | 0.0003      |
|    loss                 | 0.188       |
|    n_updates            | 932         |
|    policy_gradient_loss | -0.00443    |
|    value_loss           | 0.407       |
-----------------------------------------
------------------------------------------
| rollout/                |              |
|    ep_len_mean          | 2.52         |
|    ep_rew_mean          | 0.07         |
| time/                   |              |
|    fps                  | 3686         |
|    iterations           | 18           |
|    time_elapsed         | 79           |
|    total_timesteps      | 3850240      |
| train/                  |              |
|    approx_kl            | 0.0026008077 |
|    clip_fraction        | 0.0197       |
|    clip_range           | 0.2          |
|    entropy_loss         | -0.221       |
|    explained_variance   | 0.453        |
|    learning_rate        | 0.0003       |
|    loss                 | 0.184        |
|    n_updates            | 936          |
|    policy_gradient_loss | -0.00435     |
|    value_loss           | 0.406        |
------------------------------------------
------------------------------------------
| rollout/                |              |
|    ep_len_mean          | 2.65         |
|    ep_rew_mean          | 0.51         |
| time/                   |              |
|    fps                  | 3682         |
|    iterations           | 19           |
|    time_elapsed         | 84           |
|    total_timesteps      | 3866624      |
| train/                  |              |
|    approx_kl            | 0.0028388242 |
|    clip_fraction        | 0.02         |
|    clip_range           | 0.2          |
|    entropy_loss         | -0.218       |
|    explained_variance   | 0.442        |
|    learning_rate        | 0.0003       |
|    loss                 | 0.189        |
|    n_updates            | 940          |
|    policy_gradient_loss | -0.00488     |
|    value_loss           | 0.414        |
------------------------------------------
-----------------------------------------
| rollout/                |             |
|    ep_len_mean          | 2.64        |
|    ep_rew_mean          | 0.14        |
| time/                   |             |
|    fps                  | 3687        |
|    iterations           | 20          |
|    time_elapsed         | 88          |
|    total_timesteps      | 3883008     |
| train/                  |             |
|    approx_kl            | 0.002565383 |
|    clip_fraction        | 0.0188      |
|    clip_range           | 0.2         |
|    entropy_loss         | -0.215      |
|    explained_variance   | 0.434       |
|    learning_rate        | 0.0003      |
|    loss                 | 0.19        |
|    n_updates            | 944         |
|    policy_gradient_loss | -0.0048     |
|    value_loss           | 0.417       |
-----------------------------------------
------------------------------------------
| rollout/                |              |
|    ep_len_mean          | 2.72         |
|    ep_rew_mean          | 0.17         |
| time/                   |              |
|    fps                  | 3702         |
|    iterations           | 21           |
|    time_elapsed         | 92           |
|    total_timesteps      | 3899392      |
| train/                  |              |
|    approx_kl            | 0.0030462218 |
|    clip_fraction        | 0.0178       |
|    clip_range           | 0.2          |
|    entropy_loss         | -0.218       |
|    explained_variance   | 0.45         |
|    learning_rate        | 0.0003       |
|    loss                 | 0.192        |
|    n_updates            | 948          |
|    policy_gradient_loss | -0.00419     |
|    value_loss           | 0.411        |
------------------------------------------
------------------------------------------
| rollout/                |              |
|    ep_len_mean          | 2.97         |
|    ep_rew_mean          | 0.14         |
| time/                   |              |
|    fps                  | 3694         |
|    iterations           | 22           |
|    time_elapsed         | 97           |
|    total_timesteps      | 3915776      |
| train/                  |              |
|    approx_kl            | 0.0033057889 |
|    clip_fraction        | 0.0238       |
|    clip_range           | 0.2          |
|    entropy_loss         | -0.218       |
|    explained_variance   | 0.449        |
|    learning_rate        | 0.0003       |
|    loss                 | 0.185        |
|    n_updates            | 952          |
|    policy_gradient_loss | -0.00492     |
|    value_loss           | 0.41         |
------------------------------------------
-----------------------------------------
| rollout/                |             |
|    ep_len_mean          | 2.88        |
|    ep_rew_mean          | 0.21        |
| time/                   |             |
|    fps                  | 3691        |
|    iterations           | 23          |
|    time_elapsed         | 102         |
|    total_timesteps      | 3932160     |
| train/                  |             |
|    approx_kl            | 0.002811707 |
|    clip_fraction        | 0.018       |
|    clip_range           | 0.2         |
|    entropy_loss         | -0.218      |
|    explained_variance   | 0.461       |
|    learning_rate        | 0.0003      |
|    loss                 | 0.185       |
|    n_updates            | 956         |
|    policy_gradient_loss | -0.00457    |
|    value_loss           | 0.4         |
-----------------------------------------
------------------------------------------
| rollout/                |              |
|    ep_len_mean          | 2.77         |
|    ep_rew_mean          | 0.29         |
| time/                   |              |
|    fps                  | 3680         |
|    iterations           | 24           |
|    time_elapsed         | 106          |
|    total_timesteps      | 3948544      |
| train/                  |              |
|    approx_kl            | 0.0027499632 |
|    clip_fraction        | 0.0193       |
|    clip_range           | 0.2          |
|    entropy_loss         | -0.216       |
|    explained_variance   | 0.453        |
|    learning_rate        | 0.0003       |
|    loss                 | 0.189        |
|    n_updates            | 960          |
|    policy_gradient_loss | -0.00432     |
|    value_loss           | 0.403        |
------------------------------------------
------------------------------------------
| rollout/                |              |
|    ep_len_mean          | 2.88         |
|    ep_rew_mean          | 0.31         |
| time/                   |              |
|    fps                  | 3673         |
|    iterations           | 25           |
|    time_elapsed         | 111          |
|    total_timesteps      | 3964928      |
| train/                  |              |
|    approx_kl            | 0.0025487812 |
|    clip_fraction        | 0.019        |
|    clip_range           | 0.2          |
|    entropy_loss         | -0.221       |
|    explained_variance   | 0.448        |
|    learning_rate        | 0.0003       |
|    loss                 | 0.187        |
|    n_updates            | 964          |
|    policy_gradient_loss | -0.0045      |
|    value_loss           | 0.41         |
------------------------------------------
-----------------------------------------
| rollout/                |             |
|    ep_len_mean          | 2.97        |
|    ep_rew_mean          | 0.25        |
| time/                   |             |
|    fps                  | 3671        |
|    iterations           | 26          |
|    time_elapsed         | 116         |
|    total_timesteps      | 3981312     |
| train/                  |             |
|    approx_kl            | 0.002427347 |
|    clip_fraction        | 0.0196      |
|    clip_range           | 0.2         |
|    entropy_loss         | -0.216      |
|    explained_variance   | 0.447       |
|    learning_rate        | 0.0003      |
|    loss                 | 0.183       |
|    n_updates            | 968         |
|    policy_gradient_loss | -0.0047     |
|    value_loss           | 0.408       |
-----------------------------------------
------------------------------------------
| rollout/                |              |
|    ep_len_mean          | 2.73         |
|    ep_rew_mean          | 0.05         |
| time/                   |              |
|    fps                  | 3667         |
|    iterations           | 27           |
|    time_elapsed         | 120          |
|    total_timesteps      | 3997696      |
| train/                  |              |
|    approx_kl            | 0.0025234078 |
|    clip_fraction        | 0.0185       |
|    clip_range           | 0.2          |
|    entropy_loss         | -0.216       |
|    explained_variance   | 0.461        |
|    learning_rate        | 0.0003       |
|    loss                 | 0.186        |
|    n_updates            | 972          |
|    policy_gradient_loss | -0.00421     |
|    value_loss           | 0.402        |
------------------------------------------
------------------------------------------
| rollout/                |              |
|    ep_len_mean          | 2.72         |
|    ep_rew_mean          | 0.25         |
| time/                   |              |
|    fps                  | 3662         |
|    iterations           | 28           |
|    time_elapsed         | 125          |
|    total_timesteps      | 4014080      |
| train/                  |              |
|    approx_kl            | 0.0024837581 |
|    clip_fraction        | 0.0201       |
|    clip_range           | 0.2          |
|    entropy_loss         | -0.214       |
|    explained_variance   | 0.452        |
|    learning_rate        | 0.0003       |
|    loss                 | 0.194        |
|    n_updates            | 976          |
|    policy_gradient_loss | -0.00472     |
|    value_loss           | 0.403        |
------------------------------------------
-----------------------------------------
| rollout/                |             |
|    ep_len_mean          | 3.07        |
|    ep_rew_mean          | 0.05        |
| time/                   |             |
|    fps                  | 3665        |
|    iterations           | 29          |
|    time_elapsed         | 129         |
|    total_timesteps      | 4030464     |
| train/                  |             |
|    approx_kl            | 0.002918105 |
|    clip_fraction        | 0.0193      |
|    clip_range           | 0.2         |
|    entropy_loss         | -0.217      |
|    explained_variance   | 0.455       |
|    learning_rate        | 0.0003      |
|    loss                 | 0.187       |
|    n_updates            | 980         |
|    policy_gradient_loss | -0.00453    |
|    value_loss           | 0.405       |
-----------------------------------------
------------------------------------------
| rollout/                |              |
|    ep_len_mean          | 2.63         |
|    ep_rew_mean          | 0.27         |
| time/                   |              |
|    fps                  | 3673         |
|    iterations           | 30           |
|    time_elapsed         | 133          |
|    total_timesteps      | 4046848      |
| train/                  |              |
|    approx_kl            | 0.0025830003 |
|    clip_fraction        | 0.0186       |
|    clip_range           | 0.2          |
|    entropy_loss         | -0.215       |
|    explained_variance   | 0.442        |
|    learning_rate        | 0.0003       |
|    loss                 | 0.191        |
|    n_updates            | 984          |
|    policy_gradient_loss | -0.0046      |
|    value_loss           | 0.41         |
------------------------------------------
------------------------------------------
| rollout/                |              |
|    ep_len_mean          | 2.81         |
|    ep_rew_mean          | 0.16         |
| time/                   |              |
|    fps                  | 3673         |
|    iterations           | 31           |
|    time_elapsed         | 138          |
|    total_timesteps      | 4063232      |
| train/                  |              |
|    approx_kl            | 0.0027706635 |
|    clip_fraction        | 0.0194       |
|    clip_range           | 0.2          |
|    entropy_loss         | -0.218       |
|    explained_variance   | 0.463        |
|    learning_rate        | 0.0003       |
|    loss                 | 0.18         |
|    n_updates            | 988          |
|    policy_gradient_loss | -0.00447     |
|    value_loss           | 0.397        |
------------------------------------------
  [checkpoint] saved truco_threshold_4000000.zip
Logging to /home/guido/Desktop/fac/2026/mmo/truco-py/logs/MaskablePPO_threshold_7
---------------------------------
| rollout/           |          |
|    ep_len_mean     | 2.87     |
|    ep_rew_mean     | 0.27     |
| time/              |          |
|    fps             | 3696     |
|    iterations      | 1        |
|    time_elapsed    | 4        |
|    total_timesteps | 4079616  |
---------------------------------
------------------------------------------
| rollout/                |              |
|    ep_len_mean          | 3.06         |
|    ep_rew_mean          | 0.2          |
| time/                   |              |
|    fps                  | 3617         |
|    iterations           | 2            |
|    time_elapsed         | 9            |
|    total_timesteps      | 4096000      |
| train/                  |              |
|    approx_kl            | 0.0024459762 |
|    clip_fraction        | 0.0198       |
|    clip_range           | 0.2          |
|    entropy_loss         | -0.213       |
|    explained_variance   | 0.444        |
|    learning_rate        | 0.0003       |
|    loss                 | 0.175        |
|    n_updates            | 996          |
|    policy_gradient_loss | -0.00431     |
|    value_loss           | 0.404        |
------------------------------------------
------------------------------------------
| rollout/                |              |
|    ep_len_mean          | 2.78         |
|    ep_rew_mean          | 0.17         |
| time/                   |              |
|    fps                  | 3615         |
|    iterations           | 3            |
|    time_elapsed         | 13           |
|    total_timesteps      | 4112384      |
| train/                  |              |
|    approx_kl            | 0.0025492627 |
|    clip_fraction        | 0.02         |
|    clip_range           | 0.2          |
|    entropy_loss         | -0.216       |
|    explained_variance   | 0.454        |
|    learning_rate        | 0.0003       |
|    loss                 | 0.19         |
|    n_updates            | 1000         |
|    policy_gradient_loss | -0.0041      |
|    value_loss           | 0.404        |
------------------------------------------
------------------------------------------
| rollout/                |              |
|    ep_len_mean          | 2.75         |
|    ep_rew_mean          | 0.22         |
| time/                   |              |
|    fps                  | 3591         |
|    iterations           | 4            |
|    time_elapsed         | 18           |
|    total_timesteps      | 4128768      |
| train/                  |              |
|    approx_kl            | 0.0023979002 |
|    clip_fraction        | 0.0156       |
|    clip_range           | 0.2          |
|    entropy_loss         | -0.21        |
|    explained_variance   | 0.441        |
|    learning_rate        | 0.0003       |
|    loss                 | 0.201        |
|    n_updates            | 1004         |
|    policy_gradient_loss | -0.00405     |
|    value_loss           | 0.414        |
------------------------------------------
------------------------------------------
| rollout/                |              |
|    ep_len_mean          | 2.78         |
|    ep_rew_mean          | 0.22         |
| time/                   |              |
|    fps                  | 3624         |
|    iterations           | 5            |
|    time_elapsed         | 22           |
|    total_timesteps      | 4145152      |
| train/                  |              |
|    approx_kl            | 0.0028525698 |
|    clip_fraction        | 0.0203       |
|    clip_range           | 0.2          |
|    entropy_loss         | -0.219       |
|    explained_variance   | 0.459        |
|    learning_rate        | 0.0003       |
|    loss                 | 0.181        |
|    n_updates            | 1008         |
|    policy_gradient_loss | -0.00462     |
|    value_loss           | 0.404        |
------------------------------------------
-----------------------------------------
| rollout/                |             |
|    ep_len_mean          | 2.95        |
|    ep_rew_mean          | 0.25        |
| time/                   |             |
|    fps                  | 3627        |
|    iterations           | 6           |
|    time_elapsed         | 27          |
|    total_timesteps      | 4161536     |
| train/                  |             |
|    approx_kl            | 0.002896546 |
|    clip_fraction        | 0.0178      |
|    clip_range           | 0.2         |
|    entropy_loss         | -0.217      |
|    explained_variance   | 0.447       |
|    learning_rate        | 0.0003      |
|    loss                 | 0.187       |
|    n_updates            | 1012        |
|    policy_gradient_loss | -0.00474    |
|    value_loss           | 0.409       |
-----------------------------------------
------------------------------------------
| rollout/                |              |
|    ep_len_mean          | 2.62         |
|    ep_rew_mean          | 0.37         |
| time/                   |              |
|    fps                  | 3657         |
|    iterations           | 7            |
|    time_elapsed         | 31           |
|    total_timesteps      | 4177920      |
| train/                  |              |
|    approx_kl            | 0.0027506496 |
|    clip_fraction        | 0.0169       |
|    clip_range           | 0.2          |
|    entropy_loss         | -0.218       |
|    explained_variance   | 0.45         |
|    learning_rate        | 0.0003       |
|    loss                 | 0.178        |
|    n_updates            | 1016         |
|    policy_gradient_loss | -0.00425     |
|    value_loss           | 0.405        |
------------------------------------------
------------------------------------------
| rollout/                |              |
|    ep_len_mean          | 2.9          |
|    ep_rew_mean          | 0.15         |
| time/                   |              |
|    fps                  | 3652         |
|    iterations           | 8            |
|    time_elapsed         | 35           |
|    total_timesteps      | 4194304      |
| train/                  |              |
|    approx_kl            | 0.0027999287 |
|    clip_fraction        | 0.0178       |
|    clip_range           | 0.2          |
|    entropy_loss         | -0.216       |
|    explained_variance   | 0.454        |
|    learning_rate        | 0.0003       |
|    loss                 | 0.188        |
|    n_updates            | 1020         |
|    policy_gradient_loss | -0.00452     |
|    value_loss           | 0.403        |
------------------------------------------
------------------------------------------
| rollout/                |              |
|    ep_len_mean          | 2.77         |
|    ep_rew_mean          | 0.05         |
| time/                   |              |
|    fps                  | 3654         |
|    iterations           | 9            |
|    time_elapsed         | 40           |
|    total_timesteps      | 4210688      |
| train/                  |              |
|    approx_kl            | 0.0023916955 |
|    clip_fraction        | 0.0168       |
|    clip_range           | 0.2          |
|    entropy_loss         | -0.219       |
|    explained_variance   | 0.451        |
|    learning_rate        | 0.0003       |
|    loss                 | 0.191        |
|    n_updates            | 1024         |
|    policy_gradient_loss | -0.00406     |
|    value_loss           | 0.409        |
------------------------------------------
------------------------------------------
| rollout/                |              |
|    ep_len_mean          | 3.05         |
|    ep_rew_mean          | 0.21         |
| time/                   |              |
|    fps                  | 3656         |
|    iterations           | 10           |
|    time_elapsed         | 44           |
|    total_timesteps      | 4227072      |
| train/                  |              |
|    approx_kl            | 0.0026792737 |
|    clip_fraction        | 0.0184       |
|    clip_range           | 0.2          |
|    entropy_loss         | -0.214       |
|    explained_variance   | 0.454        |
|    learning_rate        | 0.0003       |
|    loss                 | 0.184        |
|    n_updates            | 1028         |
|    policy_gradient_loss | -0.00422     |
|    value_loss           | 0.401        |
------------------------------------------
------------------------------------------
| rollout/                |              |
|    ep_len_mean          | 2.88         |
|    ep_rew_mean          | 0.12         |
| time/                   |              |
|    fps                  | 3650         |
|    iterations           | 11           |
|    time_elapsed         | 49           |
|    total_timesteps      | 4243456      |
| train/                  |              |
|    approx_kl            | 0.0024851467 |
|    clip_fraction        | 0.0184       |
|    clip_range           | 0.2          |
|    entropy_loss         | -0.217       |
|    explained_variance   | 0.444        |
|    learning_rate        | 0.0003       |
|    loss                 | 0.198        |
|    n_updates            | 1032         |
|    policy_gradient_loss | -0.00453     |
|    value_loss           | 0.417        |
------------------------------------------
------------------------------------------
| rollout/                |              |
|    ep_len_mean          | 2.64         |
|    ep_rew_mean          | -0.03        |
| time/                   |              |
|    fps                  | 3646         |
|    iterations           | 12           |
|    time_elapsed         | 53           |
|    total_timesteps      | 4259840      |
| train/                  |              |
|    approx_kl            | 0.0029971953 |
|    clip_fraction        | 0.0223       |
|    clip_range           | 0.2          |
|    entropy_loss         | -0.217       |
|    explained_variance   | 0.453        |
|    learning_rate        | 0.0003       |
|    loss                 | 0.185        |
|    n_updates            | 1036         |
|    policy_gradient_loss | -0.00482     |
|    value_loss           | 0.404        |
------------------------------------------
------------------------------------------
| rollout/                |              |
|    ep_len_mean          | 2.66         |
|    ep_rew_mean          | 0.19         |
| time/                   |              |
|    fps                  | 3650         |
|    iterations           | 13           |
|    time_elapsed         | 58           |
|    total_timesteps      | 4276224      |
| train/                  |              |
|    approx_kl            | 0.0026057395 |
|    clip_fraction        | 0.0169       |
|    clip_range           | 0.2          |
|    entropy_loss         | -0.215       |
|    explained_variance   | 0.456        |
|    learning_rate        | 0.0003       |
|    loss                 | 0.194        |
|    n_updates            | 1040         |
|    policy_gradient_loss | -0.00432     |
|    value_loss           | 0.407        |
------------------------------------------
------------------------------------------
| rollout/                |              |
|    ep_len_mean          | 2.83         |
|    ep_rew_mean          | 0.12         |
| time/                   |              |
|    fps                  | 3648         |
|    iterations           | 14           |
|    time_elapsed         | 62           |
|    total_timesteps      | 4292608      |
| train/                  |              |
|    approx_kl            | 0.0024713133 |
|    clip_fraction        | 0.0168       |
|    clip_range           | 0.2          |
|    entropy_loss         | -0.214       |
|    explained_variance   | 0.471        |
|    learning_rate        | 0.0003       |
|    loss                 | 0.179        |
|    n_updates            | 1044         |
|    policy_gradient_loss | -0.00372     |
|    value_loss           | 0.391        |
------------------------------------------
------------------------------------------
| rollout/                |              |
|    ep_len_mean          | 2.81         |
|    ep_rew_mean          | 0.18         |
| time/                   |              |
|    fps                  | 3636         |
|    iterations           | 15           |
|    time_elapsed         | 67           |
|    total_timesteps      | 4308992      |
| train/                  |              |
|    approx_kl            | 0.0027519541 |
|    clip_fraction        | 0.021        |
|    clip_range           | 0.2          |
|    entropy_loss         | -0.212       |
|    explained_variance   | 0.439        |
|    learning_rate        | 0.0003       |
|    loss                 | 0.183        |
|    n_updates            | 1048         |
|    policy_gradient_loss | -0.00483     |
|    value_loss           | 0.409        |
------------------------------------------
----------------------------------------
| rollout/                |            |
|    ep_len_mean          | 2.62       |
|    ep_rew_mean          | 0.2        |
| time/                   |            |
|    fps                  | 3632       |
|    iterations           | 16         |
|    time_elapsed         | 72         |
|    total_timesteps      | 4325376    |
| train/                  |            |
|    approx_kl            | 0.00281867 |
|    clip_fraction        | 0.0208     |
|    clip_range           | 0.2        |
|    entropy_loss         | -0.212     |
|    explained_variance   | 0.459      |
|    learning_rate        | 0.0003     |
|    loss                 | 0.173      |
|    n_updates            | 1052       |
|    policy_gradient_loss | -0.00445   |
|    value_loss           | 0.401      |
----------------------------------------
------------------------------------------
| rollout/                |              |
|    ep_len_mean          | 2.74         |
|    ep_rew_mean          | 0.15         |
| time/                   |              |
|    fps                  | 3622         |
|    iterations           | 17           |
|    time_elapsed         | 76           |
|    total_timesteps      | 4341760      |
| train/                  |              |
|    approx_kl            | 0.0027509509 |
|    clip_fraction        | 0.0178       |
|    clip_range           | 0.2          |
|    entropy_loss         | -0.206       |
|    explained_variance   | 0.436        |
|    learning_rate        | 0.0003       |
|    loss                 | 0.187        |
|    n_updates            | 1056         |
|    policy_gradient_loss | -0.0044      |
|    value_loss           | 0.413        |
------------------------------------------
------------------------------------------
| rollout/                |              |
|    ep_len_mean          | 2.83         |
|    ep_rew_mean          | 0.32         |
| time/                   |              |
|    fps                  | 3619         |
|    iterations           | 18           |
|    time_elapsed         | 81           |
|    total_timesteps      | 4358144      |
| train/                  |              |
|    approx_kl            | 0.0027321964 |
|    clip_fraction        | 0.0188       |
|    clip_range           | 0.2          |
|    entropy_loss         | -0.205       |
|    explained_variance   | 0.471        |
|    learning_rate        | 0.0003       |
|    loss                 | 0.179        |
|    n_updates            | 1060         |
|    policy_gradient_loss | -0.00445     |
|    value_loss           | 0.391        |
------------------------------------------
------------------------------------------
| rollout/                |              |
|    ep_len_mean          | 2.59         |
|    ep_rew_mean          | 0.26         |
| time/                   |              |
|    fps                  | 3608         |
|    iterations           | 19           |
|    time_elapsed         | 86           |
|    total_timesteps      | 4374528      |
| train/                  |              |
|    approx_kl            | 0.0029075225 |
|    clip_fraction        | 0.0189       |
|    clip_range           | 0.2          |
|    entropy_loss         | -0.206       |
|    explained_variance   | 0.461        |
|    learning_rate        | 0.0003       |
|    loss                 | 0.186        |
|    n_updates            | 1064         |
|    policy_gradient_loss | -0.00446     |
|    value_loss           | 0.402        |
------------------------------------------
------------------------------------------
| rollout/                |              |
|    ep_len_mean          | 2.65         |
|    ep_rew_mean          | 0.2          |
| time/                   |              |
|    fps                  | 3611         |
|    iterations           | 20           |
|    time_elapsed         | 90           |
|    total_timesteps      | 4390912      |
| train/                  |              |
|    approx_kl            | 0.0026825643 |
|    clip_fraction        | 0.0188       |
|    clip_range           | 0.2          |
|    entropy_loss         | -0.205       |
|    explained_variance   | 0.453        |
|    learning_rate        | 0.0003       |
|    loss                 | 0.181        |
|    n_updates            | 1068         |
|    policy_gradient_loss | -0.00463     |
|    value_loss           | 0.403        |
------------------------------------------
------------------------------------------
| rollout/                |              |
|    ep_len_mean          | 2.71         |
|    ep_rew_mean          | 0.17         |
| time/                   |              |
|    fps                  | 3614         |
|    iterations           | 21           |
|    time_elapsed         | 95           |
|    total_timesteps      | 4407296      |
| train/                  |              |
|    approx_kl            | 0.0029165582 |
|    clip_fraction        | 0.0235       |
|    clip_range           | 0.2          |
|    entropy_loss         | -0.21        |
|    explained_variance   | 0.448        |
|    learning_rate        | 0.0003       |
|    loss                 | 0.182        |
|    n_updates            | 1072         |
|    policy_gradient_loss | -0.00447     |
|    value_loss           | 0.411        |
------------------------------------------
------------------------------------------
| rollout/                |              |
|    ep_len_mean          | 2.74         |
|    ep_rew_mean          | 0.27         |
| time/                   |              |
|    fps                  | 3615         |
|    iterations           | 22           |
|    time_elapsed         | 99           |
|    total_timesteps      | 4423680      |
| train/                  |              |
|    approx_kl            | 0.0029497254 |
|    clip_fraction        | 0.0201       |
|    clip_range           | 0.2          |
|    entropy_loss         | -0.208       |
|    explained_variance   | 0.439        |
|    learning_rate        | 0.0003       |
|    loss                 | 0.197        |
|    n_updates            | 1076         |
|    policy_gradient_loss | -0.00402     |
|    value_loss           | 0.419        |
------------------------------------------
-----------------------------------------
| rollout/                |             |
|    ep_len_mean          | 3.01        |
|    ep_rew_mean          | 0.24        |
| time/                   |             |
|    fps                  | 3617        |
|    iterations           | 23          |
|    time_elapsed         | 104         |
|    total_timesteps      | 4440064     |
| train/                  |             |
|    approx_kl            | 0.002877836 |
|    clip_fraction        | 0.0214      |
|    clip_range           | 0.2         |
|    entropy_loss         | -0.209      |
|    explained_variance   | 0.455       |
|    learning_rate        | 0.0003      |
|    loss                 | 0.184       |
|    n_updates            | 1080        |
|    policy_gradient_loss | -0.00466    |
|    value_loss           | 0.401       |
-----------------------------------------
------------------------------------------
| rollout/                |              |
|    ep_len_mean          | 3.04         |
|    ep_rew_mean          | 0.06         |
| time/                   |              |
|    fps                  | 3615         |
|    iterations           | 24           |
|    time_elapsed         | 108          |
|    total_timesteps      | 4456448      |
| train/                  |              |
|    approx_kl            | 0.0032406498 |
|    clip_fraction        | 0.0232       |
|    clip_range           | 0.2          |
|    entropy_loss         | -0.214       |
|    explained_variance   | 0.465        |
|    learning_rate        | 0.0003       |
|    loss                 | 0.171        |
|    n_updates            | 1084         |
|    policy_gradient_loss | -0.00501     |
|    value_loss           | 0.392        |
------------------------------------------
------------------------------------------
| rollout/                |              |
|    ep_len_mean          | 2.83         |
|    ep_rew_mean          | 0.38         |
| time/                   |              |
|    fps                  | 3614         |
|    iterations           | 25           |
|    time_elapsed         | 113          |
|    total_timesteps      | 4472832      |
| train/                  |              |
|    approx_kl            | 0.0022231867 |
|    clip_fraction        | 0.0159       |
|    clip_range           | 0.2          |
|    entropy_loss         | -0.209       |
|    explained_variance   | 0.459        |
|    learning_rate        | 0.0003       |
|    loss                 | 0.195        |
|    n_updates            | 1088         |
|    policy_gradient_loss | -0.00404     |
|    value_loss           | 0.405        |
------------------------------------------
-----------------------------------------
| rollout/                |             |
|    ep_len_mean          | 2.87        |
|    ep_rew_mean          | 0.18        |
| time/                   |             |
|    fps                  | 3620        |
|    iterations           | 26          |
|    time_elapsed         | 117         |
|    total_timesteps      | 4489216     |
| train/                  |             |
|    approx_kl            | 0.002395605 |
|    clip_fraction        | 0.0165      |
|    clip_range           | 0.2         |
|    entropy_loss         | -0.214      |
|    explained_variance   | 0.449       |
|    learning_rate        | 0.0003      |
|    loss                 | 0.191       |
|    n_updates            | 1092        |
|    policy_gradient_loss | -0.00427    |
|    value_loss           | 0.411       |
-----------------------------------------
------------------------------------------
| rollout/                |              |
|    ep_len_mean          | 2.71         |
|    ep_rew_mean          | 0.1          |
| time/                   |              |
|    fps                  | 3623         |
|    iterations           | 27           |
|    time_elapsed         | 122          |
|    total_timesteps      | 4505600      |
| train/                  |              |
|    approx_kl            | 0.0020207982 |
|    clip_fraction        | 0.0167       |
|    clip_range           | 0.2          |
|    entropy_loss         | -0.213       |
|    explained_variance   | 0.446        |
|    learning_rate        | 0.0003       |
|    loss                 | 0.185        |
|    n_updates            | 1096         |
|    policy_gradient_loss | -0.00429     |
|    value_loss           | 0.41         |
------------------------------------------
------------------------------------------
| rollout/                |              |
|    ep_len_mean          | 2.8          |
|    ep_rew_mean          | 0.28         |
| time/                   |              |
|    fps                  | 3618         |
|    iterations           | 28           |
|    time_elapsed         | 126          |
|    total_timesteps      | 4521984      |
| train/                  |              |
|    approx_kl            | 0.0026073775 |
|    clip_fraction        | 0.0219       |
|    clip_range           | 0.2          |
|    entropy_loss         | -0.208       |
|    explained_variance   | 0.465        |
|    learning_rate        | 0.0003       |
|    loss                 | 0.185        |
|    n_updates            | 1100         |
|    policy_gradient_loss | -0.00421     |
|    value_loss           | 0.401        |
------------------------------------------
------------------------------------------
| rollout/                |              |
|    ep_len_mean          | 2.76         |
|    ep_rew_mean          | 0.3          |
| time/                   |              |
|    fps                  | 3616         |
|    iterations           | 29           |
|    time_elapsed         | 131          |
|    total_timesteps      | 4538368      |
| train/                  |              |
|    approx_kl            | 0.0023783282 |
|    clip_fraction        | 0.0164       |
|    clip_range           | 0.2          |
|    entropy_loss         | -0.207       |
|    explained_variance   | 0.451        |
|    learning_rate        | 0.0003       |
|    loss                 | 0.187        |
|    n_updates            | 1104         |
|    policy_gradient_loss | -0.00439     |
|    value_loss           | 0.409        |
------------------------------------------
-----------------------------------------
| rollout/                |             |
|    ep_len_mean          | 2.83        |
|    ep_rew_mean          | 0.25        |
| time/                   |             |
|    fps                  | 3623        |
|    iterations           | 30          |
|    time_elapsed         | 135         |
|    total_timesteps      | 4554752     |
| train/                  |             |
|    approx_kl            | 0.002447509 |
|    clip_fraction        | 0.0162      |
|    clip_range           | 0.2         |
|    entropy_loss         | -0.209      |
|    explained_variance   | 0.441       |
|    learning_rate        | 0.0003      |
|    loss                 | 0.18        |
|    n_updates            | 1108        |
|    policy_gradient_loss | -0.00382    |
|    value_loss           | 0.414       |
-----------------------------------------
------------------------------------------
| rollout/                |              |
|    ep_len_mean          | 2.8          |
|    ep_rew_mean          | 0.21         |
| time/                   |              |
|    fps                  | 3626         |
|    iterations           | 31           |
|    time_elapsed         | 140          |
|    total_timesteps      | 4571136      |
| train/                  |              |
|    approx_kl            | 0.0026268247 |
|    clip_fraction        | 0.0189       |
|    clip_range           | 0.2          |
|    entropy_loss         | -0.212       |
|    explained_variance   | 0.453        |
|    learning_rate        | 0.0003       |
|    loss                 | 0.187        |
|    n_updates            | 1112         |
|    policy_gradient_loss | -0.00424     |
|    value_loss           | 0.406        |
------------------------------------------
  [checkpoint] saved truco_threshold_4500000.zip
Logging to /home/guido/Desktop/fac/2026/mmo/truco-py/logs/MaskablePPO_threshold_7
---------------------------------
| rollout/           |          |
|    ep_len_mean     | 2.6      |
|    ep_rew_mean     | 0        |
| time/              |          |
|    fps             | 3667     |
|    iterations      | 1        |
|    time_elapsed    | 4        |
|    total_timesteps | 4587520  |
---------------------------------
------------------------------------------
| rollout/                |              |
|    ep_len_mean          | 2.77         |
|    ep_rew_mean          | 0.35         |
| time/                   |              |
|    fps                  | 3666         |
|    iterations           | 2            |
|    time_elapsed         | 8            |
|    total_timesteps      | 4603904      |
| train/                  |              |
|    approx_kl            | 0.0028118966 |
|    clip_fraction        | 0.0197       |
|    clip_range           | 0.2          |
|    entropy_loss         | -0.211       |
|    explained_variance   | 0.459        |
|    learning_rate        | 0.0003       |
|    loss                 | 0.195        |
|    n_updates            | 1120         |
|    policy_gradient_loss | -0.00471     |
|    value_loss           | 0.408        |
------------------------------------------
-----------------------------------------
| rollout/                |             |
|    ep_len_mean          | 3.01        |
|    ep_rew_mean          | 0.16        |
| time/                   |             |
|    fps                  | 3667        |
|    iterations           | 3           |
|    time_elapsed         | 13          |
|    total_timesteps      | 4620288     |
| train/                  |             |
|    approx_kl            | 0.002402248 |
|    clip_fraction        | 0.0165      |
|    clip_range           | 0.2         |
|    entropy_loss         | -0.207      |
|    explained_variance   | 0.436       |
|    learning_rate        | 0.0003      |
|    loss                 | 0.192       |
|    n_updates            | 1124        |
|    policy_gradient_loss | -0.00405    |
|    value_loss           | 0.415       |
-----------------------------------------
-----------------------------------------
| rollout/                |             |
|    ep_len_mean          | 2.76        |
|    ep_rew_mean          | -0.01       |
| time/                   |             |
|    fps                  | 3745        |
|    iterations           | 4           |
|    time_elapsed         | 17          |
|    total_timesteps      | 4636672     |
| train/                  |             |
|    approx_kl            | 0.002552777 |
|    clip_fraction        | 0.018       |
|    clip_range           | 0.2         |
|    entropy_loss         | -0.208      |
|    explained_variance   | 0.445       |
|    learning_rate        | 0.0003      |
|    loss                 | 0.186       |
|    n_updates            | 1128        |
|    policy_gradient_loss | -0.00455    |
|    value_loss           | 0.409       |
-----------------------------------------
------------------------------------------
| rollout/                |              |
|    ep_len_mean          | 2.87         |
|    ep_rew_mean          | 0.29         |
| time/                   |              |
|    fps                  | 3842         |
|    iterations           | 5            |
|    time_elapsed         | 21           |
|    total_timesteps      | 4653056      |
| train/                  |              |
|    approx_kl            | 0.0025232537 |
|    clip_fraction        | 0.0204       |
|    clip_range           | 0.2          |
|    entropy_loss         | -0.212       |
|    explained_variance   | 0.465        |
|    learning_rate        | 0.0003       |
|    loss                 | 0.184        |
|    n_updates            | 1132         |
|    policy_gradient_loss | -0.00433     |
|    value_loss           | 0.399        |
------------------------------------------
------------------------------------------
| rollout/                |              |
|    ep_len_mean          | 2.91         |
|    ep_rew_mean          | 0.24         |
| time/                   |              |
|    fps                  | 3807         |
|    iterations           | 6            |
|    time_elapsed         | 25           |
|    total_timesteps      | 4669440      |
| train/                  |              |
|    approx_kl            | 0.0024254094 |
|    clip_fraction        | 0.0186       |
|    clip_range           | 0.2          |
|    entropy_loss         | -0.211       |
|    explained_variance   | 0.446        |
|    learning_rate        | 0.0003       |
|    loss                 | 0.186        |
|    n_updates            | 1136         |
|    policy_gradient_loss | -0.00432     |
|    value_loss           | 0.406        |
------------------------------------------
-----------------------------------------
| rollout/                |             |
|    ep_len_mean          | 2.61        |
|    ep_rew_mean          | 0.14        |
| time/                   |             |
|    fps                  | 3807        |
|    iterations           | 7           |
|    time_elapsed         | 30          |
|    total_timesteps      | 4685824     |
| train/                  |             |
|    approx_kl            | 0.002581317 |
|    clip_fraction        | 0.0175      |
|    clip_range           | 0.2         |
|    entropy_loss         | -0.207      |
|    explained_variance   | 0.445       |
|    learning_rate        | 0.0003      |
|    loss                 | 0.185       |
|    n_updates            | 1140        |
|    policy_gradient_loss | -0.0045     |
|    value_loss           | 0.405       |
-----------------------------------------
------------------------------------------
| rollout/                |              |
|    ep_len_mean          | 2.79         |
|    ep_rew_mean          | 0.27         |
| time/                   |              |
|    fps                  | 3758         |
|    iterations           | 8            |
|    time_elapsed         | 34           |
|    total_timesteps      | 4702208      |
| train/                  |              |
|    approx_kl            | 0.0031539497 |
|    clip_fraction        | 0.0206       |
|    clip_range           | 0.2          |
|    entropy_loss         | -0.212       |
|    explained_variance   | 0.471        |
|    learning_rate        | 0.0003       |
|    loss                 | 0.181        |
|    n_updates            | 1144         |
|    policy_gradient_loss | -0.00492     |
|    value_loss           | 0.393        |
------------------------------------------
-----------------------------------------
| rollout/                |             |
|    ep_len_mean          | 2.64        |
|    ep_rew_mean          | 0.14        |
| time/                   |             |
|    fps                  | 3619        |
|    iterations           | 9           |
|    time_elapsed         | 40          |
|    total_timesteps      | 4718592     |
| train/                  |             |
|    approx_kl            | 0.003182067 |
|    clip_fraction        | 0.0204      |
|    clip_range           | 0.2         |
|    entropy_loss         | -0.207      |
|    explained_variance   | 0.464       |
|    learning_rate        | 0.0003      |
|    loss                 | 0.186       |
|    n_updates            | 1148        |
|    policy_gradient_loss | -0.0048     |
|    value_loss           | 0.401       |
-----------------------------------------
------------------------------------------
| rollout/                |              |
|    ep_len_mean          | 2.78         |
|    ep_rew_mean          | 0.23         |
| time/                   |              |
|    fps                  | 3604         |
|    iterations           | 10           |
|    time_elapsed         | 45           |
|    total_timesteps      | 4734976      |
| train/                  |              |
|    approx_kl            | 0.0025184425 |
|    clip_fraction        | 0.0177       |
|    clip_range           | 0.2          |
|    entropy_loss         | -0.21        |
|    explained_variance   | 0.458        |
|    learning_rate        | 0.0003       |
|    loss                 | 0.187        |
|    n_updates            | 1152         |
|    policy_gradient_loss | -0.00443     |
|    value_loss           | 0.401        |
------------------------------------------
------------------------------------------
| rollout/                |              |
|    ep_len_mean          | 2.94         |
|    ep_rew_mean          | 0.29         |
| time/                   |              |
|    fps                  | 3587         |
|    iterations           | 11           |
|    time_elapsed         | 50           |
|    total_timesteps      | 4751360      |
| train/                  |              |
|    approx_kl            | 0.0029242113 |
|    clip_fraction        | 0.0201       |
|    clip_range           | 0.2          |
|    entropy_loss         | -0.209       |
|    explained_variance   | 0.444        |
|    learning_rate        | 0.0003       |
|    loss                 | 0.187        |
|    n_updates            | 1156         |
|    policy_gradient_loss | -0.00478     |
|    value_loss           | 0.411        |
------------------------------------------
-----------------------------------------
| rollout/                |             |
|    ep_len_mean          | 2.83        |
|    ep_rew_mean          | 0.23        |
| time/                   |             |
|    fps                  | 3585        |
|    iterations           | 12          |
|    time_elapsed         | 54          |
|    total_timesteps      | 4767744     |
| train/                  |             |
|    approx_kl            | 0.002426501 |
|    clip_fraction        | 0.0167      |
|    clip_range           | 0.2         |
|    entropy_loss         | -0.207      |
|    explained_variance   | 0.454       |
|    learning_rate        | 0.0003      |
|    loss                 | 0.186       |
|    n_updates            | 1160        |
|    policy_gradient_loss | -0.00387    |
|    value_loss           | 0.405       |
-----------------------------------------
------------------------------------------
| rollout/                |              |
|    ep_len_mean          | 2.69         |
|    ep_rew_mean          | 0.05         |
| time/                   |              |
|    fps                  | 3582         |
|    iterations           | 13           |
|    time_elapsed         | 59           |
|    total_timesteps      | 4784128      |
| train/                  |              |
|    approx_kl            | 0.0027327873 |
|    clip_fraction        | 0.021        |
|    clip_range           | 0.2          |
|    entropy_loss         | -0.209       |
|    explained_variance   | 0.467        |
|    learning_rate        | 0.0003       |
|    loss                 | 0.18         |
|    n_updates            | 1164         |
|    policy_gradient_loss | -0.00465     |
|    value_loss           | 0.393        |
------------------------------------------
------------------------------------------
| rollout/                |              |
|    ep_len_mean          | 2.85         |
|    ep_rew_mean          | 0.31         |
| time/                   |              |
|    fps                  | 3569         |
|    iterations           | 14           |
|    time_elapsed         | 64           |
|    total_timesteps      | 4800512      |
| train/                  |              |
|    approx_kl            | 0.0027807571 |
|    clip_fraction        | 0.0184       |
|    clip_range           | 0.2          |
|    entropy_loss         | -0.209       |
|    explained_variance   | 0.455        |
|    learning_rate        | 0.0003       |
|    loss                 | 0.182        |
|    n_updates            | 1168         |
|    policy_gradient_loss | -0.00462     |
|    value_loss           | 0.398        |
------------------------------------------
------------------------------------------
| rollout/                |              |
|    ep_len_mean          | 2.68         |
|    ep_rew_mean          | 0.28         |
| time/                   |              |
|    fps                  | 3564         |
|    iterations           | 15           |
|    time_elapsed         | 68           |
|    total_timesteps      | 4816896      |
| train/                  |              |
|    approx_kl            | 0.0029310465 |
|    clip_fraction        | 0.0198       |
|    clip_range           | 0.2          |
|    entropy_loss         | -0.206       |
|    explained_variance   | 0.45         |
|    learning_rate        | 0.0003       |
|    loss                 | 0.179        |
|    n_updates            | 1172         |
|    policy_gradient_loss | -0.00407     |
|    value_loss           | 0.405        |
------------------------------------------
------------------------------------------
| rollout/                |              |
|    ep_len_mean          | 2.67         |
|    ep_rew_mean          | 0.29         |
| time/                   |              |
|    fps                  | 3565         |
|    iterations           | 16           |
|    time_elapsed         | 73           |
|    total_timesteps      | 4833280      |
| train/                  |              |
|    approx_kl            | 0.0027293416 |
|    clip_fraction        | 0.0225       |
|    clip_range           | 0.2          |
|    entropy_loss         | -0.201       |
|    explained_variance   | 0.456        |
|    learning_rate        | 0.0003       |
|    loss                 | 0.193        |
|    n_updates            | 1176         |
|    policy_gradient_loss | -0.00489     |
|    value_loss           | 0.409        |
------------------------------------------
------------------------------------------
| rollout/                |              |
|    ep_len_mean          | 2.85         |
|    ep_rew_mean          | 0.16         |
| time/                   |              |
|    fps                  | 3564         |
|    iterations           | 17           |
|    time_elapsed         | 78           |
|    total_timesteps      | 4849664      |
| train/                  |              |
|    approx_kl            | 0.0021574032 |
|    clip_fraction        | 0.0174       |
|    clip_range           | 0.2          |
|    entropy_loss         | -0.202       |
|    explained_variance   | 0.451        |
|    learning_rate        | 0.0003       |
|    loss                 | 0.182        |
|    n_updates            | 1180         |
|    policy_gradient_loss | -0.00429     |
|    value_loss           | 0.408        |
------------------------------------------
------------------------------------------
| rollout/                |              |
|    ep_len_mean          | 2.75         |
|    ep_rew_mean          | 0.17         |
| time/                   |              |
|    fps                  | 3557         |
|    iterations           | 18           |
|    time_elapsed         | 82           |
|    total_timesteps      | 4866048      |
| train/                  |              |
|    approx_kl            | 0.0029397476 |
|    clip_fraction        | 0.0191       |
|    clip_range           | 0.2          |
|    entropy_loss         | -0.202       |
|    explained_variance   | 0.463        |
|    learning_rate        | 0.0003       |
|    loss                 | 0.185        |
|    n_updates            | 1184         |
|    policy_gradient_loss | -0.00444     |
|    value_loss           | 0.399        |
------------------------------------------
------------------------------------------
| rollout/                |              |
|    ep_len_mean          | 2.73         |
|    ep_rew_mean          | 0.02         |
| time/                   |              |
|    fps                  | 3566         |
|    iterations           | 19           |
|    time_elapsed         | 87           |
|    total_timesteps      | 4882432      |
| train/                  |              |
|    approx_kl            | 0.0026456239 |
|    clip_fraction        | 0.0189       |
|    clip_range           | 0.2          |
|    entropy_loss         | -0.207       |
|    explained_variance   | 0.462        |
|    learning_rate        | 0.0003       |
|    loss                 | 0.176        |
|    n_updates            | 1188         |
|    policy_gradient_loss | -0.00465     |
|    value_loss           | 0.402        |
------------------------------------------
-----------------------------------------
| rollout/                |             |
|    ep_len_mean          | 2.84        |
|    ep_rew_mean          | 0.28        |
| time/                   |             |
|    fps                  | 3579        |
|    iterations           | 20          |
|    time_elapsed         | 91          |
|    total_timesteps      | 4898816     |
| train/                  |             |
|    approx_kl            | 0.002811003 |
|    clip_fraction        | 0.0185      |
|    clip_range           | 0.2         |
|    entropy_loss         | -0.206      |
|    explained_variance   | 0.449       |
|    learning_rate        | 0.0003      |
|    loss                 | 0.193       |
|    n_updates            | 1192        |
|    policy_gradient_loss | -0.00435    |
|    value_loss           | 0.406       |
-----------------------------------------
------------------------------------------
| rollout/                |              |
|    ep_len_mean          | 2.67         |
|    ep_rew_mean          | 0.27         |
| time/                   |              |
|    fps                  | 3591         |
|    iterations           | 21           |
|    time_elapsed         | 95           |
|    total_timesteps      | 4915200      |
| train/                  |              |
|    approx_kl            | 0.0024165132 |
|    clip_fraction        | 0.0155       |
|    clip_range           | 0.2          |
|    entropy_loss         | -0.206       |
|    explained_variance   | 0.449        |
|    learning_rate        | 0.0003       |
|    loss                 | 0.187        |
|    n_updates            | 1196         |
|    policy_gradient_loss | -0.00405     |
|    value_loss           | 0.408        |
------------------------------------------
------------------------------------------
| rollout/                |              |
|    ep_len_mean          | 2.94         |
|    ep_rew_mean          | 0.33         |
| time/                   |              |
|    fps                  | 3599         |
|    iterations           | 22           |
|    time_elapsed         | 100          |
|    total_timesteps      | 4931584      |
| train/                  |              |
|    approx_kl            | 0.0023705803 |
|    clip_fraction        | 0.0177       |
|    clip_range           | 0.2          |
|    entropy_loss         | -0.208       |
|    explained_variance   | 0.458        |
|    learning_rate        | 0.0003       |
|    loss                 | 0.174        |
|    n_updates            | 1200         |
|    policy_gradient_loss | -0.00455     |
|    value_loss           | 0.4          |
------------------------------------------
------------------------------------------
| rollout/                |              |
|    ep_len_mean          | 2.68         |
|    ep_rew_mean          | 0.09         |
| time/                   |              |
|    fps                  | 3602         |
|    iterations           | 23           |
|    time_elapsed         | 104          |
|    total_timesteps      | 4947968      |
| train/                  |              |
|    approx_kl            | 0.0025319557 |
|    clip_fraction        | 0.0177       |
|    clip_range           | 0.2          |
|    entropy_loss         | -0.21        |
|    explained_variance   | 0.453        |
|    learning_rate        | 0.0003       |
|    loss                 | 0.199        |
|    n_updates            | 1204         |
|    policy_gradient_loss | -0.00453     |
|    value_loss           | 0.407        |
------------------------------------------
------------------------------------------
| rollout/                |              |
|    ep_len_mean          | 2.82         |
|    ep_rew_mean          | 0.19         |
| time/                   |              |
|    fps                  | 3603         |
|    iterations           | 24           |
|    time_elapsed         | 109          |
|    total_timesteps      | 4964352      |
| train/                  |              |
|    approx_kl            | 0.0021662414 |
|    clip_fraction        | 0.0165       |
|    clip_range           | 0.2          |
|    entropy_loss         | -0.207       |
|    explained_variance   | 0.448        |
|    learning_rate        | 0.0003       |
|    loss                 | 0.189        |
|    n_updates            | 1208         |
|    policy_gradient_loss | -0.00413     |
|    value_loss           | 0.401        |
------------------------------------------
-----------------------------------------
| rollout/                |             |
|    ep_len_mean          | 2.68        |
|    ep_rew_mean          | 0.31        |
| time/                   |             |
|    fps                  | 3601        |
|    iterations           | 25          |
|    time_elapsed         | 113         |
|    total_timesteps      | 4980736     |
| train/                  |             |
|    approx_kl            | 0.003461978 |
|    clip_fraction        | 0.0199      |
|    clip_range           | 0.2         |
|    entropy_loss         | -0.21       |
|    explained_variance   | 0.433       |
|    learning_rate        | 0.0003      |
|    loss                 | 0.191       |
|    n_updates            | 1212        |
|    policy_gradient_loss | -0.00494    |
|    value_loss           | 0.416       |
-----------------------------------------
------------------------------------------
| rollout/                |              |
|    ep_len_mean          | 2.83         |
|    ep_rew_mean          | 0.23         |
| time/                   |              |
|    fps                  | 3602         |
|    iterations           | 26           |
|    time_elapsed         | 118          |
|    total_timesteps      | 4997120      |
| train/                  |              |
|    approx_kl            | 0.0025821715 |
|    clip_fraction        | 0.0206       |
|    clip_range           | 0.2          |
|    entropy_loss         | -0.209       |
|    explained_variance   | 0.434        |
|    learning_rate        | 0.0003       |
|    loss                 | 0.177        |
|    n_updates            | 1216         |
|    policy_gradient_loss | -0.00458     |
|    value_loss           | 0.419        |
------------------------------------------
-----------------------------------------
| rollout/                |             |
|    ep_len_mean          | 2.74        |
|    ep_rew_mean          | 0.14        |
| time/                   |             |
|    fps                  | 3599        |
|    iterations           | 27          |
|    time_elapsed         | 122         |
|    total_timesteps      | 5013504     |
| train/                  |             |
|    approx_kl            | 0.002516949 |
|    clip_fraction        | 0.0177      |
|    clip_range           | 0.2         |
|    entropy_loss         | -0.209      |
|    explained_variance   | 0.461       |
|    learning_rate        | 0.0003      |
|    loss                 | 0.179       |
|    n_updates            | 1220        |
|    policy_gradient_loss | -0.00474    |
|    value_loss           | 0.399       |
-----------------------------------------
----------------------------------------
| rollout/                |            |
|    ep_len_mean          | 2.81       |
|    ep_rew_mean          | 0.19       |
| time/                   |            |
|    fps                  | 3600       |
|    iterations           | 28         |
|    time_elapsed         | 127        |
|    total_timesteps      | 5029888    |
| train/                  |            |
|    approx_kl            | 0.00244322 |
|    clip_fraction        | 0.0187     |
|    clip_range           | 0.2        |
|    entropy_loss         | -0.212     |
|    explained_variance   | 0.452      |
|    learning_rate        | 0.0003     |
|    loss                 | 0.186      |
|    n_updates            | 1224       |
|    policy_gradient_loss | -0.00439   |
|    value_loss           | 0.406      |
----------------------------------------
------------------------------------------
| rollout/                |              |
|    ep_len_mean          | 2.75         |
|    ep_rew_mean          | 0.29         |
| time/                   |              |
|    fps                  | 3598         |
|    iterations           | 29           |
|    time_elapsed         | 132          |
|    total_timesteps      | 5046272      |
| train/                  |              |
|    approx_kl            | 0.0021767307 |
|    clip_fraction        | 0.0164       |
|    clip_range           | 0.2          |
|    entropy_loss         | -0.205       |
|    explained_variance   | 0.465        |
|    learning_rate        | 0.0003       |
|    loss                 | 0.172        |
|    n_updates            | 1228         |
|    policy_gradient_loss | -0.00414     |
|    value_loss           | 0.394        |
------------------------------------------
------------------------------------------
| rollout/                |              |
|    ep_len_mean          | 2.97         |
|    ep_rew_mean          | 0.16         |
| time/                   |              |
|    fps                  | 3593         |
|    iterations           | 30           |
|    time_elapsed         | 136          |
|    total_timesteps      | 5062656      |
| train/                  |              |
|    approx_kl            | 0.0033362852 |
|    clip_fraction        | 0.0231       |
|    clip_range           | 0.2          |
|    entropy_loss         | -0.208       |
|    explained_variance   | 0.467        |
|    learning_rate        | 0.0003       |
|    loss                 | 0.18         |
|    n_updates            | 1232         |
|    policy_gradient_loss | -0.00509     |
|    value_loss           | 0.393        |
------------------------------------------
-----------------------------------------
| rollout/                |             |
|    ep_len_mean          | 2.81        |
|    ep_rew_mean          | 0.3         |
| time/                   |             |
|    fps                  | 3597        |
|    iterations           | 31          |
|    time_elapsed         | 141         |
|    total_timesteps      | 5079040     |
| train/                  |             |
|    approx_kl            | 0.002644206 |
|    clip_fraction        | 0.0176      |
|    clip_range           | 0.2         |
|    entropy_loss         | -0.208      |
|    explained_variance   | 0.466       |
|    learning_rate        | 0.0003      |
|    loss                 | 0.176       |
|    n_updates            | 1236        |
|    policy_gradient_loss | -0.00465    |
|    value_loss           | 0.395       |
-----------------------------------------
  [checkpoint] saved truco_threshold_5000000.zip

Training complete in 23.4min. Final model: /home/guido/Desktop/fac/2026/mmo/truco-py/checkpoints/truco_threshold_final.zip
