2026-06-06 16:12:33,047 INFO     train — Truco RL Training
2026-06-06 16:12:33,047 INFO     train —   Opponent mode : selfplay
2026-06-06 16:12:33,047 INFO     train —   Total steps   : 20,000,000
2026-06-06 16:12:33,047 INFO     train —   Parallel envs : 16  (CPU cores: 20)
2026-06-06 16:12:33,047 INFO     train —   Shaped reward : True
2026-06-06 16:12:33,047 INFO     train —   Aux heads     : False  (lambda_max=0.100, anneal=10,000,000 steps)
2026-06-06 16:12:33,047 INFO     train —   MC rollouts   : 0  (V_MC in obs[169])
2026-06-06 16:12:33,047 INFO     train —   MC pot. reward: False
2026-06-06 16:12:33,047 INFO     train —   Threshold mix : 0.50  (selfplay only)
2026-06-06 16:12:33,047 INFO     train —   Load checkpoint: checkpoints/truco_selfplay_5600000.zip
2026-06-06 16:12:33,073 INFO     train —   Device        : cuda
2026-06-06 16:12:33,074 INFO     train —   Est. FPS      : ~2400  (16 envs × 150 FPS/env, capped at 20 cores)
2026-06-06 16:12:33,074 INFO     train —   Est. duration : ~1h 40m (rough — selfplay is slower)
2026-06-06 16:12:33,075 INFO     training.inference_server — InferenceServer started  device=cuda  n_envs=16
2026-06-06 16:12:33,075 INFO     train —   Inference server: GPU (cuda)
2026-06-06 16:12:33,159 INFO     train — Loading checkpoint: checkpoints/truco_selfplay_5600000.zip
2026-06-06 16:12:33,749 INFO     train — Resuming from step 5,600,000
Logging to /home/guido/Desktop/fac/2026/mmo/truco-py/logs/MaskablePPO_selfplay_7
---------------------------------
| rollout/           |          |
|    ep_len_mean     | 1.83     |
|    ep_rew_mean     | 0.704    |
| time/              |          |
|    fps             | 1527     |
|    iterations      | 1        |
|    time_elapsed    | 5        |
|    total_timesteps | 5701632  |
---------------------------------
------------------------------------------
| rollout/                |              |
|    ep_len_mean          | 1.97         |
|    ep_rew_mean          | 0.297        |
| time/                   |              |
|    fps                  | 1589         |
|    iterations           | 2            |
|    time_elapsed         | 10           |
|    total_timesteps      | 5709824      |
| train/                  |              |
|    approx_kl            | 0.0016520652 |
|    clip_fraction        | 0.00989      |
|    clip_range           | 0.2          |
|    entropy_loss         | -0.14        |
|    explained_variance   | 0.398        |
|    learning_rate        | 0.0003       |
|    loss                 | 0.589        |
|    n_updates            | 2784         |
|    policy_gradient_loss | -0.00285     |
|    value_loss           | 1.17         |
------------------------------------------
------------------------------------------
| rollout/                |              |
|    ep_len_mean          | 2.06         |
|    ep_rew_mean          | 0.598        |
| time/                   |              |
|    fps                  | 1589         |
|    iterations           | 3            |
|    time_elapsed         | 15           |
|    total_timesteps      | 5718016      |
| train/                  |              |
|    approx_kl            | 0.0012250607 |
|    clip_fraction        | 0.00815      |
|    clip_range           | 0.2          |
|    entropy_loss         | -0.146       |
|    explained_variance   | 0.375        |
|    learning_rate        | 0.0003       |
|    loss                 | 0.597        |
|    n_updates            | 2788         |
|    policy_gradient_loss | -0.00261     |
|    value_loss           | 1.22         |
------------------------------------------
------------------------------------------
| rollout/                |              |
|    ep_len_mean          | 2.17         |
|    ep_rew_mean          | 0.172        |
| time/                   |              |
|    fps                  | 1617         |
|    iterations           | 4            |
|    time_elapsed         | 20           |
|    total_timesteps      | 5726208      |
| train/                  |              |
|    approx_kl            | 0.0023013894 |
|    clip_fraction        | 0.0168       |
|    clip_range           | 0.2          |
|    entropy_loss         | -0.144       |
|    explained_variance   | 0.394        |
|    learning_rate        | 0.0003       |
|    loss                 | 0.561        |
|    n_updates            | 2792         |
|    policy_gradient_loss | -0.00324     |
|    value_loss           | 1.2          |
------------------------------------------
------------------------------------------
| rollout/                |              |
|    ep_len_mean          | 1.87         |
|    ep_rew_mean          | 0.372        |
| time/                   |              |
|    fps                  | 1616         |
|    iterations           | 5            |
|    time_elapsed         | 25           |
|    total_timesteps      | 5734400      |
| train/                  |              |
|    approx_kl            | 0.0019310018 |
|    clip_fraction        | 0.00958      |
|    clip_range           | 0.2          |
|    entropy_loss         | -0.149       |
|    explained_variance   | 0.368        |
|    learning_rate        | 0.0003       |
|    loss                 | 0.629        |
|    n_updates            | 2796         |
|    policy_gradient_loss | -0.00311     |
|    value_loss           | 1.26         |
------------------------------------------
------------------------------------------
| rollout/                |              |
|    ep_len_mean          | 2.17         |
|    ep_rew_mean          | 0.404        |
| time/                   |              |
|    fps                  | 1527         |
|    iterations           | 6            |
|    time_elapsed         | 32           |
|    total_timesteps      | 5742592      |
| train/                  |              |
|    approx_kl            | 0.0025737225 |
|    clip_fraction        | 0.0116       |
|    clip_range           | 0.2          |
|    entropy_loss         | -0.149       |
|    explained_variance   | 0.37         |
|    learning_rate        | 0.0003       |
|    loss                 | 0.603        |
|    n_updates            | 2800         |
|    policy_gradient_loss | -0.00303     |
|    value_loss           | 1.27         |
------------------------------------------
------------------------------------------
| rollout/                |              |
|    ep_len_mean          | 1.81         |
|    ep_rew_mean          | 0.4          |
| time/                   |              |
|    fps                  | 1509         |
|    iterations           | 7            |
|    time_elapsed         | 37           |
|    total_timesteps      | 5750784      |
| train/                  |              |
|    approx_kl            | 0.0014362216 |
|    clip_fraction        | 0.0118       |
|    clip_range           | 0.2          |
|    entropy_loss         | -0.153       |
|    explained_variance   | 0.391        |
|    learning_rate        | 0.0003       |
|    loss                 | 0.553        |
|    n_updates            | 2804         |
|    policy_gradient_loss | -0.00274     |
|    value_loss           | 1.18         |
------------------------------------------
------------------------------------------
| rollout/                |              |
|    ep_len_mean          | 1.71         |
|    ep_rew_mean          | 0.426        |
| time/                   |              |
|    fps                  | 1459         |
|    iterations           | 8            |
|    time_elapsed         | 44           |
|    total_timesteps      | 5758976      |
| train/                  |              |
|    approx_kl            | 0.0031723394 |
|    clip_fraction        | 0.0204       |
|    clip_range           | 0.2          |
|    entropy_loss         | -0.156       |
|    explained_variance   | 0.413        |
|    learning_rate        | 0.0003       |
|    loss                 | 0.55         |
|    n_updates            | 2808         |
|    policy_gradient_loss | -0.0035      |
|    value_loss           | 1.13         |
------------------------------------------
------------------------------------------
| rollout/                |              |
|    ep_len_mean          | 2.01         |
|    ep_rew_mean          | 0.356        |
| time/                   |              |
|    fps                  | 1480         |
|    iterations           | 9            |
|    time_elapsed         | 49           |
|    total_timesteps      | 5767168      |
| train/                  |              |
|    approx_kl            | 0.0019527073 |
|    clip_fraction        | 0.0157       |
|    clip_range           | 0.2          |
|    entropy_loss         | -0.157       |
|    explained_variance   | 0.406        |
|    learning_rate        | 0.0003       |
|    loss                 | 0.501        |
|    n_updates            | 2812         |
|    policy_gradient_loss | -0.00316     |
|    value_loss           | 1.22         |
------------------------------------------
------------------------------------------
| rollout/                |              |
|    ep_len_mean          | 2.2          |
|    ep_rew_mean          | 0.331        |
| time/                   |              |
|    fps                  | 1505         |
|    iterations           | 10           |
|    time_elapsed         | 54           |
|    total_timesteps      | 5775360      |
| train/                  |              |
|    approx_kl            | 0.0015971771 |
|    clip_fraction        | 0.0113       |
|    clip_range           | 0.2          |
|    entropy_loss         | -0.159       |
|    explained_variance   | 0.4          |
|    learning_rate        | 0.0003       |
|    loss                 | 0.652        |
|    n_updates            | 2816         |
|    policy_gradient_loss | -0.00318     |
|    value_loss           | 1.17         |
------------------------------------------
------------------------------------------
| rollout/                |              |
|    ep_len_mean          | 1.99         |
|    ep_rew_mean          | 0.311        |
| time/                   |              |
|    fps                  | 1502         |
|    iterations           | 11           |
|    time_elapsed         | 59           |
|    total_timesteps      | 5783552      |
| train/                  |              |
|    approx_kl            | 0.0023624685 |
|    clip_fraction        | 0.0163       |
|    clip_range           | 0.2          |
|    entropy_loss         | -0.159       |
|    explained_variance   | 0.401        |
|    learning_rate        | 0.0003       |
|    loss                 | 0.54         |
|    n_updates            | 2820         |
|    policy_gradient_loss | -0.00322     |
|    value_loss           | 1.15         |
------------------------------------------
-----------------------------------------
| rollout/                |             |
|    ep_len_mean          | 2.11        |
|    ep_rew_mean          | 0.353       |
| time/                   |             |
|    fps                  | 1504        |
|    iterations           | 12          |
|    time_elapsed         | 65          |
|    total_timesteps      | 5791744     |
| train/                  |             |
|    approx_kl            | 0.001831478 |
|    clip_fraction        | 0.0105      |
|    clip_range           | 0.2         |
|    entropy_loss         | -0.163      |
|    explained_variance   | 0.395       |
|    learning_rate        | 0.0003      |
|    loss                 | 0.563       |
|    n_updates            | 2824        |
|    policy_gradient_loss | -0.00323    |
|    value_loss           | 1.23        |
-----------------------------------------
------------------------------------------
| rollout/                |              |
|    ep_len_mean          | 1.91         |
|    ep_rew_mean          | 0.611        |
| time/                   |              |
|    fps                  | 1507         |
|    iterations           | 13           |
|    time_elapsed         | 70           |
|    total_timesteps      | 5799936      |
| train/                  |              |
|    approx_kl            | 0.0021876288 |
|    clip_fraction        | 0.0148       |
|    clip_range           | 0.2          |
|    entropy_loss         | -0.163       |
|    explained_variance   | 0.387        |
|    learning_rate        | 0.0003       |
|    loss                 | 0.537        |
|    n_updates            | 2828         |
|    policy_gradient_loss | -0.00333     |
|    value_loss           | 1.17         |
------------------------------------------
-----------------------------------------
| rollout/                |             |
|    ep_len_mean          | 2.2         |
|    ep_rew_mean          | 0.431       |
| time/                   |             |
|    fps                  | 1526        |
|    iterations           | 14          |
|    time_elapsed         | 75          |
|    total_timesteps      | 5808128     |
| train/                  |             |
|    approx_kl            | 0.001937033 |
|    clip_fraction        | 0.011       |
|    clip_range           | 0.2         |
|    entropy_loss         | -0.167      |
|    explained_variance   | 0.384       |
|    learning_rate        | 0.0003      |
|    loss                 | 0.497       |
|    n_updates            | 2832        |
|    policy_gradient_loss | -0.00322    |
|    value_loss           | 1.22        |
-----------------------------------------
------------------------------------------
| rollout/                |              |
|    ep_len_mean          | 2            |
|    ep_rew_mean          | 0.595        |
| time/                   |              |
|    fps                  | 1532         |
|    iterations           | 15           |
|    time_elapsed         | 80           |
|    total_timesteps      | 5816320      |
| train/                  |              |
|    approx_kl            | 0.0025205042 |
|    clip_fraction        | 0.0168       |
|    clip_range           | 0.2          |
|    entropy_loss         | -0.16        |
|    explained_variance   | 0.386        |
|    learning_rate        | 0.0003       |
|    loss                 | 0.562        |
|    n_updates            | 2836         |
|    policy_gradient_loss | -0.00331     |
|    value_loss           | 1.2          |
------------------------------------------
------------------------------------------
| rollout/                |              |
|    ep_len_mean          | 2.01         |
|    ep_rew_mean          | 0.13         |
| time/                   |              |
|    fps                  | 1541         |
|    iterations           | 16           |
|    time_elapsed         | 85           |
|    total_timesteps      | 5824512      |
| train/                  |              |
|    approx_kl            | 0.0014665385 |
|    clip_fraction        | 0.011        |
|    clip_range           | 0.2          |
|    entropy_loss         | -0.159       |
|    explained_variance   | 0.388        |
|    learning_rate        | 0.0003       |
|    loss                 | 0.534        |
|    n_updates            | 2840         |
|    policy_gradient_loss | -0.00293     |
|    value_loss           | 1.15         |
------------------------------------------
------------------------------------------
| rollout/                |              |
|    ep_len_mean          | 2.03         |
|    ep_rew_mean          | 0.428        |
| time/                   |              |
|    fps                  | 1547         |
|    iterations           | 17           |
|    time_elapsed         | 89           |
|    total_timesteps      | 5832704      |
| train/                  |              |
|    approx_kl            | 0.0021459144 |
|    clip_fraction        | 0.012        |
|    clip_range           | 0.2          |
|    entropy_loss         | -0.163       |
|    explained_variance   | 0.379        |
|    learning_rate        | 0.0003       |
|    loss                 | 0.567        |
|    n_updates            | 2844         |
|    policy_gradient_loss | -0.0028      |
|    value_loss           | 1.23         |
------------------------------------------
------------------------------------------
| rollout/                |              |
|    ep_len_mean          | 1.87         |
|    ep_rew_mean          | 0.657        |
| time/                   |              |
|    fps                  | 1546         |
|    iterations           | 18           |
|    time_elapsed         | 95           |
|    total_timesteps      | 5840896      |
| train/                  |              |
|    approx_kl            | 0.0020653445 |
|    clip_fraction        | 0.0109       |
|    clip_range           | 0.2          |
|    entropy_loss         | -0.164       |
|    explained_variance   | 0.387        |
|    learning_rate        | 0.0003       |
|    loss                 | 0.625        |
|    n_updates            | 2848         |
|    policy_gradient_loss | -0.00363     |
|    value_loss           | 1.28         |
------------------------------------------
-----------------------------------------
| rollout/                |             |
|    ep_len_mean          | 2.1         |
|    ep_rew_mean          | 0.6         |
| time/                   |             |
|    fps                  | 1543        |
|    iterations           | 19          |
|    time_elapsed         | 100         |
|    total_timesteps      | 5849088     |
| train/                  |             |
|    approx_kl            | 0.002566753 |
|    clip_fraction        | 0.0186      |
|    clip_range           | 0.2         |
|    entropy_loss         | -0.158      |
|    explained_variance   | 0.396       |
|    learning_rate        | 0.0003      |
|    loss                 | 0.504       |
|    n_updates            | 2852        |
|    policy_gradient_loss | -0.00365    |
|    value_loss           | 1.17        |
-----------------------------------------
------------------------------------------
| rollout/                |              |
|    ep_len_mean          | 1.95         |
|    ep_rew_mean          | 0.412        |
| time/                   |              |
|    fps                  | 1544         |
|    iterations           | 20           |
|    time_elapsed         | 106          |
|    total_timesteps      | 5857280      |
| train/                  |              |
|    approx_kl            | 0.0017602076 |
|    clip_fraction        | 0.0141       |
|    clip_range           | 0.2          |
|    entropy_loss         | -0.165       |
|    explained_variance   | 0.383        |
|    learning_rate        | 0.0003       |
|    loss                 | 0.552        |
|    n_updates            | 2856         |
|    policy_gradient_loss | -0.00283     |
|    value_loss           | 1.2          |
------------------------------------------
----------------------------------------
| rollout/                |            |
|    ep_len_mean          | 1.91       |
|    ep_rew_mean          | 0.24       |
| time/                   |            |
|    fps                  | 1550       |
|    iterations           | 21         |
|    time_elapsed         | 110        |
|    total_timesteps      | 5865472    |
| train/                  |            |
|    approx_kl            | 0.00175371 |
|    clip_fraction        | 0.0121     |
|    clip_range           | 0.2        |
|    entropy_loss         | -0.159     |
|    explained_variance   | 0.356      |
|    learning_rate        | 0.0003     |
|    loss                 | 0.589      |
|    n_updates            | 2860       |
|    policy_gradient_loss | -0.00253   |
|    value_loss           | 1.29       |
----------------------------------------
------------------------------------------
| rollout/                |              |
|    ep_len_mean          | 1.89         |
|    ep_rew_mean          | 0.455        |
| time/                   |              |
|    fps                  | 1559         |
|    iterations           | 22           |
|    time_elapsed         | 115          |
|    total_timesteps      | 5873664      |
| train/                  |              |
|    approx_kl            | 0.0022439922 |
|    clip_fraction        | 0.0124       |
|    clip_range           | 0.2          |
|    entropy_loss         | -0.167       |
|    explained_variance   | 0.39         |
|    learning_rate        | 0.0003       |
|    loss                 | 0.586        |
|    n_updates            | 2864         |
|    policy_gradient_loss | -0.00309     |
|    value_loss           | 1.19         |
------------------------------------------
------------------------------------------
| rollout/                |              |
|    ep_len_mean          | 1.8          |
|    ep_rew_mean          | 0.547        |
| time/                   |              |
|    fps                  | 1563         |
|    iterations           | 23           |
|    time_elapsed         | 120          |
|    total_timesteps      | 5881856      |
| train/                  |              |
|    approx_kl            | 0.0017087299 |
|    clip_fraction        | 0.0109       |
|    clip_range           | 0.2          |
|    entropy_loss         | -0.164       |
|    explained_variance   | 0.37         |
|    learning_rate        | 0.0003       |
|    loss                 | 0.643        |
|    n_updates            | 2868         |
|    policy_gradient_loss | -0.00291     |
|    value_loss           | 1.28         |
------------------------------------------
-----------------------------------------
| rollout/                |             |
|    ep_len_mean          | 2.16        |
|    ep_rew_mean          | 0.351       |
| time/                   |             |
|    fps                  | 1561        |
|    iterations           | 24          |
|    time_elapsed         | 125         |
|    total_timesteps      | 5890048     |
| train/                  |             |
|    approx_kl            | 0.001521349 |
|    clip_fraction        | 0.0115      |
|    clip_range           | 0.2         |
|    entropy_loss         | -0.159      |
|    explained_variance   | 0.393       |
|    learning_rate        | 0.0003      |
|    loss                 | 0.614       |
|    n_updates            | 2872        |
|    policy_gradient_loss | -0.00296    |
|    value_loss           | 1.2         |
-----------------------------------------
------------------------------------------
| rollout/                |              |
|    ep_len_mean          | 1.86         |
|    ep_rew_mean          | 0.58         |
| time/                   |              |
|    fps                  | 1568         |
|    iterations           | 25           |
|    time_elapsed         | 130          |
|    total_timesteps      | 5898240      |
| train/                  |              |
|    approx_kl            | 0.0014202559 |
|    clip_fraction        | 0.0113       |
|    clip_range           | 0.2          |
|    entropy_loss         | -0.165       |
|    explained_variance   | 0.366        |
|    learning_rate        | 0.0003       |
|    loss                 | 0.608        |
|    n_updates            | 2876         |
|    policy_gradient_loss | -0.00319     |
|    value_loss           | 1.28         |
------------------------------------------
------------------------------------------
| rollout/                |              |
|    ep_len_mean          | 1.88         |
|    ep_rew_mean          | 0.608        |
| time/                   |              |
|    fps                  | 1564         |
|    iterations           | 26           |
|    time_elapsed         | 136          |
|    total_timesteps      | 5906432      |
| train/                  |              |
|    approx_kl            | 0.0025879906 |
|    clip_fraction        | 0.0136       |
|    clip_range           | 0.2          |
|    entropy_loss         | -0.161       |
|    explained_variance   | 0.365        |
|    learning_rate        | 0.0003       |
|    loss                 | 0.568        |
|    n_updates            | 2880         |
|    policy_gradient_loss | -0.00262     |
|    value_loss           | 1.27         |
------------------------------------------
------------------------------------------
| rollout/                |              |
|    ep_len_mean          | 1.91         |
|    ep_rew_mean          | 0.347        |
| time/                   |              |
|    fps                  | 1569         |
|    iterations           | 27           |
|    time_elapsed         | 140          |
|    total_timesteps      | 5914624      |
| train/                  |              |
|    approx_kl            | 0.0021729963 |
|    clip_fraction        | 0.0201       |
|    clip_range           | 0.2          |
|    entropy_loss         | -0.166       |
|    explained_variance   | 0.39         |
|    learning_rate        | 0.0003       |
|    loss                 | 0.678        |
|    n_updates            | 2884         |
|    policy_gradient_loss | -0.00282     |
|    value_loss           | 1.23         |
------------------------------------------
------------------------------------------
| rollout/                |              |
|    ep_len_mean          | 2.07         |
|    ep_rew_mean          | 0.0863       |
| time/                   |              |
|    fps                  | 1569         |
|    iterations           | 28           |
|    time_elapsed         | 146          |
|    total_timesteps      | 5922816      |
| train/                  |              |
|    approx_kl            | 0.0017200002 |
|    clip_fraction        | 0.0106       |
|    clip_range           | 0.2          |
|    entropy_loss         | -0.164       |
|    explained_variance   | 0.369        |
|    learning_rate        | 0.0003       |
|    loss                 | 0.589        |
|    n_updates            | 2888         |
|    policy_gradient_loss | -0.00292     |
|    value_loss           | 1.28         |
------------------------------------------
------------------------------------------
| rollout/                |              |
|    ep_len_mean          | 1.91         |
|    ep_rew_mean          | 0.442        |
| time/                   |              |
|    fps                  | 1561         |
|    iterations           | 29           |
|    time_elapsed         | 152          |
|    total_timesteps      | 5931008      |
| train/                  |              |
|    approx_kl            | 0.0019272307 |
|    clip_fraction        | 0.0141       |
|    clip_range           | 0.2          |
|    entropy_loss         | -0.168       |
|    explained_variance   | 0.36         |
|    learning_rate        | 0.0003       |
|    loss                 | 0.628        |
|    n_updates            | 2892         |
|    policy_gradient_loss | -0.00364     |
|    value_loss           | 1.28         |
------------------------------------------
------------------------------------------
| rollout/                |              |
|    ep_len_mean          | 2.06         |
|    ep_rew_mean          | 0.633        |
| time/                   |              |
|    fps                  | 1559         |
|    iterations           | 30           |
|    time_elapsed         | 157          |
|    total_timesteps      | 5939200      |
| train/                  |              |
|    approx_kl            | 0.0024980912 |
|    clip_fraction        | 0.0131       |
|    clip_range           | 0.2          |
|    entropy_loss         | -0.166       |
|    explained_variance   | 0.359        |
|    learning_rate        | 0.0003       |
|    loss                 | 0.557        |
|    n_updates            | 2896         |
|    policy_gradient_loss | -0.00371     |
|    value_loss           | 1.3          |
------------------------------------------
------------------------------------------
| rollout/                |              |
|    ep_len_mean          | 2            |
|    ep_rew_mean          | 0.247        |
| time/                   |              |
|    fps                  | 1554         |
|    iterations           | 31           |
|    time_elapsed         | 163          |
|    total_timesteps      | 5947392      |
| train/                  |              |
|    approx_kl            | 0.0022681234 |
|    clip_fraction        | 0.0128       |
|    clip_range           | 0.2          |
|    entropy_loss         | -0.168       |
|    explained_variance   | 0.353        |
|    learning_rate        | 0.0003       |
|    loss                 | 0.636        |
|    n_updates            | 2900         |
|    policy_gradient_loss | -0.00299     |
|    value_loss           | 1.37         |
------------------------------------------
------------------------------------------
| rollout/                |              |
|    ep_len_mean          | 2.11         |
|    ep_rew_mean          | 0.217        |
| time/                   |              |
|    fps                  | 1554         |
|    iterations           | 32           |
|    time_elapsed         | 168          |
|    total_timesteps      | 5955584      |
| train/                  |              |
|    approx_kl            | 0.0017069128 |
|    clip_fraction        | 0.00998      |
|    clip_range           | 0.2          |
|    entropy_loss         | -0.176       |
|    explained_variance   | 0.355        |
|    learning_rate        | 0.0003       |
|    loss                 | 0.667        |
|    n_updates            | 2904         |
|    policy_gradient_loss | -0.00254     |
|    value_loss           | 1.35         |
------------------------------------------
------------------------------------------
| rollout/                |              |
|    ep_len_mean          | 2.3          |
|    ep_rew_mean          | 0.321        |
| time/                   |              |
|    fps                  | 1564         |
|    iterations           | 33           |
|    time_elapsed         | 172          |
|    total_timesteps      | 5963776      |
| train/                  |              |
|    approx_kl            | 0.0021027438 |
|    clip_fraction        | 0.014        |
|    clip_range           | 0.2          |
|    entropy_loss         | -0.171       |
|    explained_variance   | 0.367        |
|    learning_rate        | 0.0003       |
|    loss                 | 0.602        |
|    n_updates            | 2908         |
|    policy_gradient_loss | -0.00292     |
|    value_loss           | 1.3          |
------------------------------------------
-----------------------------------------
| rollout/                |             |
|    ep_len_mean          | 2.13        |
|    ep_rew_mean          | 0.4         |
| time/                   |             |
|    fps                  | 1564        |
|    iterations           | 34          |
|    time_elapsed         | 177         |
|    total_timesteps      | 5971968     |
| train/                  |             |
|    approx_kl            | 0.002202703 |
|    clip_fraction        | 0.0133      |
|    clip_range           | 0.2         |
|    entropy_loss         | -0.177      |
|    explained_variance   | 0.4         |
|    learning_rate        | 0.0003      |
|    loss                 | 0.579       |
|    n_updates            | 2912        |
|    policy_gradient_loss | -0.00381    |
|    value_loss           | 1.22        |
-----------------------------------------
------------------------------------------
| rollout/                |              |
|    ep_len_mean          | 1.9          |
|    ep_rew_mean          | 0.315        |
| time/                   |              |
|    fps                  | 1561         |
|    iterations           | 35           |
|    time_elapsed         | 183          |
|    total_timesteps      | 5980160      |
| train/                  |              |
|    approx_kl            | 0.0019445841 |
|    clip_fraction        | 0.00958      |
|    clip_range           | 0.2          |
|    entropy_loss         | -0.172       |
|    explained_variance   | 0.398        |
|    learning_rate        | 0.0003       |
|    loss                 | 0.593        |
|    n_updates            | 2916         |
|    policy_gradient_loss | -0.00296     |
|    value_loss           | 1.21         |
------------------------------------------
-----------------------------------------
| rollout/                |             |
|    ep_len_mean          | 2.04        |
|    ep_rew_mean          | 0.414       |
| time/                   |             |
|    fps                  | 1556        |
|    iterations           | 36          |
|    time_elapsed         | 189         |
|    total_timesteps      | 5988352     |
| train/                  |             |
|    approx_kl            | 0.001865447 |
|    clip_fraction        | 0.0118      |
|    clip_range           | 0.2         |
|    entropy_loss         | -0.17       |
|    explained_variance   | 0.397       |
|    learning_rate        | 0.0003      |
|    loss                 | 0.642       |
|    n_updates            | 2920        |
|    policy_gradient_loss | -0.00323    |
|    value_loss           | 1.26        |
-----------------------------------------
-----------------------------------------
| rollout/                |             |
|    ep_len_mean          | 1.95        |
|    ep_rew_mean          | 0.45        |
| time/                   |             |
|    fps                  | 1548        |
|    iterations           | 37          |
|    time_elapsed         | 195         |
|    total_timesteps      | 5996544     |
| train/                  |             |
|    approx_kl            | 0.002159752 |
|    clip_fraction        | 0.0145      |
|    clip_range           | 0.2         |
|    entropy_loss         | -0.179      |
|    explained_variance   | 0.372       |
|    learning_rate        | 0.0003      |
|    loss                 | 0.584       |
|    n_updates            | 2924        |
|    policy_gradient_loss | -0.00335    |
|    value_loss           | 1.25        |
-----------------------------------------
------------------------------------------
| rollout/                |              |
|    ep_len_mean          | 1.74         |
|    ep_rew_mean          | 0.599        |
| time/                   |              |
|    fps                  | 1547         |
|    iterations           | 38           |
|    time_elapsed         | 201          |
|    total_timesteps      | 6004736      |
| train/                  |              |
|    approx_kl            | 0.0022299283 |
|    clip_fraction        | 0.0137       |
|    clip_range           | 0.2          |
|    entropy_loss         | -0.18        |
|    explained_variance   | 0.375        |
|    learning_rate        | 0.0003       |
|    loss                 | 0.637        |
|    n_updates            | 2928         |
|    policy_gradient_loss | -0.00381     |
|    value_loss           | 1.25         |
------------------------------------------
------------------------------------------
| rollout/                |              |
|    ep_len_mean          | 1.84         |
|    ep_rew_mean          | 0.585        |
| time/                   |              |
|    fps                  | 1539         |
|    iterations           | 39           |
|    time_elapsed         | 207          |
|    total_timesteps      | 6012928      |
| train/                  |              |
|    approx_kl            | 0.0027181832 |
|    clip_fraction        | 0.014        |
|    clip_range           | 0.2          |
|    entropy_loss         | -0.182       |
|    explained_variance   | 0.378        |
|    learning_rate        | 0.0003       |
|    loss                 | 0.589        |
|    n_updates            | 2932         |
|    policy_gradient_loss | -0.0033      |
|    value_loss           | 1.26         |
------------------------------------------
------------------------------------------
| rollout/                |              |
|    ep_len_mean          | 2.11         |
|    ep_rew_mean          | 0.32         |
| time/                   |              |
|    fps                  | 1537         |
|    iterations           | 40           |
|    time_elapsed         | 213          |
|    total_timesteps      | 6021120      |
| train/                  |              |
|    approx_kl            | 0.0019238328 |
|    clip_fraction        | 0.0119       |
|    clip_range           | 0.2          |
|    entropy_loss         | -0.181       |
|    explained_variance   | 0.415        |
|    learning_rate        | 0.0003       |
|    loss                 | 0.605        |
|    n_updates            | 2936         |
|    policy_gradient_loss | -0.00417     |
|    value_loss           | 1.19         |
------------------------------------------
------------------------------------------
| rollout/                |              |
|    ep_len_mean          | 2.16         |
|    ep_rew_mean          | 0.252        |
| time/                   |              |
|    fps                  | 1537         |
|    iterations           | 41           |
|    time_elapsed         | 218          |
|    total_timesteps      | 6029312      |
| train/                  |              |
|    approx_kl            | 0.0025610095 |
|    clip_fraction        | 0.0151       |
|    clip_range           | 0.2          |
|    entropy_loss         | -0.177       |
|    explained_variance   | 0.382        |
|    learning_rate        | 0.0003       |
|    loss                 | 0.552        |
|    n_updates            | 2940         |
|    policy_gradient_loss | -0.00365     |
|    value_loss           | 1.29         |
------------------------------------------
------------------------------------------
| rollout/                |              |
|    ep_len_mean          | 1.94         |
|    ep_rew_mean          | 0.491        |
| time/                   |              |
|    fps                  | 1533         |
|    iterations           | 42           |
|    time_elapsed         | 224          |
|    total_timesteps      | 6037504      |
| train/                  |              |
|    approx_kl            | 0.0016620101 |
|    clip_fraction        | 0.0139       |
|    clip_range           | 0.2          |
|    entropy_loss         | -0.182       |
|    explained_variance   | 0.385        |
|    learning_rate        | 0.0003       |
|    loss                 | 0.593        |
|    n_updates            | 2944         |
|    policy_gradient_loss | -0.00388     |
|    value_loss           | 1.26         |
------------------------------------------
-----------------------------------------
| rollout/                |             |
|    ep_len_mean          | 1.82        |
|    ep_rew_mean          | 0.328       |
| time/                   |             |
|    fps                  | 1529        |
|    iterations           | 43          |
|    time_elapsed         | 230         |
|    total_timesteps      | 6045696     |
| train/                  |             |
|    approx_kl            | 0.001970935 |
|    clip_fraction        | 0.0117      |
|    clip_range           | 0.2         |
|    entropy_loss         | -0.174      |
|    explained_variance   | 0.38        |
|    learning_rate        | 0.0003      |
|    loss                 | 0.627       |
|    n_updates            | 2948        |
|    policy_gradient_loss | -0.0033     |
|    value_loss           | 1.33        |
-----------------------------------------
-----------------------------------------
| rollout/                |             |
|    ep_len_mean          | 2.04        |
|    ep_rew_mean          | 0.281       |
| time/                   |             |
|    fps                  | 1528        |
|    iterations           | 44          |
|    time_elapsed         | 235         |
|    total_timesteps      | 6053888     |
| train/                  |             |
|    approx_kl            | 0.001779044 |
|    clip_fraction        | 0.0114      |
|    clip_range           | 0.2         |
|    entropy_loss         | -0.187      |
|    explained_variance   | 0.398       |
|    learning_rate        | 0.0003      |
|    loss                 | 0.551       |
|    n_updates            | 2952        |
|    policy_gradient_loss | -0.0037     |
|    value_loss           | 1.18        |
-----------------------------------------
------------------------------------------
| rollout/                |              |
|    ep_len_mean          | 1.74         |
|    ep_rew_mean          | 0.346        |
| time/                   |              |
|    fps                  | 1525         |
|    iterations           | 45           |
|    time_elapsed         | 241          |
|    total_timesteps      | 6062080      |
| train/                  |              |
|    approx_kl            | 0.0019940005 |
|    clip_fraction        | 0.0145       |
|    clip_range           | 0.2          |
|    entropy_loss         | -0.178       |
|    explained_variance   | 0.382        |
|    learning_rate        | 0.0003       |
|    loss                 | 0.574        |
|    n_updates            | 2956         |
|    policy_gradient_loss | -0.00339     |
|    value_loss           | 1.26         |
------------------------------------------
------------------------------------------
| rollout/                |              |
|    ep_len_mean          | 1.9          |
|    ep_rew_mean          | 0.335        |
| time/                   |              |
|    fps                  | 1524         |
|    iterations           | 46           |
|    time_elapsed         | 247          |
|    total_timesteps      | 6070272      |
| train/                  |              |
|    approx_kl            | 0.0018320235 |
|    clip_fraction        | 0.0135       |
|    clip_range           | 0.2          |
|    entropy_loss         | -0.185       |
|    explained_variance   | 0.386        |
|    learning_rate        | 0.0003       |
|    loss                 | 0.615        |
|    n_updates            | 2960         |
|    policy_gradient_loss | -0.00358     |
|    value_loss           | 1.25         |
------------------------------------------
------------------------------------------
| rollout/                |              |
|    ep_len_mean          | 1.83         |
|    ep_rew_mean          | 0.587        |
| time/                   |              |
|    fps                  | 1524         |
|    iterations           | 47           |
|    time_elapsed         | 252          |
|    total_timesteps      | 6078464      |
| train/                  |              |
|    approx_kl            | 0.0017519887 |
|    clip_fraction        | 0.0119       |
|    clip_range           | 0.2          |
|    entropy_loss         | -0.176       |
|    explained_variance   | 0.381        |
|    learning_rate        | 0.0003       |
|    loss                 | 0.622        |
|    n_updates            | 2964         |
|    policy_gradient_loss | -0.00326     |
|    value_loss           | 1.31         |
------------------------------------------
------------------------------------------
| rollout/                |              |
|    ep_len_mean          | 2.07         |
|    ep_rew_mean          | 0.437        |
| time/                   |              |
|    fps                  | 1529         |
|    iterations           | 48           |
|    time_elapsed         | 257          |
|    total_timesteps      | 6086656      |
| train/                  |              |
|    approx_kl            | 0.0021139286 |
|    clip_fraction        | 0.0169       |
|    clip_range           | 0.2          |
|    entropy_loss         | -0.185       |
|    explained_variance   | 0.379        |
|    learning_rate        | 0.0003       |
|    loss                 | 0.673        |
|    n_updates            | 2968         |
|    policy_gradient_loss | -0.00293     |
|    value_loss           | 1.32         |
------------------------------------------
------------------------------------------
| rollout/                |              |
|    ep_len_mean          | 1.98         |
|    ep_rew_mean          | 0.374        |
| time/                   |              |
|    fps                  | 1533         |
|    iterations           | 49           |
|    time_elapsed         | 261          |
|    total_timesteps      | 6094848      |
| train/                  |              |
|    approx_kl            | 0.0015646575 |
|    clip_fraction        | 0.00903      |
|    clip_range           | 0.2          |
|    entropy_loss         | -0.18        |
|    explained_variance   | 0.375        |
|    learning_rate        | 0.0003       |
|    loss                 | 0.55         |
|    n_updates            | 2972         |
|    policy_gradient_loss | -0.00344     |
|    value_loss           | 1.22         |
------------------------------------------
------------------------------------------
| rollout/                |              |
|    ep_len_mean          | 2.25         |
|    ep_rew_mean          | 0.373        |
| time/                   |              |
|    fps                  | 1537         |
|    iterations           | 50           |
|    time_elapsed         | 266          |
|    total_timesteps      | 6103040      |
| train/                  |              |
|    approx_kl            | 0.0018886332 |
|    clip_fraction        | 0.0148       |
|    clip_range           | 0.2          |
|    entropy_loss         | -0.189       |
|    explained_variance   | 0.377        |
|    learning_rate        | 0.0003       |
|    loss                 | 0.535        |
|    n_updates            | 2976         |
|    policy_gradient_loss | -0.00273     |
|    value_loss           | 1.2          |
------------------------------------------
------------------------------------------
| rollout/                |              |
|    ep_len_mean          | 2.01         |
|    ep_rew_mean          | 0.458        |
| time/                   |              |
|    fps                  | 1534         |
|    iterations           | 51           |
|    time_elapsed         | 272          |
|    total_timesteps      | 6111232      |
| train/                  |              |
|    approx_kl            | 0.0020968348 |
|    clip_fraction        | 0.0155       |
|    clip_range           | 0.2          |
|    entropy_loss         | -0.195       |
|    explained_variance   | 0.378        |
|    learning_rate        | 0.0003       |
|    loss                 | 0.592        |
|    n_updates            | 2980         |
|    policy_gradient_loss | -0.00346     |
|    value_loss           | 1.27         |
------------------------------------------
------------------------------------------
| rollout/                |              |
|    ep_len_mean          | 1.85         |
|    ep_rew_mean          | 0.606        |
| time/                   |              |
|    fps                  | 1527         |
|    iterations           | 52           |
|    time_elapsed         | 278          |
|    total_timesteps      | 6119424      |
| train/                  |              |
|    approx_kl            | 0.0030054678 |
|    clip_fraction        | 0.0186       |
|    clip_range           | 0.2          |
|    entropy_loss         | -0.189       |
|    explained_variance   | 0.364        |
|    learning_rate        | 0.0003       |
|    loss                 | 0.626        |
|    n_updates            | 2984         |
|    policy_gradient_loss | -0.00376     |
|    value_loss           | 1.29         |
------------------------------------------
-----------------------------------------
| rollout/                |             |
|    ep_len_mean          | 2.03        |
|    ep_rew_mean          | 0.525       |
| time/                   |             |
|    fps                  | 1520        |
|    iterations           | 53          |
|    time_elapsed         | 285         |
|    total_timesteps      | 6127616     |
| train/                  |             |
|    approx_kl            | 0.001587465 |
|    clip_fraction        | 0.00961     |
|    clip_range           | 0.2         |
|    entropy_loss         | -0.195      |
|    explained_variance   | 0.365       |
|    learning_rate        | 0.0003      |
|    loss                 | 0.614       |
|    n_updates            | 2988        |
|    policy_gradient_loss | -0.00317    |
|    value_loss           | 1.32        |
-----------------------------------------
------------------------------------------
| rollout/                |              |
|    ep_len_mean          | 1.71         |
|    ep_rew_mean          | 0.389        |
| time/                   |              |
|    fps                  | 1520         |
|    iterations           | 54           |
|    time_elapsed         | 290          |
|    total_timesteps      | 6135808      |
| train/                  |              |
|    approx_kl            | 0.0022524616 |
|    clip_fraction        | 0.0131       |
|    clip_range           | 0.2          |
|    entropy_loss         | -0.187       |
|    explained_variance   | 0.373        |
|    learning_rate        | 0.0003       |
|    loss                 | 0.626        |
|    n_updates            | 2992         |
|    policy_gradient_loss | -0.00378     |
|    value_loss           | 1.3          |
------------------------------------------
------------------------------------------
| rollout/                |              |
|    ep_len_mean          | 2.13         |
|    ep_rew_mean          | 0.543        |
| time/                   |              |
|    fps                  | 1522         |
|    iterations           | 55           |
|    time_elapsed         | 295          |
|    total_timesteps      | 6144000      |
| train/                  |              |
|    approx_kl            | 0.0018687537 |
|    clip_fraction        | 0.00986      |
|    clip_range           | 0.2          |
|    entropy_loss         | -0.185       |
|    explained_variance   | 0.375        |
|    learning_rate        | 0.0003       |
|    loss                 | 0.565        |
|    n_updates            | 2996         |
|    policy_gradient_loss | -0.00365     |
|    value_loss           | 1.26         |
------------------------------------------
------------------------------------------
| rollout/                |              |
|    ep_len_mean          | 1.97         |
|    ep_rew_mean          | 0.39         |
| time/                   |              |
|    fps                  | 1520         |
|    iterations           | 56           |
|    time_elapsed         | 301          |
|    total_timesteps      | 6152192      |
| train/                  |              |
|    approx_kl            | 0.0020104556 |
|    clip_fraction        | 0.0154       |
|    clip_range           | 0.2          |
|    entropy_loss         | -0.189       |
|    explained_variance   | 0.381        |
|    learning_rate        | 0.0003       |
|    loss                 | 0.589        |
|    n_updates            | 3000         |
|    policy_gradient_loss | -0.00312     |
|    value_loss           | 1.27         |
------------------------------------------
------------------------------------------
| rollout/                |              |
|    ep_len_mean          | 2.01         |
|    ep_rew_mean          | 0.246        |
| time/                   |              |
|    fps                  | 1517         |
|    iterations           | 57           |
|    time_elapsed         | 307          |
|    total_timesteps      | 6160384      |
| train/                  |              |
|    approx_kl            | 0.0029193498 |
|    clip_fraction        | 0.0164       |
|    clip_range           | 0.2          |
|    entropy_loss         | -0.182       |
|    explained_variance   | 0.37         |
|    learning_rate        | 0.0003       |
|    loss                 | 0.63         |
|    n_updates            | 3004         |
|    policy_gradient_loss | -0.00373     |
|    value_loss           | 1.35         |
------------------------------------------
-----------------------------------------
| rollout/                |             |
|    ep_len_mean          | 2.06        |
|    ep_rew_mean          | 0.635       |
| time/                   |             |
|    fps                  | 1518        |
|    iterations           | 58          |
|    time_elapsed         | 312         |
|    total_timesteps      | 6168576     |
| train/                  |             |
|    approx_kl            | 0.001432063 |
|    clip_fraction        | 0.0123      |
|    clip_range           | 0.2         |
|    entropy_loss         | -0.188      |
|    explained_variance   | 0.405       |
|    learning_rate        | 0.0003      |
|    loss                 | 0.557       |
|    n_updates            | 3008        |
|    policy_gradient_loss | -0.00281    |
|    value_loss           | 1.19        |
-----------------------------------------
------------------------------------------
| rollout/                |              |
|    ep_len_mean          | 1.79         |
|    ep_rew_mean          | 0.188        |
| time/                   |              |
|    fps                  | 1515         |
|    iterations           | 59           |
|    time_elapsed         | 319          |
|    total_timesteps      | 6176768      |
| train/                  |              |
|    approx_kl            | 0.0024638022 |
|    clip_fraction        | 0.0119       |
|    clip_range           | 0.2          |
|    entropy_loss         | -0.182       |
|    explained_variance   | 0.41         |
|    learning_rate        | 0.0003       |
|    loss                 | 0.594        |
|    n_updates            | 3012         |
|    policy_gradient_loss | -0.0038      |
|    value_loss           | 1.2          |
------------------------------------------
------------------------------------------
| rollout/                |              |
|    ep_len_mean          | 2.13         |
|    ep_rew_mean          | 0.629        |
| time/                   |              |
|    fps                  | 1514         |
|    iterations           | 60           |
|    time_elapsed         | 324          |
|    total_timesteps      | 6184960      |
| train/                  |              |
|    approx_kl            | 0.0023342492 |
|    clip_fraction        | 0.0125       |
|    clip_range           | 0.2          |
|    entropy_loss         | -0.181       |
|    explained_variance   | 0.393        |
|    learning_rate        | 0.0003       |
|    loss                 | 0.615        |
|    n_updates            | 3016         |
|    policy_gradient_loss | -0.00348     |
|    value_loss           | 1.23         |
------------------------------------------
------------------------------------------
| rollout/                |              |
|    ep_len_mean          | 2.03         |
|    ep_rew_mean          | 0.489        |
| time/                   |              |
|    fps                  | 1504         |
|    iterations           | 61           |
|    time_elapsed         | 332          |
|    total_timesteps      | 6193152      |
| train/                  |              |
|    approx_kl            | 0.0018242499 |
|    clip_fraction        | 0.00986      |
|    clip_range           | 0.2          |
|    entropy_loss         | -0.179       |
|    explained_variance   | 0.396        |
|    learning_rate        | 0.0003       |
|    loss                 | 0.623        |
|    n_updates            | 3020         |
|    policy_gradient_loss | -0.00366     |
|    value_loss           | 1.19         |
------------------------------------------
------------------------------------------
| rollout/                |              |
|    ep_len_mean          | 2.05         |
|    ep_rew_mean          | 0.258        |
| time/                   |              |
|    fps                  | 1496         |
|    iterations           | 62           |
|    time_elapsed         | 339          |
|    total_timesteps      | 6201344      |
| train/                  |              |
|    approx_kl            | 0.0023424355 |
|    clip_fraction        | 0.0178       |
|    clip_range           | 0.2          |
|    entropy_loss         | -0.186       |
|    explained_variance   | 0.387        |
|    learning_rate        | 0.0003       |
|    loss                 | 0.639        |
|    n_updates            | 3024         |
|    policy_gradient_loss | -0.00377     |
|    value_loss           | 1.24         |
------------------------------------------
2026-06-06 16:18:13,105 INFO     training.inference_server — InferenceServer: loading truco_selfplay_6100000.zip → cuda
2026-06-06 16:18:13,127 INFO     training.inference_server — InferenceServer: model ready  pool_size=1
2026-06-06 16:18:13,127 INFO     train — checkpoint saved: truco_selfplay_6100000.zip
2026-06-06 16:18:13,127 INFO     train — Progress: 6,100,000 / 20,000,000 steps  (30.5%)  fps=17974  ETA=0h 12m
Logging to /home/guido/Desktop/fac/2026/mmo/truco-py/logs/MaskablePPO_selfplay_7
---------------------------------
| rollout/           |          |
|    ep_len_mean     | 2.37     |
|    ep_rew_mean     | 0.287    |
| time/              |          |
|    fps             | 748      |
|    iterations      | 1        |
|    time_elapsed    | 10       |
|    total_timesteps | 6209536  |
---------------------------------
------------------------------------------
| rollout/                |              |
|    ep_len_mean          | 2.49         |
|    ep_rew_mean          | 0.483        |
| time/                   |              |
|    fps                  | 805          |
|    iterations           | 2            |
|    time_elapsed         | 20           |
|    total_timesteps      | 6217728      |
| train/                  |              |
|    approx_kl            | 0.0022531287 |
|    clip_fraction        | 0.0125       |
|    clip_range           | 0.2          |
|    entropy_loss         | -0.164       |
|    explained_variance   | 0.375        |
|    learning_rate        | 0.0003       |
|    loss                 | 0.802        |
|    n_updates            | 3032         |
|    policy_gradient_loss | -0.00182     |
|    value_loss           | 1.97         |
------------------------------------------
-------------------------------------------
| rollout/                |               |
|    ep_len_mean          | 7.9           |
|    ep_rew_mean          | 0.42          |
| time/                   |               |
|    fps                  | 895           |
|    iterations           | 3             |
|    time_elapsed         | 27            |
|    total_timesteps      | 6225920       |
| train/                  |               |
|    approx_kl            | 0.00081363093 |
|    clip_fraction        | 0.00302       |
|    clip_range           | 0.2           |
|    entropy_loss         | -0.153        |
|    explained_variance   | 0.512         |
|    learning_rate        | 0.0003        |
|    loss                 | 0.874         |
|    n_updates            | 3036          |
|    policy_gradient_loss | -0.00124      |
|    value_loss           | 1.67          |
-------------------------------------------
-------------------------------------------
| rollout/                |               |
|    ep_len_mean          | 2.92          |
|    ep_rew_mean          | 0.407         |
| time/                   |               |
|    fps                  | 915           |
|    iterations           | 4             |
|    time_elapsed         | 35            |
|    total_timesteps      | 6234112       |
| train/                  |               |
|    approx_kl            | 0.00037586523 |
|    clip_fraction        | 0.00195       |
|    clip_range           | 0.2           |
|    entropy_loss         | -0.0919       |
|    explained_variance   | 0.605         |
|    learning_rate        | 0.0003        |
|    loss                 | 0.454         |
|    n_updates            | 3040          |
|    policy_gradient_loss | -0.00162      |
|    value_loss           | 1.03          |
-------------------------------------------
------------------------------------------
| rollout/                |              |
|    ep_len_mean          | 4            |
|    ep_rew_mean          | 0.606        |
| time/                   |              |
|    fps                  | 888          |
|    iterations           | 5            |
|    time_elapsed         | 46           |
|    total_timesteps      | 6242304      |
| train/                  |              |
|    approx_kl            | 0.0005352077 |
|    clip_fraction        | 0.00449      |
|    clip_range           | 0.2          |
|    entropy_loss         | -0.11        |
|    explained_variance   | 0.501        |
|    learning_rate        | 0.0003       |
|    loss                 | 0.708        |
|    n_updates            | 3044         |
|    policy_gradient_loss | -0.00174     |
|    value_loss           | 1.42         |
------------------------------------------
------------------------------------------
| rollout/                |              |
|    ep_len_mean          | 2.51         |
|    ep_rew_mean          | 0.531        |
| time/                   |              |
|    fps                  | 906          |
|    iterations           | 6            |
|    time_elapsed         | 54           |
|    total_timesteps      | 6250496      |
| train/                  |              |
|    approx_kl            | 0.0020221672 |
|    clip_fraction        | 0.0125       |
|    clip_range           | 0.2          |
|    entropy_loss         | -0.117       |
|    explained_variance   | 0.472        |
|    learning_rate        | 0.0003       |
|    loss                 | 0.556        |
|    n_updates            | 3048         |
|    policy_gradient_loss | -0.00431     |
|    value_loss           | 1.28         |
------------------------------------------
------------------------------------------
| rollout/                |              |
|    ep_len_mean          | 2.39         |
|    ep_rew_mean          | 0.23         |
| time/                   |              |
|    fps                  | 909          |
|    iterations           | 7            |
|    time_elapsed         | 63           |
|    total_timesteps      | 6258688      |
| train/                  |              |
|    approx_kl            | 0.0015771969 |
|    clip_fraction        | 0.0109       |
|    clip_range           | 0.2          |
|    entropy_loss         | -0.101       |
|    explained_variance   | 0.488        |
|    learning_rate        | 0.0003       |
|    loss                 | 0.618        |
|    n_updates            | 3052         |
|    policy_gradient_loss | -0.00321     |
|    value_loss           | 1.24         |
------------------------------------------
------------------------------------------
| rollout/                |              |
|    ep_len_mean          | 2.59         |
|    ep_rew_mean          | 0.388        |
| time/                   |              |
|    fps                  | 933          |
|    iterations           | 8            |
|    time_elapsed         | 70           |
|    total_timesteps      | 6266880      |
| train/                  |              |
|    approx_kl            | 0.0010104557 |
|    clip_fraction        | 0.00674      |
|    clip_range           | 0.2          |
|    entropy_loss         | -0.11        |
|    explained_variance   | 0.501        |
|    learning_rate        | 0.0003       |
|    loss                 | 0.545        |
|    n_updates            | 3056         |
|    policy_gradient_loss | -0.00291     |
|    value_loss           | 1.11         |
------------------------------------------
------------------------------------------
| rollout/                |              |
|    ep_len_mean          | 2.54         |
|    ep_rew_mean          | 0.867        |
| time/                   |              |
|    fps                  | 974          |
|    iterations           | 9            |
|    time_elapsed         | 75           |
|    total_timesteps      | 6275072      |
| train/                  |              |
|    approx_kl            | 0.0014996475 |
|    clip_fraction        | 0.00784      |
|    clip_range           | 0.2          |
|    entropy_loss         | -0.106       |
|    explained_variance   | 0.455        |
|    learning_rate        | 0.0003       |
|    loss                 | 0.573        |
|    n_updates            | 3060         |
|    policy_gradient_loss | -0.00316     |
|    value_loss           | 1.2          |
------------------------------------------
------------------------------------------
| rollout/                |              |
|    ep_len_mean          | 2.59         |
|    ep_rew_mean          | -0.0658      |
| time/                   |              |
|    fps                  | 1004         |
|    iterations           | 10           |
|    time_elapsed         | 81           |
|    total_timesteps      | 6283264      |
| train/                  |              |
|    approx_kl            | 0.0007816489 |
|    clip_fraction        | 0.004        |
|    clip_range           | 0.2          |
|    entropy_loss         | -0.0593      |
|    explained_variance   | 0.591        |
|    learning_rate        | 0.0003       |
|    loss                 | 0.311        |
|    n_updates            | 3064         |
|    policy_gradient_loss | -0.0024      |
|    value_loss           | 0.618        |
------------------------------------------
-------------------------------------------
| rollout/                |               |
|    ep_len_mean          | 2.4           |
|    ep_rew_mean          | 0.331         |
| time/                   |               |
|    fps                  | 988           |
|    iterations           | 11            |
|    time_elapsed         | 91            |
|    total_timesteps      | 6291456       |
| train/                  |               |
|    approx_kl            | 0.00095674535 |
|    clip_fraction        | 0.00616       |
|    clip_range           | 0.2           |
|    entropy_loss         | -0.0616       |
|    explained_variance   | 0.481         |
|    learning_rate        | 0.0003        |
|    loss                 | 0.394         |
|    n_updates            | 3068          |
|    policy_gradient_loss | -0.00299      |
|    value_loss           | 0.771         |
-------------------------------------------
------------------------------------------
| rollout/                |              |
|    ep_len_mean          | 2.44         |
|    ep_rew_mean          | 0.428        |
| time/                   |              |
|    fps                  | 1028         |
|    iterations           | 12           |
|    time_elapsed         | 95           |
|    total_timesteps      | 6299648      |
| train/                  |              |
|    approx_kl            | 0.0010889387 |
|    clip_fraction        | 0.00522      |
|    clip_range           | 0.2          |
|    entropy_loss         | -0.0684      |
|    explained_variance   | 0.454        |
|    learning_rate        | 0.0003       |
|    loss                 | 0.39         |
|    n_updates            | 3072         |
|    policy_gradient_loss | -0.00294     |
|    value_loss           | 0.78         |
------------------------------------------
------------------------------------------
| rollout/                |              |
|    ep_len_mean          | 16.4         |
|    ep_rew_mean          | 0.213        |
| time/                   |              |
|    fps                  | 1060         |
|    iterations           | 13           |
|    time_elapsed         | 100          |
|    total_timesteps      | 6307840      |
| train/                  |              |
|    approx_kl            | 0.0005293712 |
|    clip_fraction        | 0.00278      |
|    clip_range           | 0.2          |
|    entropy_loss         | -0.0274      |
|    explained_variance   | 0.634        |
|    learning_rate        | 0.0003       |
|    loss                 | 0.1          |
|    n_updates            | 3076         |
|    policy_gradient_loss | -0.00217     |
|    value_loss           | 0.256        |
------------------------------------------
-------------------------------------------
| rollout/                |               |
|    ep_len_mean          | 52.9          |
|    ep_rew_mean          | 0.403         |
| time/                   |               |
|    fps                  | 1082          |
|    iterations           | 14            |
|    time_elapsed         | 105           |
|    total_timesteps      | 6316032       |
| train/                  |               |
|    approx_kl            | 0.00064187736 |
|    clip_fraction        | 0.00272       |
|    clip_range           | 0.2           |
|    entropy_loss         | -0.0367       |
|    explained_variance   | 0.412         |
|    learning_rate        | 0.0003        |
|    loss                 | 0.284         |
|    n_updates            | 3080          |
|    policy_gradient_loss | -0.00196      |
|    value_loss           | 0.595         |
-------------------------------------------
------------------------------------------
| rollout/                |              |
|    ep_len_mean          | 2.77         |
|    ep_rew_mean          | 0.381        |
| time/                   |              |
|    fps                  | 1104         |
|    iterations           | 15           |
|    time_elapsed         | 111          |
|    total_timesteps      | 6324224      |
| train/                  |              |
|    approx_kl            | 0.0005330025 |
|    clip_fraction        | 0.00253      |
|    clip_range           | 0.2          |
|    entropy_loss         | -0.0416      |
|    explained_variance   | 0.368        |
|    learning_rate        | 0.0003       |
|    loss                 | 0.178        |
|    n_updates            | 3084         |
|    policy_gradient_loss | -0.00206     |
|    value_loss           | 0.428        |
------------------------------------------
------------------------------------------
| rollout/                |              |
|    ep_len_mean          | 6.58         |
|    ep_rew_mean          | 0.659        |
| time/                   |              |
|    fps                  | 1142         |
|    iterations           | 16           |
|    time_elapsed         | 114          |
|    total_timesteps      | 6332416      |
| train/                  |              |
|    approx_kl            | 0.0004917149 |
|    clip_fraction        | 0.00192      |
|    clip_range           | 0.2          |
|    entropy_loss         | -0.0314      |
|    explained_variance   | 0.363        |
|    learning_rate        | 0.0003       |
|    loss                 | 0.181        |
|    n_updates            | 3088         |
|    policy_gradient_loss | -0.00216     |
|    value_loss           | 0.446        |
------------------------------------------
------------------------------------------
| rollout/                |              |
|    ep_len_mean          | 13.5         |
|    ep_rew_mean          | 0.353        |
| time/                   |              |
|    fps                  | 1170         |
|    iterations           | 17           |
|    time_elapsed         | 118          |
|    total_timesteps      | 6340608      |
| train/                  |              |
|    approx_kl            | 0.0006344557 |
|    clip_fraction        | 0.00146      |
|    clip_range           | 0.2          |
|    entropy_loss         | -0.0161      |
|    explained_variance   | 0.466        |
|    learning_rate        | 0.0003       |
|    loss                 | 0.0823       |
|    n_updates            | 3092         |
|    policy_gradient_loss | -0.00131     |
|    value_loss           | 0.207        |
------------------------------------------
-------------------------------------------
| rollout/                |               |
|    ep_len_mean          | 58.5          |
|    ep_rew_mean          | -0.0412       |
| time/                   |               |
|    fps                  | 1196          |
|    iterations           | 18            |
|    time_elapsed         | 123           |
|    total_timesteps      | 6348800       |
| train/                  |               |
|    approx_kl            | 0.00047766103 |
|    clip_fraction        | 0.00351       |
|    clip_range           | 0.2           |
|    entropy_loss         | -0.024        |
|    explained_variance   | 0.333         |
|    learning_rate        | 0.0003        |
|    loss                 | 0.176         |
|    n_updates            | 3096          |
|    policy_gradient_loss | -0.00206      |
|    value_loss           | 0.331         |
-------------------------------------------
-------------------------------------------
| rollout/                |               |
|    ep_len_mean          | 3.41          |
|    ep_rew_mean          | 0.379         |
| time/                   |               |
|    fps                  | 1214          |
|    iterations           | 19            |
|    time_elapsed         | 128           |
|    total_timesteps      | 6356992       |
| train/                  |               |
|    approx_kl            | 0.00025690088 |
|    clip_fraction        | 0.00125       |
|    clip_range           | 0.2           |
|    entropy_loss         | -0.0174       |
|    explained_variance   | 0.475         |
|    learning_rate        | 0.0003        |
|    loss                 | 0.136         |
|    n_updates            | 3100          |
|    policy_gradient_loss | -0.00133      |
|    value_loss           | 0.249         |
-------------------------------------------
------------------------------------------
| rollout/                |              |
|    ep_len_mean          | 2.73         |
|    ep_rew_mean          | 0.176        |
| time/                   |              |
|    fps                  | 1217         |
|    iterations           | 20           |
|    time_elapsed         | 134          |
|    total_timesteps      | 6365184      |
| train/                  |              |
|    approx_kl            | 0.0004962587 |
|    clip_fraction        | 0.00241      |
|    clip_range           | 0.2          |
|    entropy_loss         | -0.031       |
|    explained_variance   | 0.401        |
|    learning_rate        | 0.0003       |
|    loss                 | 0.211        |
|    n_updates            | 3104         |
|    policy_gradient_loss | -0.00232     |
|    value_loss           | 0.419        |
------------------------------------------
------------------------------------------
| rollout/                |              |
|    ep_len_mean          | 3.59         |
|    ep_rew_mean          | 0.381        |
| time/                   |              |
|    fps                  | 1221         |
|    iterations           | 21           |
|    time_elapsed         | 140          |
|    total_timesteps      | 6373376      |
| train/                  |              |
|    approx_kl            | 0.0009431053 |
|    clip_fraction        | 0.00388      |
|    clip_range           | 0.2          |
|    entropy_loss         | -0.029       |
|    explained_variance   | 0.5          |
|    learning_rate        | 0.0003       |
|    loss                 | 0.119        |
|    n_updates            | 3108         |
|    policy_gradient_loss | -0.00284     |
|    value_loss           | 0.33         |
------------------------------------------
------------------------------------------
| rollout/                |              |
|    ep_len_mean          | 3.53         |
|    ep_rew_mean          | 0.332        |
| time/                   |              |
|    fps                  | 1235         |
|    iterations           | 22           |
|    time_elapsed         | 145          |
|    total_timesteps      | 6381568      |
| train/                  |              |
|    approx_kl            | 0.0007558258 |
|    clip_fraction        | 0.00354      |
|    clip_range           | 0.2          |
|    entropy_loss         | -0.0282      |
|    explained_variance   | 0.676        |
|    learning_rate        | 0.0003       |
|    loss                 | 0.138        |
|    n_updates            | 3112         |
|    policy_gradient_loss | -0.00254     |
|    value_loss           | 0.326        |
------------------------------------------
------------------------------------------
| rollout/                |              |
|    ep_len_mean          | 2.49         |
|    ep_rew_mean          | 0.436        |
| time/                   |              |
|    fps                  | 1233         |
|    iterations           | 23           |
|    time_elapsed         | 152          |
|    total_timesteps      | 6389760      |
| train/                  |              |
|    approx_kl            | 0.0008116899 |
|    clip_fraction        | 0.00421      |
|    clip_range           | 0.2          |
|    entropy_loss         | -0.0264      |
|    explained_variance   | 0.52         |
|    learning_rate        | 0.0003       |
|    loss                 | 0.156        |
|    n_updates            | 3116         |
|    policy_gradient_loss | -0.00233     |
|    value_loss           | 0.394        |
------------------------------------------
------------------------------------------
| rollout/                |              |
|    ep_len_mean          | 2.22         |
|    ep_rew_mean          | 0.494        |
| time/                   |              |
|    fps                  | 1237         |
|    iterations           | 24           |
|    time_elapsed         | 158          |
|    total_timesteps      | 6397952      |
| train/                  |              |
|    approx_kl            | 0.0011959604 |
|    clip_fraction        | 0.00583      |
|    clip_range           | 0.2          |
|    entropy_loss         | -0.0547      |
|    explained_variance   | 0.304        |
|    learning_rate        | 0.0003       |
|    loss                 | 0.365        |
|    n_updates            | 3120         |
|    policy_gradient_loss | -0.00275     |
|    value_loss           | 0.717        |
------------------------------------------
------------------------------------------
| rollout/                |              |
|    ep_len_mean          | 2.48         |
|    ep_rew_mean          | 0.624        |
| time/                   |              |
|    fps                  | 1243         |
|    iterations           | 25           |
|    time_elapsed         | 164          |
|    total_timesteps      | 6406144      |
| train/                  |              |
|    approx_kl            | 0.0009437469 |
|    clip_fraction        | 0.00562      |
|    clip_range           | 0.2          |
|    entropy_loss         | -0.0534      |
|    explained_variance   | 0.311        |
|    learning_rate        | 0.0003       |
|    loss                 | 0.327        |
|    n_updates            | 3124         |
|    policy_gradient_loss | -0.00231     |
|    value_loss           | 0.717        |
------------------------------------------
------------------------------------------
| rollout/                |              |
|    ep_len_mean          | 2.44         |
|    ep_rew_mean          | 0.419        |
| time/                   |              |
|    fps                  | 1247         |
|    iterations           | 26           |
|    time_elapsed         | 170          |
|    total_timesteps      | 6414336      |
| train/                  |              |
|    approx_kl            | 0.0013684557 |
|    clip_fraction        | 0.00757      |
|    clip_range           | 0.2          |
|    entropy_loss         | -0.0616      |
|    explained_variance   | 0.414        |
|    learning_rate        | 0.0003       |
|    loss                 | 0.296        |
|    n_updates            | 3128         |
|    policy_gradient_loss | -0.00348     |
|    value_loss           | 0.713        |
------------------------------------------
-------------------------------------------
| rollout/                |               |
|    ep_len_mean          | 7.67          |
|    ep_rew_mean          | 0.613         |
| time/                   |               |
|    fps                  | 1256          |
|    iterations           | 27            |
|    time_elapsed         | 175           |
|    total_timesteps      | 6422528       |
| train/                  |               |
|    approx_kl            | 0.00082915695 |
|    clip_fraction        | 0.00461       |
|    clip_range           | 0.2           |
|    entropy_loss         | -0.0603       |
|    explained_variance   | 0.412         |
|    learning_rate        | 0.0003        |
|    loss                 | 0.356         |
|    n_updates            | 3132          |
|    policy_gradient_loss | -0.00228      |
|    value_loss           | 0.748         |
-------------------------------------------
-----------------------------------------
| rollout/                |             |
|    ep_len_mean          | 16.5        |
|    ep_rew_mean          | 0.261       |
| time/                   |             |
|    fps                  | 1266        |
|    iterations           | 28          |
|    time_elapsed         | 181         |
|    total_timesteps      | 6430720     |
| train/                  |             |
|    approx_kl            | 0.001104882 |
|    clip_fraction        | 0.00577     |
|    clip_range           | 0.2         |
|    entropy_loss         | -0.0365     |
|    explained_variance   | 0.492       |
|    learning_rate        | 0.0003      |
|    loss                 | 0.209       |
|    n_updates            | 3136        |
|    policy_gradient_loss | -0.00288    |
|    value_loss           | 0.442       |
-----------------------------------------
------------------------------------------
| rollout/                |              |
|    ep_len_mean          | 2.41         |
|    ep_rew_mean          | 0.566        |
| time/                   |              |
|    fps                  | 1273         |
|    iterations           | 29           |
|    time_elapsed         | 186          |
|    total_timesteps      | 6438912      |
| train/                  |              |
|    approx_kl            | 0.0020247812 |
|    clip_fraction        | 0.00772      |
|    clip_range           | 0.2          |
|    entropy_loss         | -0.0424      |
|    explained_variance   | 0.434        |
|    learning_rate        | 0.0003       |
|    loss                 | 0.305        |
|    n_updates            | 3140         |
|    policy_gradient_loss | -0.00273     |
|    value_loss           | 0.608        |
------------------------------------------
------------------------------------------
| rollout/                |              |
|    ep_len_mean          | 12.9         |
|    ep_rew_mean          | -0.0307      |
| time/                   |              |
|    fps                  | 1292         |
|    iterations           | 30           |
|    time_elapsed         | 190          |
|    total_timesteps      | 6447104      |
| train/                  |              |
|    approx_kl            | 0.0006138949 |
|    clip_fraction        | 0.0047       |
|    clip_range           | 0.2          |
|    entropy_loss         | -0.0404      |
|    explained_variance   | 0.654        |
|    learning_rate        | 0.0003       |
|    loss                 | 0.171        |
|    n_updates            | 3144         |
|    policy_gradient_loss | -0.0022      |
|    value_loss           | 0.458        |
------------------------------------------
------------------------------------------
| rollout/                |              |
|    ep_len_mean          | 108          |
|    ep_rew_mean          | 0.286        |
| time/                   |              |
|    fps                  | 1305         |
|    iterations           | 31           |
|    time_elapsed         | 194          |
|    total_timesteps      | 6455296      |
| train/                  |              |
|    approx_kl            | 0.0005953002 |
|    clip_fraction        | 0.00137      |
|    clip_range           | 0.2          |
|    entropy_loss         | -0.0131      |
|    explained_variance   | 0.808        |
|    learning_rate        | 0.0003       |
|    loss                 | 0.0963       |
|    n_updates            | 3148         |
|    policy_gradient_loss | -0.00171     |
|    value_loss           | 0.179        |
------------------------------------------
------------------------------------------
| rollout/                |              |
|    ep_len_mean          | 2.37         |
|    ep_rew_mean          | 0.296        |
| time/                   |              |
|    fps                  | 1318         |
|    iterations           | 32           |
|    time_elapsed         | 198          |
|    total_timesteps      | 6463488      |
| train/                  |              |
|    approx_kl            | 0.0012907262 |
|    clip_fraction        | 0.00436      |
|    clip_range           | 0.2          |
|    entropy_loss         | -0.0344      |
|    explained_variance   | 0.545        |
|    learning_rate        | 0.0003       |
|    loss                 | 0.162        |
|    n_updates            | 3152         |
|    policy_gradient_loss | -0.00341     |
|    value_loss           | 0.391        |
------------------------------------------
-------------------------------------------
| rollout/                |               |
|    ep_len_mean          | 2.4           |
|    ep_rew_mean          | 0.555         |
| time/                   |               |
|    fps                  | 1330          |
|    iterations           | 33            |
|    time_elapsed         | 203           |
|    total_timesteps      | 6471680       |
| train/                  |               |
|    approx_kl            | 0.00085503125 |
|    clip_fraction        | 0.0032        |
|    clip_range           | 0.2           |
|    entropy_loss         | -0.0274       |
|    explained_variance   | 0.693         |
|    learning_rate        | 0.0003        |
|    loss                 | 0.159         |
|    n_updates            | 3156          |
|    policy_gradient_loss | -0.00231      |
|    value_loss           | 0.307         |
-------------------------------------------
-------------------------------------------
| rollout/                |               |
|    ep_len_mean          | 4.19          |
|    ep_rew_mean          | 0.197         |
| time/                   |               |
|    fps                  | 1331          |
|    iterations           | 34            |
|    time_elapsed         | 209           |
|    total_timesteps      | 6479872       |
| train/                  |               |
|    approx_kl            | 0.00086141773 |
|    clip_fraction        | 0.00424       |
|    clip_range           | 0.2           |
|    entropy_loss         | -0.0294       |
|    explained_variance   | 0.597         |
|    learning_rate        | 0.0003        |
|    loss                 | 0.148         |
|    n_updates            | 3160          |
|    policy_gradient_loss | -0.00216      |
|    value_loss           | 0.339         |
-------------------------------------------
------------------------------------------
| rollout/                |              |
|    ep_len_mean          | 8.19         |
|    ep_rew_mean          | 0.271        |
| time/                   |              |
|    fps                  | 1343         |
|    iterations           | 35           |
|    time_elapsed         | 213          |
|    total_timesteps      | 6488064      |
| train/                  |              |
|    approx_kl            | 0.0009213728 |
|    clip_fraction        | 0.00421      |
|    clip_range           | 0.2          |
|    entropy_loss         | -0.0336      |
|    explained_variance   | 0.469        |
|    learning_rate        | 0.0003       |
|    loss                 | 0.205        |
|    n_updates            | 3164         |
|    policy_gradient_loss | -0.00295     |
|    value_loss           | 0.417        |
------------------------------------------
------------------------------------------
| rollout/                |              |
|    ep_len_mean          | 2.39         |
|    ep_rew_mean          | 0.0293       |
| time/                   |              |
|    fps                  | 1351         |
|    iterations           | 36           |
|    time_elapsed         | 218          |
|    total_timesteps      | 6496256      |
| train/                  |              |
|    approx_kl            | 0.0005308427 |
|    clip_fraction        | 0.00259      |
|    clip_range           | 0.2          |
|    entropy_loss         | -0.021       |
|    explained_variance   | 0.575        |
|    learning_rate        | 0.0003       |
|    loss                 | 0.151        |
|    n_updates            | 3168         |
|    policy_gradient_loss | -0.00236     |
|    value_loss           | 0.277        |
------------------------------------------
-------------------------------------------
| rollout/                |               |
|    ep_len_mean          | 2.6           |
|    ep_rew_mean          | 0.112         |
| time/                   |               |
|    fps                  | 1357          |
|    iterations           | 37            |
|    time_elapsed         | 223           |
|    total_timesteps      | 6504448       |
| train/                  |               |
|    approx_kl            | 0.00033761596 |
|    clip_fraction        | 0.00174       |
|    clip_range           | 0.2           |
|    entropy_loss         | -0.0253       |
|    explained_variance   | 0.434         |
|    learning_rate        | 0.0003        |
|    loss                 | 0.114         |
|    n_updates            | 3172          |
|    policy_gradient_loss | -0.00163      |
|    value_loss           | 0.355         |
-------------------------------------------
-------------------------------------------
| rollout/                |               |
|    ep_len_mean          | 2.58          |
|    ep_rew_mean          | 0.443         |
| time/                   |               |
|    fps                  | 1362          |
|    iterations           | 38            |
|    time_elapsed         | 228           |
|    total_timesteps      | 6512640       |
| train/                  |               |
|    approx_kl            | 0.00079218665 |
|    clip_fraction        | 0.00299       |
|    clip_range           | 0.2           |
|    entropy_loss         | -0.0317       |
|    explained_variance   | 0.492         |
|    learning_rate        | 0.0003        |
|    loss                 | 0.148         |
|    n_updates            | 3176          |
|    policy_gradient_loss | -0.00275      |
|    value_loss           | 0.372         |
-------------------------------------------
------------------------------------------
| rollout/                |              |
|    ep_len_mean          | 6.63         |
|    ep_rew_mean          | 0.246        |
| time/                   |              |
|    fps                  | 1360         |
|    iterations           | 39           |
|    time_elapsed         | 234          |
|    total_timesteps      | 6520832      |
| train/                  |              |
|    approx_kl            | 0.0008635906 |
|    clip_fraction        | 0.00375      |
|    clip_range           | 0.2          |
|    entropy_loss         | -0.03        |
|    explained_variance   | 0.546        |
|    learning_rate        | 0.0003       |
|    loss                 | 0.171        |
|    n_updates            | 3180         |
|    policy_gradient_loss | -0.00272     |
|    value_loss           | 0.388        |
------------------------------------------
------------------------------------------
| rollout/                |              |
|    ep_len_mean          | 4.4          |
|    ep_rew_mean          | 0.506        |
| time/                   |              |
|    fps                  | 1368         |
|    iterations           | 40           |
|    time_elapsed         | 239          |
|    total_timesteps      | 6529024      |
| train/                  |              |
|    approx_kl            | 0.0034322098 |
|    clip_fraction        | 0.00497      |
|    clip_range           | 0.2          |
|    entropy_loss         | -0.0236      |
|    explained_variance   | 0.626        |
|    learning_rate        | 0.0003       |
|    loss                 | 0.147        |
|    n_updates            | 3184         |
|    policy_gradient_loss | -0.00198     |
|    value_loss           | 0.335        |
------------------------------------------
-------------------------------------------
| rollout/                |               |
|    ep_len_mean          | 3.13          |
|    ep_rew_mean          | 0.3           |
| time/                   |               |
|    fps                  | 1376          |
|    iterations           | 41            |
|    time_elapsed         | 244           |
|    total_timesteps      | 6537216       |
| train/                  |               |
|    approx_kl            | 0.00065532967 |
|    clip_fraction        | 0.00296       |
|    clip_range           | 0.2           |
|    entropy_loss         | -0.0262       |
|    explained_variance   | 0.405         |
|    learning_rate        | 0.0003        |
|    loss                 | 0.194         |
|    n_updates            | 3188          |
|    policy_gradient_loss | -0.00187      |
|    value_loss           | 0.408         |
-------------------------------------------
------------------------------------------
| rollout/                |              |
|    ep_len_mean          | 2.87         |
|    ep_rew_mean          | 0.287        |
| time/                   |              |
|    fps                  | 1390         |
|    iterations           | 42           |
|    time_elapsed         | 247          |
|    total_timesteps      | 6545408      |
| train/                  |              |
|    approx_kl            | 0.0009801819 |
|    clip_fraction        | 0.00385      |
|    clip_range           | 0.2          |
|    entropy_loss         | -0.0288      |
|    explained_variance   | 0.586        |
|    learning_rate        | 0.0003       |
|    loss                 | 0.167        |
|    n_updates            | 3192         |
|    policy_gradient_loss | -0.00244     |
|    value_loss           | 0.359        |
------------------------------------------
-------------------------------------------
| rollout/                |               |
|    ep_len_mean          | 2.3           |
|    ep_rew_mean          | 0.235         |
| time/                   |               |
|    fps                  | 1405          |
|    iterations           | 43            |
|    time_elapsed         | 250           |
|    total_timesteps      | 6553600       |
| train/                  |               |
|    approx_kl            | 0.00035444222 |
|    clip_fraction        | 0.00177       |
|    clip_range           | 0.2           |
|    entropy_loss         | -0.00934      |
|    explained_variance   | 0.605         |
|    learning_rate        | 0.0003        |
|    loss                 | 0.0963        |
|    n_updates            | 3196          |
|    policy_gradient_loss | -0.0015       |
|    value_loss           | 0.162         |
-------------------------------------------
-------------------------------------------
| rollout/                |               |
|    ep_len_mean          | 2.39          |
|    ep_rew_mean          | 0.394         |
| time/                   |               |
|    fps                  | 1414          |
|    iterations           | 44            |
|    time_elapsed         | 254           |
|    total_timesteps      | 6561792       |
| train/                  |               |
|    approx_kl            | 0.00037661413 |
|    clip_fraction        | 0.00125       |
|    clip_range           | 0.2           |
|    entropy_loss         | -0.00762      |
|    explained_variance   | 0.601         |
|    learning_rate        | 0.0003        |
|    loss                 | 0.0738        |
|    n_updates            | 3200          |
|    policy_gradient_loss | -0.0015       |
|    value_loss           | 0.143         |
-------------------------------------------
-----------------------------------------
| rollout/                |             |
|    ep_len_mean          | 3.76        |
|    ep_rew_mean          | -0.106      |
| time/                   |             |
|    fps                  | 1423        |
|    iterations           | 45          |
|    time_elapsed         | 258         |
|    total_timesteps      | 6569984     |
| train/                  |             |
|    approx_kl            | 0.001101942 |
|    clip_fraction        | 0.00421     |
|    clip_range           | 0.2         |
|    entropy_loss         | -0.0265     |
|    explained_variance   | 0.504       |
|    learning_rate        | 0.0003      |
|    loss                 | 0.14        |
|    n_updates            | 3204        |
|    policy_gradient_loss | -0.00261    |
|    value_loss           | 0.301       |
-----------------------------------------
------------------------------------------
| rollout/                |              |
|    ep_len_mean          | 3.66         |
|    ep_rew_mean          | 0.278        |
| time/                   |              |
|    fps                  | 1433         |
|    iterations           | 46           |
|    time_elapsed         | 262          |
|    total_timesteps      | 6578176      |
| train/                  |              |
|    approx_kl            | 0.0005592593 |
|    clip_fraction        | 0.00262      |
|    clip_range           | 0.2          |
|    entropy_loss         | -0.013       |
|    explained_variance   | 0.721        |
|    learning_rate        | 0.0003       |
|    loss                 | 0.0516       |
|    n_updates            | 3208         |
|    policy_gradient_loss | -0.00234     |
|    value_loss           | 0.154        |
------------------------------------------
-------------------------------------------
| rollout/                |               |
|    ep_len_mean          | 11.9          |
|    ep_rew_mean          | -0.018        |
| time/                   |               |
|    fps                  | 1443          |
|    iterations           | 47            |
|    time_elapsed         | 266           |
|    total_timesteps      | 6586368       |
| train/                  |               |
|    approx_kl            | 0.00052002596 |
|    clip_fraction        | 0.00177       |
|    clip_range           | 0.2           |
|    entropy_loss         | -0.00752      |
|    explained_variance   | 0.687         |
|    learning_rate        | 0.0003        |
|    loss                 | 0.0493        |
|    n_updates            | 3212          |
|    policy_gradient_loss | -0.00234      |
|    value_loss           | 0.11          |
-------------------------------------------
-------------------------------------------
| rollout/                |               |
|    ep_len_mean          | 43.7          |
|    ep_rew_mean          | 0.00542       |
| time/                   |               |
|    fps                  | 1454          |
|    iterations           | 48            |
|    time_elapsed         | 270           |
|    total_timesteps      | 6594560       |
| train/                  |               |
|    approx_kl            | 0.00048705342 |
|    clip_fraction        | 0.00208       |
|    clip_range           | 0.2           |
|    entropy_loss         | -0.0145       |
|    explained_variance   | 0.374         |
|    learning_rate        | 0.0003        |
|    loss                 | 0.0997        |
|    n_updates            | 3216          |
|    policy_gradient_loss | -0.00164      |
|    value_loss           | 0.23          |
-------------------------------------------
------------------------------------------
| rollout/                |              |
|    ep_len_mean          | 3.34         |
|    ep_rew_mean          | 0.551        |
| time/                   |              |
|    fps                  | 1459         |
|    iterations           | 49           |
|    time_elapsed         | 275          |
|    total_timesteps      | 6602752      |
| train/                  |              |
|    approx_kl            | 0.0002667916 |
|    clip_fraction        | 0.000885     |
|    clip_range           | 0.2          |
|    entropy_loss         | -0.00912     |
|    explained_variance   | 0.509        |
|    learning_rate        | 0.0003       |
|    loss                 | 0.0712       |
|    n_updates            | 3220         |
|    policy_gradient_loss | -0.00127     |
|    value_loss           | 0.19         |
------------------------------------------
------------------------------------------
| rollout/                |              |
|    ep_len_mean          | 11.2         |
|    ep_rew_mean          | 0.319        |
| time/                   |              |
|    fps                  | 1466         |
|    iterations           | 50           |
|    time_elapsed         | 279          |
|    total_timesteps      | 6610944      |
| train/                  |              |
|    approx_kl            | 0.0010517709 |
|    clip_fraction        | 0.00388      |
|    clip_range           | 0.2          |
|    entropy_loss         | -0.0267      |
|    explained_variance   | 0.45         |
|    learning_rate        | 0.0003       |
|    loss                 | 0.156        |
|    n_updates            | 3224         |
|    policy_gradient_loss | -0.00232     |
|    value_loss           | 0.384        |
------------------------------------------
-------------------------------------------
| rollout/                |               |
|    ep_len_mean          | 2.57          |
|    ep_rew_mean          | -0.197        |
| time/                   |               |
|    fps                  | 1468          |
|    iterations           | 51            |
|    time_elapsed         | 284           |
|    total_timesteps      | 6619136       |
| train/                  |               |
|    approx_kl            | 0.00073168793 |
|    clip_fraction        | 0.00284       |
|    clip_range           | 0.2           |
|    entropy_loss         | -0.0225       |
|    explained_variance   | 0.695         |
|    learning_rate        | 0.0003        |
|    loss                 | 0.155         |
|    n_updates            | 3228          |
|    policy_gradient_loss | -0.00198      |
|    value_loss           | 0.313         |
-------------------------------------------
-------------------------------------------
| rollout/                |               |
|    ep_len_mean          | 2.37          |
|    ep_rew_mean          | 0.554         |
| time/                   |               |
|    fps                  | 1472          |
|    iterations           | 52            |
|    time_elapsed         | 289           |
|    total_timesteps      | 6627328       |
| train/                  |               |
|    approx_kl            | 0.00046927397 |
|    clip_fraction        | 0.00183       |
|    clip_range           | 0.2           |
|    entropy_loss         | -0.0359       |
|    explained_variance   | 0.595         |
|    learning_rate        | 0.0003        |
|    loss                 | 0.203         |
|    n_updates            | 3232          |
|    policy_gradient_loss | -0.00186      |
|    value_loss           | 0.442         |
-------------------------------------------
-----------------------------------------
| rollout/                |             |
|    ep_len_mean          | 2.45        |
|    ep_rew_mean          | 0.497       |
| time/                   |             |
|    fps                  | 1479        |
|    iterations           | 53          |
|    time_elapsed         | 293         |
|    total_timesteps      | 6635520     |
| train/                  |             |
|    approx_kl            | 0.000856365 |
|    clip_fraction        | 0.00375     |
|    clip_range           | 0.2         |
|    entropy_loss         | -0.0298     |
|    explained_variance   | 0.534       |
|    learning_rate        | 0.0003      |
|    loss                 | 0.137       |
|    n_updates            | 3236        |
|    policy_gradient_loss | -0.00228    |
|    value_loss           | 0.367       |
-----------------------------------------
------------------------------------------
| rollout/                |              |
|    ep_len_mean          | 2.46         |
|    ep_rew_mean          | 0.499        |
| time/                   |              |
|    fps                  | 1485         |
|    iterations           | 54           |
|    time_elapsed         | 297          |
|    total_timesteps      | 6643712      |
| train/                  |              |
|    approx_kl            | 0.0008339371 |
|    clip_fraction        | 0.00427      |
|    clip_range           | 0.2          |
|    entropy_loss         | -0.0204      |
|    explained_variance   | 0.6          |
|    learning_rate        | 0.0003       |
|    loss                 | 0.121        |
|    n_updates            | 3240         |
|    policy_gradient_loss | -0.00241     |
|    value_loss           | 0.274        |
------------------------------------------
------------------------------------------
| rollout/                |              |
|    ep_len_mean          | 5.75         |
|    ep_rew_mean          | 0.396        |
| time/                   |              |
|    fps                  | 1496         |
|    iterations           | 55           |
|    time_elapsed         | 301          |
|    total_timesteps      | 6651904      |
| train/                  |              |
|    approx_kl            | 0.0016499608 |
|    clip_fraction        | 0.00284      |
|    clip_range           | 0.2          |
|    entropy_loss         | -0.0141      |
|    explained_variance   | 0.675        |
|    learning_rate        | 0.0003       |
|    loss                 | 0.0578       |
|    n_updates            | 3244         |
|    policy_gradient_loss | -0.00202     |
|    value_loss           | 0.166        |
------------------------------------------
-------------------------------------------
| rollout/                |               |
|    ep_len_mean          | 3.09          |
|    ep_rew_mean          | 0.199         |
| time/                   |               |
|    fps                  | 1501          |
|    iterations           | 56            |
|    time_elapsed         | 305           |
|    total_timesteps      | 6660096       |
| train/                  |               |
|    approx_kl            | 0.00018472195 |
|    clip_fraction        | 0.000671      |
|    clip_range           | 0.2           |
|    entropy_loss         | -0.00353      |
|    explained_variance   | 0.82          |
|    learning_rate        | 0.0003        |
|    loss                 | 0.0435        |
|    n_updates            | 3248          |
|    policy_gradient_loss | -0.000957     |
|    value_loss           | 0.0729        |
-------------------------------------------
------------------------------------------
| rollout/                |              |
|    ep_len_mean          | 3.61         |
|    ep_rew_mean          | 0.608        |
| time/                   |              |
|    fps                  | 1504         |
|    iterations           | 57           |
|    time_elapsed         | 310          |
|    total_timesteps      | 6668288      |
| train/                  |              |
|    approx_kl            | 0.0014137895 |
|    clip_fraction        | 0.00476      |
|    clip_range           | 0.2          |
|    entropy_loss         | -0.0267      |
|    explained_variance   | 0.53         |
|    learning_rate        | 0.0003       |
|    loss                 | 0.0973       |
|    n_updates            | 3252         |
|    policy_gradient_loss | -0.00333     |
|    value_loss           | 0.312        |
------------------------------------------
------------------------------------------
| rollout/                |              |
|    ep_len_mean          | 2.82         |
|    ep_rew_mean          | 0.317        |
| time/                   |              |
|    fps                  | 1513         |
|    iterations           | 58           |
|    time_elapsed         | 313          |
|    total_timesteps      | 6676480      |
| train/                  |              |
|    approx_kl            | 0.0011397783 |
|    clip_fraction        | 0.00491      |
|    clip_range           | 0.2          |
|    entropy_loss         | -0.0394      |
|    explained_variance   | 0.453        |
|    learning_rate        | 0.0003       |
|    loss                 | 0.214        |
|    n_updates            | 3256         |
|    policy_gradient_loss | -0.00337     |
|    value_loss           | 0.433        |
------------------------------------------
------------------------------------------
| rollout/                |              |
|    ep_len_mean          | 2.82         |
|    ep_rew_mean          | 0.323        |
| time/                   |              |
|    fps                  | 1517         |
|    iterations           | 59           |
|    time_elapsed         | 318          |
|    total_timesteps      | 6684672      |
| train/                  |              |
|    approx_kl            | 0.0007466213 |
|    clip_fraction        | 0.00275      |
|    clip_range           | 0.2          |
|    entropy_loss         | -0.0194      |
|    explained_variance   | 0.654        |
|    learning_rate        | 0.0003       |
|    loss                 | 0.116        |
|    n_updates            | 3260         |
|    policy_gradient_loss | -0.00195     |
|    value_loss           | 0.259        |
------------------------------------------
-------------------------------------------
| rollout/                |               |
|    ep_len_mean          | 2.55          |
|    ep_rew_mean          | 0.23          |
| time/                   |               |
|    fps                  | 1526          |
|    iterations           | 60            |
|    time_elapsed         | 322           |
|    total_timesteps      | 6692864       |
| train/                  |               |
|    approx_kl            | 0.00042775046 |
|    clip_fraction        | 0.00223       |
|    clip_range           | 0.2           |
|    entropy_loss         | -0.0233       |
|    explained_variance   | 0.629         |
|    learning_rate        | 0.0003        |
|    loss                 | 0.124         |
|    n_updates            | 3264          |
|    policy_gradient_loss | -0.00148      |
|    value_loss           | 0.274         |
-------------------------------------------
-------------------------------------------
| rollout/                |               |
|    ep_len_mean          | 2.55          |
|    ep_rew_mean          | 0.527         |
| time/                   |               |
|    fps                  | 1521          |
|    iterations           | 61            |
|    time_elapsed         | 328           |
|    total_timesteps      | 6701056       |
| train/                  |               |
|    approx_kl            | 0.00061366905 |
|    clip_fraction        | 0.00317       |
|    clip_range           | 0.2           |
|    entropy_loss         | -0.0176       |
|    explained_variance   | 0.48          |
|    learning_rate        | 0.0003        |
|    loss                 | 0.124         |
|    n_updates            | 3268          |
|    policy_gradient_loss | -0.00238      |
|    value_loss           | 0.267         |
-------------------------------------------
------------------------------------------
| rollout/                |              |
|    ep_len_mean          | 2.3          |
|    ep_rew_mean          | 0.159        |
| time/                   |              |
|    fps                  | 1525         |
|    iterations           | 62           |
|    time_elapsed         | 333          |
|    total_timesteps      | 6709248      |
| train/                  |              |
|    approx_kl            | 0.0012230099 |
|    clip_fraction        | 0.00418      |
|    clip_range           | 0.2          |
|    entropy_loss         | -0.0339      |
|    explained_variance   | 0.474        |
|    learning_rate        | 0.0003       |
|    loss                 | 0.202        |
|    n_updates            | 3272         |
|    policy_gradient_loss | -0.00278     |
|    value_loss           | 0.404        |
------------------------------------------
2026-06-06 16:23:46,239 INFO     training.inference_server — InferenceServer: loading truco_selfplay_6600000.zip → cuda
2026-06-06 16:23:46,253 INFO     training.inference_server — InferenceServer: model ready  pool_size=2
2026-06-06 16:23:46,253 INFO     train — checkpoint saved: truco_selfplay_6600000.zip
2026-06-06 16:23:46,253 INFO     train — Progress: 6,600,000 / 20,000,000 steps  (33.0%)  fps=9814  ETA=0h 22m
Logging to /home/guido/Desktop/fac/2026/mmo/truco-py/logs/MaskablePPO_selfplay_7
---------------------------------
| rollout/           |          |
|    ep_len_mean     | 6.13     |
|    ep_rew_mean     | 0.0661   |
| time/              |          |
|    fps             | 1184     |
|    iterations      | 1        |
|    time_elapsed    | 6        |
|    total_timesteps | 6717440  |
---------------------------------
-------------------------------------------
| rollout/                |               |
|    ep_len_mean          | 6.66          |
|    ep_rew_mean          | -0.0871       |
| time/                   |               |
|    fps                  | 992           |
|    iterations           | 2             |
|    time_elapsed         | 16            |
|    total_timesteps      | 6725632       |
| train/                  |               |
|    approx_kl            | 0.00057077414 |
|    clip_fraction        | 0.00113       |
|    clip_range           | 0.2           |
|    entropy_loss         | -0.0139       |
|    explained_variance   | 0.255         |
|    learning_rate        | 0.0003        |
|    loss                 | 0.24          |
|    n_updates            | 3280          |
|    policy_gradient_loss | 0.00711       |
|    value_loss           | 0.872         |
-------------------------------------------
------------------------------------------
| rollout/                |              |
|    ep_len_mean          | 6.66         |
|    ep_rew_mean          | -0.0871      |
| time/                   |              |
|    fps                  | 1241         |
|    iterations           | 3            |
|    time_elapsed         | 19           |
|    total_timesteps      | 6733824      |
| train/                  |              |
|    approx_kl            | 0.0011563264 |
|    clip_fraction        | 0.00229      |
|    clip_range           | 0.2          |
|    entropy_loss         | -0.00911     |
|    explained_variance   | 0.535        |
|    learning_rate        | 0.0003       |
|    loss                 | 0.0993       |
|    n_updates            | 3284         |
|    policy_gradient_loss | -0.00157     |
|    value_loss           | 0.208        |
------------------------------------------
---------------------------------------
| rollout/                |           |
|    ep_len_mean          | 6.66      |
|    ep_rew_mean          | -0.0871   |
| time/                   |           |
|    fps                  | 1434      |
|    iterations           | 4         |
|    time_elapsed         | 22        |
|    total_timesteps      | 6742016   |
| train/                  |           |
|    approx_kl            | 0.0       |
|    clip_fraction        | 0         |
|    clip_range           | 0.2       |
|    entropy_loss         | -3.1e-05  |
|    explained_variance   | 0.961     |
|    learning_rate        | 0.0003    |
|    loss                 | 0.00049   |
|    n_updates            | 3288      |
|    policy_gradient_loss | -2.16e-07 |
|    value_loss           | 0.00212   |
---------------------------------------
---------------------------------------
| rollout/                |           |
|    ep_len_mean          | 6.66      |
|    ep_rew_mean          | -0.0871   |
| time/                   |           |
|    fps                  | 1568      |
|    iterations           | 5         |
|    time_elapsed         | 26        |
|    total_timesteps      | 6750208   |
| train/                  |           |
|    approx_kl            | 0.0       |
|    clip_fraction        | 0         |
|    clip_range           | 0.2       |
|    entropy_loss         | -2.82e-05 |
|    explained_variance   | 0.961     |
|    learning_rate        | 0.0003    |
|    loss                 | 0.000203  |
|    n_updates            | 3292      |
|    policy_gradient_loss | -3.21e-08 |
|    value_loss           | 0.00126   |
---------------------------------------
---------------------------------------
| rollout/                |           |
|    ep_len_mean          | 6.66      |
|    ep_rew_mean          | -0.0871   |
| time/                   |           |
|    fps                  | 1694      |
|    iterations           | 6         |
|    time_elapsed         | 29        |
|    total_timesteps      | 6758400   |
| train/                  |           |
|    approx_kl            | 0.0       |
|    clip_fraction        | 0         |
|    clip_range           | 0.2       |
|    entropy_loss         | -2.76e-05 |
|    explained_variance   | 0.961     |
|    learning_rate        | 0.0003    |
|    loss                 | 0.000183  |
|    n_updates            | 3296      |
|    policy_gradient_loss | -6.45e-09 |
|    value_loss           | 0.00095   |
---------------------------------------
---------------------------------------
| rollout/                |           |
|    ep_len_mean          | 6.66      |
|    ep_rew_mean          | -0.0871   |
| time/                   |           |
|    fps                  | 1759      |
|    iterations           | 7         |
|    time_elapsed         | 32        |
|    total_timesteps      | 6766592   |
| train/                  |           |
|    approx_kl            | 0.0       |
|    clip_fraction        | 0         |
|    clip_range           | 0.2       |
|    entropy_loss         | -2.74e-05 |
|    explained_variance   | 0.961     |
|    learning_rate        | 0.0003    |
|    loss                 | 0.000116  |
|    n_updates            | 3300      |
|    policy_gradient_loss | 5.92e-09  |
|    value_loss           | 0.000647  |
---------------------------------------
---------------------------------------
| rollout/                |           |
|    ep_len_mean          | 36.8      |
|    ep_rew_mean          | 0.248     |
| time/                   |           |
|    fps                  | 1828      |
|    iterations           | 8         |
|    time_elapsed         | 35        |
|    total_timesteps      | 6774784   |
| train/                  |           |
|    approx_kl            | 0.0       |
|    clip_fraction        | 0         |
|    clip_range           | 0.2       |
|    entropy_loss         | -2.73e-05 |
|    explained_variance   | 0.961     |
|    learning_rate        | 0.0003    |
|    loss                 | 6.45e-05  |
|    n_updates            | 3304      |
|    policy_gradient_loss | 6.87e-09  |
|    value_loss           | 0.000435  |
---------------------------------------
------------------------------------------
| rollout/                |              |
|    ep_len_mean          | 390          |
|    ep_rew_mean          | 0.118        |
| time/                   |              |
|    fps                  | 1889         |
|    iterations           | 9            |
|    time_elapsed         | 39           |
|    total_timesteps      | 6782976      |
| train/                  |              |
|    approx_kl            | 0.0010988098 |
|    clip_fraction        | 0.00156      |
|    clip_range           | 0.2          |
|    entropy_loss         | -0.00955     |
|    explained_variance   | 0.786        |
|    learning_rate        | 0.0003       |
|    loss                 | 0.0148       |
|    n_updates            | 3308         |
|    policy_gradient_loss | -0.00173     |
|    value_loss           | 0.0437       |
------------------------------------------
------------------------------------------
| rollout/                |              |
|    ep_len_mean          | 2.99         |
|    ep_rew_mean          | 0.278        |
| time/                   |              |
|    fps                  | 1165         |
|    iterations           | 10           |
|    time_elapsed         | 70           |
|    total_timesteps      | 6791168      |
| train/                  |              |
|    approx_kl            | 0.0003275431 |
|    clip_fraction        | 0.000946     |
|    clip_range           | 0.2          |
|    entropy_loss         | -0.00213     |
|    explained_variance   | 0.625        |
|    learning_rate        | 0.0003       |
|    loss                 | 0.0151       |
|    n_updates            | 3312         |
|    policy_gradient_loss | -0.00134     |
|    value_loss           | 0.0445       |
------------------------------------------
------------------------------------------
| rollout/                |              |
|    ep_len_mean          | 63.1         |
|    ep_rew_mean          | -0.246       |
| time/                   |              |
|    fps                  | 479          |
|    iterations           | 11           |
|    time_elapsed         | 187          |
|    total_timesteps      | 6799360      |
| train/                  |              |
|    approx_kl            | 0.0005142481 |
|    clip_fraction        | 0.00146      |
|    clip_range           | 0.2          |
|    entropy_loss         | -0.00935     |
|    explained_variance   | 0.282        |
|    learning_rate        | 0.0003       |
|    loss                 | 0.0541       |
|    n_updates            | 3316         |
|    policy_gradient_loss | -0.00194     |
|    value_loss           | 0.163        |
------------------------------------------
-------------------------------------------
| rollout/                |               |
|    ep_len_mean          | 186           |
|    ep_rew_mean          | 0.0866        |
| time/                   |               |
|    fps                  | 513           |
|    iterations           | 12            |
|    time_elapsed         | 191           |
|    total_timesteps      | 6807552       |
| train/                  |               |
|    approx_kl            | 0.00020240423 |
|    clip_fraction        | 0.000458      |
|    clip_range           | 0.2           |
|    entropy_loss         | -0.00213      |
|    explained_variance   | 0.802         |
|    learning_rate        | 0.0003        |
|    loss                 | 0.0409        |
|    n_updates            | 3320          |
|    policy_gradient_loss | -0.000947     |
|    value_loss           | 0.0745        |
-------------------------------------------
-------------------------------------------
| rollout/                |               |
|    ep_len_mean          | 186           |
|    ep_rew_mean          | 0.0866        |
| time/                   |               |
|    fps                  | 547           |
|    iterations           | 13            |
|    time_elapsed         | 194           |
|    total_timesteps      | 6815744       |
| train/                  |               |
|    approx_kl            | 0.00026994265 |
|    clip_fraction        | 0.000824      |
|    clip_range           | 0.2           |
|    entropy_loss         | -0.00387      |
|    explained_variance   | 0.75          |
|    learning_rate        | 0.0003        |
|    loss                 | 0.0149        |
|    n_updates            | 3324          |
|    policy_gradient_loss | -0.000969     |
|    value_loss           | 0.0764        |
-------------------------------------------
---------------------------------------
| rollout/                |           |
|    ep_len_mean          | 10.1      |
|    ep_rew_mean          | 0.324     |
| time/                   |           |
|    fps                  | 574       |
|    iterations           | 14        |
|    time_elapsed         | 199       |
|    total_timesteps      | 6823936   |
| train/                  |           |
|    approx_kl            | 0.0       |
|    clip_fraction        | 0         |
|    clip_range           | 0.2       |
|    entropy_loss         | -2.78e-06 |
|    explained_variance   | 0.962     |
|    learning_rate        | 0.0003    |
|    loss                 | 0.000664  |
|    n_updates            | 3328      |
|    policy_gradient_loss | -2.34e-09 |
|    value_loss           | 0.00252   |
---------------------------------------
------------------------------------------
| rollout/                |              |
|    ep_len_mean          | 10.1         |
|    ep_rew_mean          | 0.324        |
| time/                   |              |
|    fps                  | 603          |
|    iterations           | 15           |
|    time_elapsed         | 203          |
|    total_timesteps      | 6832128      |
| train/                  |              |
|    approx_kl            | 0.0002042246 |
|    clip_fraction        | 0.000763     |
|    clip_range           | 0.2          |
|    entropy_loss         | -0.00347     |
|    explained_variance   | 0.628        |
|    learning_rate        | 0.0003       |
|    loss                 | 0.0311       |
|    n_updates            | 3332         |
|    policy_gradient_loss | -0.00168     |
|    value_loss           | 0.0704       |
------------------------------------------
--------------------------------------
| rollout/                |          |
|    ep_len_mean          | 225      |
|    ep_rew_mean          | -0.69    |
| time/                   |          |
|    fps                  | 574      |
|    iterations           | 16       |
|    time_elapsed         | 228      |
|    total_timesteps      | 6840320  |
| train/                  |          |
|    approx_kl            | 0.0      |
|    clip_fraction        | 0        |
|    clip_range           | 0.2      |
|    entropy_loss         | -3.4e-06 |
|    explained_variance   | 0.962    |
|    learning_rate        | 0.0003   |
|    loss                 | 0.000346 |
|    n_updates            | 3336     |
|    policy_gradient_loss | 6.65e-09 |
|    value_loss           | 0.00115  |
--------------------------------------
-------------------------------------------
| rollout/                |               |
|    ep_len_mean          | 225           |
|    ep_rew_mean          | -0.627        |
| time/                   |               |
|    fps                  | 599           |
|    iterations           | 17            |
|    time_elapsed         | 232           |
|    total_timesteps      | 6848512       |
| train/                  |               |
|    approx_kl            | 7.1694194e-07 |
|    clip_fraction        | 0             |
|    clip_range           | 0.2           |
|    entropy_loss         | -0.00255      |
|    explained_variance   | 0.187         |
|    learning_rate        | 0.0003        |
|    loss                 | 1.4           |
|    n_updates            | 3340          |
|    policy_gradient_loss | -1.43e-05     |
|    value_loss           | 7.85          |
-------------------------------------------
------------------------------------------
| rollout/                |              |
|    ep_len_mean          | 234          |
|    ep_rew_mean          | -0.555       |
| time/                   |              |
|    fps                  | 622          |
|    iterations           | 18           |
|    time_elapsed         | 236          |
|    total_timesteps      | 6856704      |
| train/                  |              |
|    approx_kl            | 5.197726e-07 |
|    clip_fraction        | 0            |
|    clip_range           | 0.2          |
|    entropy_loss         | -0.000391    |
|    explained_variance   | 0.962        |
|    learning_rate        | 0.0003       |
|    loss                 | 0.00388      |
|    n_updates            | 3344         |
|    policy_gradient_loss | -1.58e-05    |
|    value_loss           | 0.0115       |
------------------------------------------
-------------------------------------------
| rollout/                |               |
|    ep_len_mean          | 32.3          |
|    ep_rew_mean          | -7.28         |
| time/                   |               |
|    fps                  | 644           |
|    iterations           | 19            |
|    time_elapsed         | 241           |
|    total_timesteps      | 6864896       |
| train/                  |               |
|    approx_kl            | 0.00012757817 |
|    clip_fraction        | 0.000427      |
|    clip_range           | 0.2           |
|    entropy_loss         | -0.00139      |
|    explained_variance   | 0.935         |
|    learning_rate        | 0.0003        |
|    loss                 | 0.00514       |
|    n_updates            | 3348          |
|    policy_gradient_loss | -0.000768     |
|    value_loss           | 0.0299        |
-------------------------------------------
-------------------------------------------
| rollout/                |               |
|    ep_len_mean          | 32.3          |
|    ep_rew_mean          | -7.28         |
| time/                   |               |
|    fps                  | 666           |
|    iterations           | 20            |
|    time_elapsed         | 245           |
|    total_timesteps      | 6873088       |
| train/                  |               |
|    approx_kl            | 4.6464847e-06 |
|    clip_fraction        | 0             |
|    clip_range           | 0.2           |
|    entropy_loss         | -0.00254      |
|    explained_variance   | 0.0179        |
|    learning_rate        | 0.0003        |
|    loss                 | 463           |
|    n_updates            | 3352          |
|    policy_gradient_loss | -1.61e-05     |
|    value_loss           | 439           |
-------------------------------------------
---------------------------------------
| rollout/                |           |
|    ep_len_mean          | 32.3      |
|    ep_rew_mean          | -7.28     |
| time/                   |           |
|    fps                  | 689       |
|    iterations           | 21        |
|    time_elapsed         | 249       |
|    total_timesteps      | 6881280   |
| train/                  |           |
|    approx_kl            | 0.0       |
|    clip_fraction        | 0         |
|    clip_range           | 0.2       |
|    entropy_loss         | -1.2e-05  |
|    explained_variance   | 0.961     |
|    learning_rate        | 0.0003    |
|    loss                 | 0.000925  |
|    n_updates            | 3356      |
|    policy_gradient_loss | -9.82e-09 |
|    value_loss           | 0.00608   |
---------------------------------------
---------------------------------------
| rollout/                |           |
|    ep_len_mean          | 165       |
|    ep_rew_mean          | -6.18     |
| time/                   |           |
|    fps                  | 711       |
|    iterations           | 22        |
|    time_elapsed         | 253       |
|    total_timesteps      | 6889472   |
| train/                  |           |
|    approx_kl            | 0.0       |
|    clip_fraction        | 0         |
|    clip_range           | 0.2       |
|    entropy_loss         | -1.18e-05 |
|    explained_variance   | 0.961     |
|    learning_rate        | 0.0003    |
|    loss                 | 0.000549  |
|    n_updates            | 3360      |
|    policy_gradient_loss | -2.84e-08 |
|    value_loss           | 0.0043    |
---------------------------------------
