start 2026-10-08T00:41:33+00:00 commit 6322efb workers=3
2026-10-08 00:41:36,564 INFO     league_010 — manifest verified: 7 checkpoints
2026-10-08 00:41:36,567 INFO     league_010 — league league: 9 pairings to play (n=10000, seed=20261005, workers=3)
2026-10-08 00:46:17,433 INFO     league_010 — C20__vs__vonneumann 100/10000  C20 wins 63.0%  0.36 matches/s
2026-10-08 00:46:49,682 INFO     league_010 — C10__vs__vonneumann 100/10000  C10 wins 70.0%  0.32 matches/s
2026-10-08 00:46:56,406 INFO     league_010 — C5__vs__vonneumann 100/10000  C5 wins 55.0%  0.32 matches/s
2026-10-08 00:51:04,908 INFO     league_010 — C10__vs__vonneumann 200/10000  C10 wins 69.0%  0.35 matches/s
2026-10-08 00:51:27,891 INFO     league_010 — C20__vs__vonneumann 200/10000  C20 wins 62.0%  0.34 matches/s
2026-10-08 00:52:17,063 INFO     league_010 — C5__vs__vonneumann 200/10000  C5 wins 57.5%  0.31 matches/s
2026-10-08 00:55:12,911 INFO     league_010 — C10__vs__vonneumann 300/10000  C10 wins 66.7%  0.37 matches/s
2026-10-08 00:56:33,819 INFO     league_010 — C20__vs__vonneumann 300/10000  C20 wins 60.0%  0.34 matches/s
2026-10-08 00:57:39,959 INFO     league_010 — C5__vs__vonneumann 300/10000  C5 wins 59.0%  0.31 matches/s
2026-10-08 01:00:23,282 INFO     league_010 — C10__vs__vonneumann 400/10000  C10 wins 66.0%  0.36 matches/s
2026-10-08 01:01:57,953 INFO     league_010 — C20__vs__vonneumann 400/10000  C20 wins 60.8%  0.33 matches/s
2026-10-08 01:03:11,175 INFO     league_010 — C5__vs__vonneumann 400/10000  C5 wins 59.2%  0.31 matches/s
2026-10-08 01:05:44,326 INFO     league_010 — C10__vs__vonneumann 500/10000  C10 wins 66.0%  0.35 matches/s
2026-10-08 01:07:08,197 INFO     league_010 — C20__vs__vonneumann 500/10000  C20 wins 61.6%  0.33 matches/s
2026-10-08 01:08:34,355 INFO     league_010 — C5__vs__vonneumann 500/10000  C5 wins 60.2%  0.31 matches/s
2026-10-08 01:11:02,917 INFO     league_010 — C10__vs__vonneumann 600/10000  C10 wins 65.7%  0.34 matches/s
2026-10-08 01:12:33,527 INFO     league_010 — C20__vs__vonneumann 600/10000  C20 wins 62.3%  0.32 matches/s
2026-10-08 01:14:10,558 INFO     league_010 — C5__vs__vonneumann 600/10000  C5 wins 60.0%  0.31 matches/s
2026-10-08 01:16:11,849 INFO     league_010 — C10__vs__vonneumann 700/10000  C10 wins 66.0%  0.34 matches/s
2026-10-08 01:17:21,955 INFO     league_010 — C20__vs__vonneumann 700/10000  C20 wins 62.6%  0.33 matches/s
2026-10-08 01:18:58,623 INFO     league_010 — C5__vs__vonneumann 700/10000  C5 wins 60.1%  0.31 matches/s
2026-10-08 01:21:17,345 INFO     league_010 — C10__vs__vonneumann 800/10000  C10 wins 65.8%  0.34 matches/s
2026-10-08 01:21:33,467 INFO     league_010 — C20__vs__vonneumann 800/10000  C20 wins 63.6%  0.33 matches/s
2026-10-08 01:24:04,854 INFO     league_010 — C5__vs__vonneumann 800/10000  C5 wins 60.5%  0.31 matches/s
2026-10-08 01:25:54,807 INFO     league_010 — C20__vs__vonneumann 900/10000  C20 wins 63.3%  0.34 matches/s
2026-10-08 01:26:13,621 INFO     league_010 — C10__vs__vonneumann 900/10000  C10 wins 65.7%  0.34 matches/s
2026-10-08 01:29:29,948 INFO     league_010 — C5__vs__vonneumann 900/10000  C5 wins 61.8%  0.31 matches/s
2026-10-08 01:30:18,064 INFO     league_010 — C20__vs__vonneumann 1000/10000  C20 wins 62.8%  0.34 matches/s
2026-10-08 01:31:16,030 INFO     league_010 — C10__vs__vonneumann 1000/10000  C10 wins 65.1%  0.34 matches/s
2026-10-08 01:34:15,464 INFO     league_010 — C20__vs__vonneumann 1100/10000  C20 wins 63.3%  0.35 matches/s
2026-10-08 01:34:37,621 INFO     league_010 — C5__vs__vonneumann 1000/10000  C5 wins 61.5%  0.31 matches/s
2026-10-08 01:36:50,823 INFO     league_010 — C10__vs__vonneumann 1100/10000  C10 wins 65.0%  0.33 matches/s
2026-10-08 01:38:32,494 INFO     league_010 — C20__vs__vonneumann 1200/10000  C20 wins 63.3%  0.35 matches/s
2026-10-08 01:39:55,705 INFO     league_010 — C5__vs__vonneumann 1100/10000  C5 wins 61.6%  0.31 matches/s
2026-10-08 01:41:39,833 INFO     league_010 — C10__vs__vonneumann 1200/10000  C10 wins 65.6%  0.33 matches/s
2026-10-08 01:42:29,958 INFO     league_010 — C20__vs__vonneumann 1300/10000  C20 wins 63.5%  0.36 matches/s
2026-10-08 01:44:59,521 INFO     league_010 — C5__vs__vonneumann 1200/10000  C5 wins 62.2%  0.32 matches/s
2026-10-08 01:46:54,075 INFO     league_010 — C20__vs__vonneumann 1400/10000  C20 wins 63.4%  0.36 matches/s
2026-10-08 01:47:10,168 INFO     league_010 — C10__vs__vonneumann 1300/10000  C10 wins 65.6%  0.33 matches/s
2026-10-08 01:50:12,282 INFO     league_010 — C5__vs__vonneumann 1300/10000  C5 wins 62.5%  0.32 matches/s
2026-10-08 01:51:16,022 INFO     league_010 — C20__vs__vonneumann 1500/10000  C20 wins 63.5%  0.36 matches/s
2026-10-08 01:52:14,339 INFO     league_010 — C10__vs__vonneumann 1400/10000  C10 wins 65.6%  0.33 matches/s
2026-10-08 01:55:11,662 INFO     league_010 — C5__vs__vonneumann 1400/10000  C5 wins 62.8%  0.32 matches/s
2026-10-08 01:55:31,263 INFO     league_010 — C20__vs__vonneumann 1600/10000  C20 wins 63.3%  0.36 matches/s
2026-10-08 01:57:54,377 INFO     league_010 — C10__vs__vonneumann 1500/10000  C10 wins 65.1%  0.33 matches/s
2026-10-08 01:59:37,664 INFO     league_010 — C20__vs__vonneumann 1700/10000  C20 wins 62.8%  0.36 matches/s
2026-10-08 02:00:30,025 INFO     league_010 — C5__vs__vonneumann 1500/10000  C5 wins 62.6%  0.32 matches/s
2026-10-08 02:03:41,548 INFO     league_010 — C10__vs__vonneumann 1600/10000  C10 wins 64.7%  0.33 matches/s
2026-10-08 02:04:04,968 INFO     league_010 — C20__vs__vonneumann 1800/10000  C20 wins 63.1%  0.36 matches/s
2026-10-08 02:05:37,801 INFO     league_010 — C5__vs__vonneumann 1600/10000  C5 wins 63.1%  0.32 matches/s
2026-10-08 02:08:20,372 INFO     league_010 — C20__vs__vonneumann 1900/10000  C20 wins 62.9%  0.37 matches/s
2026-10-08 02:09:01,878 INFO     league_010 — C10__vs__vonneumann 1700/10000  C10 wins 64.7%  0.32 matches/s
2026-10-08 02:10:54,495 INFO     league_010 — C5__vs__vonneumann 1700/10000  C5 wins 63.6%  0.32 matches/s
2026-10-08 02:12:39,349 INFO     league_010 — C20__vs__vonneumann 2000/10000  C20 wins 63.0%  0.37 matches/s
2026-10-08 02:14:10,684 INFO     league_010 — C10__vs__vonneumann 1800/10000  C10 wins 64.9%  0.32 matches/s
2026-10-08 02:16:06,591 INFO     league_010 — C5__vs__vonneumann 1800/10000  C5 wins 63.6%  0.32 matches/s
2026-10-08 02:16:45,666 INFO     league_010 — C20__vs__vonneumann 2100/10000  C20 wins 62.9%  0.37 matches/s
2026-10-08 02:19:15,152 INFO     league_010 — C10__vs__vonneumann 1900/10000  C10 wins 64.6%  0.32 matches/s
2026-10-08 02:20:48,140 INFO     league_010 — C20__vs__vonneumann 2200/10000  C20 wins 62.5%  0.37 matches/s
2026-10-08 02:21:09,391 INFO     league_010 — C5__vs__vonneumann 1900/10000  C5 wins 63.2%  0.32 matches/s
2026-10-08 02:24:16,543 INFO     league_010 — C10__vs__vonneumann 2000/10000  C10 wins 64.5%  0.32 matches/s
2026-10-08 02:25:05,730 INFO     league_010 — C20__vs__vonneumann 2300/10000  C20 wins 62.5%  0.37 matches/s
2026-10-08 02:26:12,636 INFO     league_010 — C5__vs__vonneumann 2000/10000  C5 wins 63.5%  0.32 matches/s
2026-10-08 02:29:08,909 INFO     league_010 — C20__vs__vonneumann 2400/10000  C20 wins 62.5%  0.37 matches/s
2026-10-08 02:29:31,784 INFO     league_010 — C10__vs__vonneumann 2100/10000  C10 wins 64.5%  0.32 matches/s
2026-10-08 02:31:18,721 INFO     league_010 — C5__vs__vonneumann 2100/10000  C5 wins 63.6%  0.32 matches/s
2026-10-08 02:33:20,846 INFO     league_010 — C20__vs__vonneumann 2500/10000  C20 wins 62.5%  0.37 matches/s
2026-10-08 02:35:01,845 INFO     league_010 — C10__vs__vonneumann 2200/10000  C10 wins 64.1%  0.32 matches/s
2026-10-08 02:36:38,732 INFO     league_010 — C5__vs__vonneumann 2200/10000  C5 wins 63.8%  0.32 matches/s
2026-10-08 02:37:33,958 INFO     league_010 — C20__vs__vonneumann 2600/10000  C20 wins 62.8%  0.37 matches/s
2026-10-08 02:40:22,600 INFO     league_010 — C10__vs__vonneumann 2300/10000  C10 wins 64.3%  0.32 matches/s
2026-10-08 02:41:36,381 INFO     league_010 — C20__vs__vonneumann 2700/10000  C20 wins 62.9%  0.38 matches/s
2026-10-08 02:41:51,953 INFO     league_010 — C5__vs__vonneumann 2300/10000  C5 wins 64.0%  0.32 matches/s
2026-10-08 02:45:42,980 INFO     league_010 — C10__vs__vonneumann 2400/10000  C10 wins 64.0%  0.32 matches/s
2026-10-08 02:46:10,442 INFO     league_010 — C5__vs__vonneumann 2400/10000  C5 wins 64.1%  0.32 matches/s
2026-10-08 02:46:13,020 INFO     league_010 — C20__vs__vonneumann 2800/10000  C20 wins 62.7%  0.37 matches/s
2026-10-08 02:50:37,116 INFO     league_010 — C5__vs__vonneumann 2500/10000  C5 wins 63.9%  0.32 matches/s
2026-10-08 02:51:14,617 INFO     league_010 — C10__vs__vonneumann 2500/10000  C10 wins 63.7%  0.32 matches/s
2026-10-08 02:51:28,032 INFO     league_010 — C20__vs__vonneumann 2900/10000  C20 wins 62.6%  0.37 matches/s
2026-10-08 02:54:51,599 INFO     league_010 — C5__vs__vonneumann 2600/10000  C5 wins 64.0%  0.33 matches/s
2026-10-08 02:56:31,002 INFO     league_010 — C10__vs__vonneumann 2600/10000  C10 wins 64.0%  0.32 matches/s
2026-10-08 02:56:53,078 INFO     league_010 — C20__vs__vonneumann 3000/10000  C20 wins 62.7%  0.37 matches/s
2026-10-08 02:59:08,293 INFO     league_010 — C5__vs__vonneumann 2700/10000  C5 wins 64.0%  0.33 matches/s
2026-10-08 03:01:50,030 INFO     league_010 — C10__vs__vonneumann 2700/10000  C10 wins 64.0%  0.32 matches/s
2026-10-08 03:02:08,252 INFO     league_010 — C20__vs__vonneumann 3100/10000  C20 wins 62.6%  0.37 matches/s
2026-10-08 03:03:31,745 INFO     league_010 — C5__vs__vonneumann 2800/10000  C5 wins 63.8%  0.33 matches/s
2026-10-08 03:07:11,527 INFO     league_010 — C20__vs__vonneumann 3200/10000  C20 wins 62.5%  0.37 matches/s
2026-10-08 03:07:20,186 INFO     league_010 — C10__vs__vonneumann 2800/10000  C10 wins 64.2%  0.32 matches/s
2026-10-08 03:07:33,483 INFO     league_010 — C5__vs__vonneumann 2900/10000  C5 wins 64.0%  0.33 matches/s
2026-10-08 03:11:42,565 INFO     league_010 — C5__vs__vonneumann 3000/10000  C5 wins 64.1%  0.33 matches/s
2026-10-08 03:12:29,237 INFO     league_010 — C20__vs__vonneumann 3300/10000  C20 wins 62.6%  0.36 matches/s
2026-10-08 03:12:35,735 INFO     league_010 — C10__vs__vonneumann 2900/10000  C10 wins 63.9%  0.32 matches/s
2026-10-08 03:15:36,018 INFO     league_010 — C5__vs__vonneumann 3100/10000  C5 wins 63.9%  0.34 matches/s
2026-10-08 03:17:44,943 INFO     league_010 — C20__vs__vonneumann 3400/10000  C20 wins 62.4%  0.36 matches/s
2026-10-08 03:18:03,660 INFO     league_010 — C10__vs__vonneumann 3000/10000  C10 wins 64.0%  0.32 matches/s
2026-10-08 03:19:36,560 INFO     league_010 — C5__vs__vonneumann 3200/10000  C5 wins 64.2%  0.34 matches/s
2026-10-08 03:23:16,508 INFO     league_010 — C10__vs__vonneumann 3100/10000  C10 wins 64.0%  0.32 matches/s
2026-10-08 03:23:24,927 INFO     league_010 — C20__vs__vonneumann 3500/10000  C20 wins 62.5%  0.36 matches/s
2026-10-08 03:23:39,561 INFO     league_010 — C5__vs__vonneumann 3300/10000  C5 wins 64.3%  0.34 matches/s
2026-10-08 03:27:20,314 INFO     league_010 — C5__vs__vonneumann 3400/10000  C5 wins 64.4%  0.34 matches/s
2026-10-08 03:28:48,894 INFO     league_010 — C20__vs__vonneumann 3600/10000  C20 wins 62.7%  0.36 matches/s
2026-10-08 03:28:50,811 INFO     league_010 — C10__vs__vonneumann 3200/10000  C10 wins 63.9%  0.32 matches/s
2026-10-08 03:31:28,126 INFO     league_010 — C5__vs__vonneumann 3500/10000  C5 wins 64.4%  0.34 matches/s
2026-10-08 03:33:56,764 INFO     league_010 — C10__vs__vonneumann 3300/10000  C10 wins 64.0%  0.32 matches/s
2026-10-08 03:34:25,525 INFO     league_010 — C20__vs__vonneumann 3700/10000  C20 wins 62.7%  0.36 matches/s
2026-10-08 03:35:38,079 INFO     league_010 — C5__vs__vonneumann 3600/10000  C5 wins 64.1%  0.34 matches/s
2026-10-08 03:39:06,749 INFO     league_010 — C10__vs__vonneumann 3400/10000  C10 wins 64.2%  0.32 matches/s
2026-10-08 03:39:19,273 INFO     league_010 — C5__vs__vonneumann 3700/10000  C5 wins 64.2%  0.35 matches/s
2026-10-08 03:39:52,156 INFO     league_010 — C20__vs__vonneumann 3800/10000  C20 wins 62.7%  0.36 matches/s
2026-10-08 03:43:18,753 INFO     league_010 — C5__vs__vonneumann 3800/10000  C5 wins 64.3%  0.35 matches/s
2026-10-08 03:44:13,645 INFO     league_010 — C10__vs__vonneumann 3500/10000  C10 wins 64.1%  0.32 matches/s
2026-10-08 03:45:03,864 INFO     league_010 — C20__vs__vonneumann 3900/10000  C20 wins 62.8%  0.35 matches/s
2026-10-08 03:47:20,064 INFO     league_010 — C5__vs__vonneumann 3900/10000  C5 wins 64.3%  0.35 matches/s
2026-10-08 03:49:31,949 INFO     league_010 — C10__vs__vonneumann 3600/10000  C10 wins 64.2%  0.32 matches/s
2026-10-08 03:49:55,105 INFO     league_010 — C20__vs__vonneumann 4000/10000  C20 wins 62.9%  0.35 matches/s
2026-10-08 03:51:17,333 INFO     league_010 — C5__vs__vonneumann 4000/10000  C5 wins 64.2%  0.35 matches/s
2026-10-08 03:54:21,582 INFO     league_010 — C10__vs__vonneumann 3700/10000  C10 wins 64.4%  0.32 matches/s
2026-10-08 03:54:41,186 INFO     league_010 — C20__vs__vonneumann 4100/10000  C20 wins 63.1%  0.35 matches/s
2026-10-08 03:56:28,830 INFO     league_010 — C5__vs__vonneumann 4100/10000  C5 wins 64.2%  0.35 matches/s
2026-10-08 03:58:39,304 INFO     league_010 — C10__vs__vonneumann 3800/10000  C10 wins 64.4%  0.32 matches/s
2026-10-08 04:00:09,904 INFO     league_010 — C20__vs__vonneumann 4200/10000  C20 wins 63.0%  0.35 matches/s
2026-10-08 04:02:03,754 INFO     league_010 — C5__vs__vonneumann 4200/10000  C5 wins 64.1%  0.35 matches/s
2026-10-08 04:02:55,994 INFO     league_010 — C10__vs__vonneumann 3900/10000  C10 wins 64.5%  0.32 matches/s
2026-10-08 04:05:30,957 INFO     league_010 — C20__vs__vonneumann 4300/10000  C20 wins 63.0%  0.35 matches/s
2026-10-08 04:07:04,112 INFO     league_010 — C10__vs__vonneumann 4000/10000  C10 wins 64.6%  0.32 matches/s
2026-10-08 04:07:35,320 INFO     league_010 — C5__vs__vonneumann 4300/10000  C5 wins 64.0%  0.35 matches/s
2026-10-08 04:10:22,612 INFO     league_010 — C20__vs__vonneumann 4400/10000  C20 wins 63.1%  0.35 matches/s
2026-10-08 04:10:43,978 INFO     league_010 — C10__vs__vonneumann 4100/10000  C10 wins 64.7%  0.33 matches/s
2026-10-08 04:13:01,726 INFO     league_010 — C5__vs__vonneumann 4400/10000  C5 wins 64.0%  0.35 matches/s
2026-10-08 04:14:45,879 INFO     league_010 — C10__vs__vonneumann 4200/10000  C10 wins 64.8%  0.33 matches/s
2026-10-08 04:15:23,901 INFO     league_010 — C20__vs__vonneumann 4500/10000  C20 wins 63.0%  0.35 matches/s
2026-10-08 04:18:03,773 INFO     league_010 — C5__vs__vonneumann 4500/10000  C5 wins 63.9%  0.35 matches/s
2026-10-08 04:19:23,444 INFO     league_010 — C10__vs__vonneumann 4300/10000  C10 wins 64.8%  0.33 matches/s
2026-10-08 04:19:51,721 INFO     league_010 — C20__vs__vonneumann 4600/10000  C20 wins 62.8%  0.35 matches/s
2026-10-08 04:23:19,911 INFO     league_010 — C5__vs__vonneumann 4600/10000  C5 wins 64.0%  0.35 matches/s
2026-10-08 04:24:06,094 INFO     league_010 — C20__vs__vonneumann 4700/10000  C20 wins 63.0%  0.35 matches/s
2026-10-08 04:24:23,202 INFO     league_010 — C10__vs__vonneumann 4400/10000  C10 wins 64.6%  0.33 matches/s
2026-10-08 04:28:12,763 INFO     league_010 — C20__vs__vonneumann 4800/10000  C20 wins 62.9%  0.35 matches/s
2026-10-08 04:28:21,628 INFO     league_010 — C5__vs__vonneumann 4700/10000  C5 wins 64.0%  0.35 matches/s
2026-10-08 04:29:40,808 INFO     league_010 — C10__vs__vonneumann 4500/10000  C10 wins 64.4%  0.33 matches/s
2026-10-08 04:32:34,872 INFO     league_010 — C20__vs__vonneumann 4900/10000  C20 wins 62.9%  0.35 matches/s
2026-10-08 04:33:44,063 INFO     league_010 — C5__vs__vonneumann 4800/10000  C5 wins 64.3%  0.34 matches/s
2026-10-08 04:34:56,895 INFO     league_010 — C10__vs__vonneumann 4600/10000  C10 wins 64.3%  0.33 matches/s
2026-10-08 04:36:44,647 INFO     league_010 — C20__vs__vonneumann 5000/10000  C20 wins 62.9%  0.35 matches/s
2026-10-08 04:39:05,227 INFO     league_010 — C5__vs__vonneumann 4900/10000  C5 wins 64.2%  0.34 matches/s
2026-10-08 04:40:12,555 INFO     league_010 — C10__vs__vonneumann 4700/10000  C10 wins 64.1%  0.33 matches/s
2026-10-08 04:40:55,479 INFO     league_010 — C20__vs__vonneumann 5100/10000  C20 wins 63.1%  0.36 matches/s
2026-10-08 04:44:40,132 INFO     league_010 — C5__vs__vonneumann 5000/10000  C5 wins 64.2%  0.34 matches/s
2026-10-08 04:45:08,954 INFO     league_010 — C10__vs__vonneumann 4800/10000  C10 wins 64.1%  0.33 matches/s
2026-10-08 04:45:13,184 INFO     league_010 — C20__vs__vonneumann 5200/10000  C20 wins 63.1%  0.36 matches/s
2026-10-08 04:49:29,976 INFO     league_010 — C20__vs__vonneumann 5300/10000  C20 wins 63.2%  0.36 matches/s
2026-10-08 04:49:47,044 INFO     league_010 — C5__vs__vonneumann 5100/10000  C5 wins 64.3%  0.34 matches/s
2026-10-08 04:50:28,250 INFO     league_010 — C10__vs__vonneumann 4900/10000  C10 wins 64.1%  0.33 matches/s
2026-10-08 04:53:54,132 INFO     league_010 — C20__vs__vonneumann 5400/10000  C20 wins 63.2%  0.36 matches/s
2026-10-08 04:55:07,804 INFO     league_010 — C5__vs__vonneumann 5200/10000  C5 wins 64.2%  0.34 matches/s
2026-10-08 04:55:26,558 INFO     league_010 — C10__vs__vonneumann 5000/10000  C10 wins 64.0%  0.33 matches/s
2026-10-08 04:59:06,412 INFO     league_010 — C20__vs__vonneumann 5500/10000  C20 wins 63.3%  0.36 matches/s
2026-10-08 04:59:45,761 INFO     league_010 — C10__vs__vonneumann 5100/10000  C10 wins 64.0%  0.33 matches/s
2026-10-08 05:00:21,453 INFO     league_010 — C5__vs__vonneumann 5300/10000  C5 wins 64.2%  0.34 matches/s
2026-10-08 05:03:49,334 INFO     league_010 — C10__vs__vonneumann 5200/10000  C10 wins 64.1%  0.33 matches/s
2026-10-08 05:04:16,084 INFO     league_010 — C20__vs__vonneumann 5600/10000  C20 wins 63.3%  0.36 matches/s
2026-10-08 05:05:44,807 INFO     league_010 — C5__vs__vonneumann 5400/10000  C5 wins 64.3%  0.34 matches/s
2026-10-08 05:07:58,813 INFO     league_010 — C10__vs__vonneumann 5300/10000  C10 wins 64.1%  0.33 matches/s
2026-10-08 05:09:57,983 INFO     league_010 — C20__vs__vonneumann 5700/10000  C20 wins 63.4%  0.35 matches/s
2026-10-08 05:11:07,512 INFO     league_010 — C5__vs__vonneumann 5500/10000  C5 wins 64.5%  0.34 matches/s
2026-10-08 05:12:02,084 INFO     league_010 — C10__vs__vonneumann 5400/10000  C10 wins 64.1%  0.33 matches/s
2026-10-08 05:15:15,719 INFO     league_010 — C20__vs__vonneumann 5800/10000  C20 wins 63.2%  0.35 matches/s
2026-10-08 05:16:18,931 INFO     league_010 — C5__vs__vonneumann 5600/10000  C5 wins 64.5%  0.34 matches/s
2026-10-08 05:16:33,128 INFO     league_010 — C10__vs__vonneumann 5500/10000  C10 wins 64.1%  0.33 matches/s
2026-10-08 05:20:29,379 INFO     league_010 — C10__vs__vonneumann 5600/10000  C10 wins 64.1%  0.33 matches/s
2026-10-08 05:20:33,795 INFO     league_010 — C20__vs__vonneumann 5900/10000  C20 wins 63.2%  0.35 matches/s
2026-10-08 05:21:29,848 INFO     league_010 — C5__vs__vonneumann 5700/10000  C5 wins 64.5%  0.34 matches/s
2026-10-08 05:24:50,832 INFO     league_010 — C10__vs__vonneumann 5700/10000  C10 wins 64.1%  0.34 matches/s
2026-10-08 05:25:37,516 INFO     league_010 — C20__vs__vonneumann 6000/10000  C20 wins 63.2%  0.35 matches/s
2026-10-08 05:26:46,843 INFO     league_010 — C5__vs__vonneumann 5800/10000  C5 wins 64.6%  0.34 matches/s
2026-10-08 05:29:19,145 INFO     league_010 — C10__vs__vonneumann 5800/10000  C10 wins 64.1%  0.34 matches/s
2026-10-08 05:31:18,455 INFO     league_010 — C20__vs__vonneumann 6100/10000  C20 wins 63.1%  0.35 matches/s
2026-10-08 05:32:16,003 INFO     league_010 — C5__vs__vonneumann 5900/10000  C5 wins 64.5%  0.34 matches/s
2026-10-08 05:33:25,939 INFO     league_010 — C10__vs__vonneumann 5900/10000  C10 wins 64.1%  0.34 matches/s
2026-10-08 05:36:45,309 INFO     league_010 — C20__vs__vonneumann 6200/10000  C20 wins 63.0%  0.35 matches/s
2026-10-08 05:37:21,262 INFO     league_010 — C10__vs__vonneumann 6000/10000  C10 wins 64.1%  0.34 matches/s
2026-10-08 05:37:31,112 INFO     league_010 — C5__vs__vonneumann 6000/10000  C5 wins 64.3%  0.34 matches/s
2026-10-08 05:41:28,436 INFO     league_010 — C10__vs__vonneumann 6100/10000  C10 wins 64.0%  0.34 matches/s
2026-10-08 05:41:41,264 INFO     league_010 — C20__vs__vonneumann 6300/10000  C20 wins 63.0%  0.35 matches/s
2026-10-08 05:43:03,310 INFO     league_010 — C5__vs__vonneumann 6100/10000  C5 wins 64.3%  0.34 matches/s
2026-10-08 05:45:52,107 INFO     league_010 — C10__vs__vonneumann 6200/10000  C10 wins 64.0%  0.34 matches/s
2026-10-08 05:47:26,036 INFO     league_010 — C20__vs__vonneumann 6400/10000  C20 wins 63.0%  0.35 matches/s
2026-10-08 05:48:10,561 INFO     league_010 — C5__vs__vonneumann 6200/10000  C5 wins 64.2%  0.34 matches/s
2026-10-08 05:50:00,324 INFO     league_010 — C10__vs__vonneumann 6300/10000  C10 wins 64.1%  0.34 matches/s
2026-10-08 05:52:39,727 INFO     league_010 — C20__vs__vonneumann 6500/10000  C20 wins 63.0%  0.35 matches/s
2026-10-08 05:53:24,732 INFO     league_010 — C5__vs__vonneumann 6300/10000  C5 wins 64.2%  0.34 matches/s
2026-10-08 05:53:53,929 INFO     league_010 — C10__vs__vonneumann 6400/10000  C10 wins 64.0%  0.34 matches/s
2026-10-08 05:57:47,906 INFO     league_010 — C20__vs__vonneumann 6600/10000  C20 wins 63.1%  0.35 matches/s
2026-10-08 05:58:03,510 INFO     league_010 — C10__vs__vonneumann 6500/10000  C10 wins 64.1%  0.34 matches/s
2026-10-08 05:58:28,231 INFO     league_010 — C5__vs__vonneumann 6400/10000  C5 wins 64.3%  0.34 matches/s
2026-10-08 06:02:15,329 INFO     league_010 — C10__vs__vonneumann 6600/10000  C10 wins 64.1%  0.34 matches/s
2026-10-08 06:03:14,938 INFO     league_010 — C20__vs__vonneumann 6700/10000  C20 wins 63.1%  0.35 matches/s
2026-10-08 06:03:50,371 INFO     league_010 — C5__vs__vonneumann 6500/10000  C5 wins 64.4%  0.34 matches/s
2026-10-08 06:06:52,786 INFO     league_010 — C10__vs__vonneumann 6700/10000  C10 wins 64.1%  0.34 matches/s
2026-10-08 06:08:04,383 INFO     league_010 — C20__vs__vonneumann 6800/10000  C20 wins 63.1%  0.35 matches/s
2026-10-08 06:08:52,803 INFO     league_010 — C5__vs__vonneumann 6600/10000  C5 wins 64.4%  0.34 matches/s
2026-10-08 06:11:26,295 INFO     league_010 — C10__vs__vonneumann 6800/10000  C10 wins 64.2%  0.34 matches/s
2026-10-08 06:12:52,510 INFO     league_010 — C20__vs__vonneumann 6900/10000  C20 wins 63.3%  0.35 matches/s
2026-10-08 06:13:56,425 INFO     league_010 — C5__vs__vonneumann 6700/10000  C5 wins 64.4%  0.34 matches/s
2026-10-08 06:16:10,671 INFO     league_010 — C10__vs__vonneumann 6900/10000  C10 wins 64.2%  0.34 matches/s
2026-10-08 06:17:58,395 INFO     league_010 — C20__vs__vonneumann 7000/10000  C20 wins 63.4%  0.35 matches/s
2026-10-08 06:18:53,244 INFO     league_010 — C5__vs__vonneumann 6800/10000  C5 wins 64.4%  0.34 matches/s
2026-10-08 06:20:48,941 INFO     league_010 — C10__vs__vonneumann 7000/10000  C10 wins 64.2%  0.34 matches/s
2026-10-08 06:23:05,806 INFO     league_010 — C5__vs__vonneumann 6900/10000  C5 wins 64.4%  0.34 matches/s
2026-10-08 06:23:27,119 INFO     league_010 — C20__vs__vonneumann 7100/10000  C20 wins 63.4%  0.35 matches/s
2026-10-08 06:26:06,545 INFO     league_010 — C10__vs__vonneumann 7100/10000  C10 wins 64.3%  0.34 matches/s
2026-10-08 06:27:14,157 INFO     league_010 — C5__vs__vonneumann 7000/10000  C5 wins 64.5%  0.34 matches/s
2026-10-08 06:28:19,910 INFO     league_010 — C20__vs__vonneumann 7200/10000  C20 wins 63.5%  0.35 matches/s
2026-10-08 06:31:15,093 INFO     league_010 — C10__vs__vonneumann 7200/10000  C10 wins 64.2%  0.34 matches/s
2026-10-08 06:31:57,614 INFO     league_010 — C5__vs__vonneumann 7100/10000  C5 wins 64.6%  0.34 matches/s
2026-10-08 06:32:58,429 INFO     league_010 — C20__vs__vonneumann 7300/10000  C20 wins 63.6%  0.35 matches/s
2026-10-08 06:36:47,255 INFO     league_010 — C10__vs__vonneumann 7300/10000  C10 wins 64.2%  0.34 matches/s
2026-10-08 06:37:08,726 INFO     league_010 — C20__vs__vonneumann 7400/10000  C20 wins 63.5%  0.35 matches/s
2026-10-08 06:37:26,695 INFO     league_010 — C5__vs__vonneumann 7200/10000  C5 wins 64.5%  0.34 matches/s
2026-10-08 06:41:22,620 INFO     league_010 — C20__vs__vonneumann 7500/10000  C20 wins 63.5%  0.35 matches/s
2026-10-08 06:41:55,146 INFO     league_010 — C10__vs__vonneumann 7400/10000  C10 wins 64.3%  0.34 matches/s
2026-10-08 06:42:26,782 INFO     league_010 — C5__vs__vonneumann 7300/10000  C5 wins 64.5%  0.34 matches/s
2026-10-08 06:45:26,669 INFO     league_010 — C20__vs__vonneumann 7600/10000  C20 wins 63.4%  0.35 matches/s
2026-10-08 06:47:12,175 INFO     league_010 — C10__vs__vonneumann 7500/10000  C10 wins 64.3%  0.34 matches/s
2026-10-08 06:47:36,883 INFO     league_010 — C5__vs__vonneumann 7400/10000  C5 wins 64.6%  0.34 matches/s
2026-10-08 06:49:37,244 INFO     league_010 — C20__vs__vonneumann 7700/10000  C20 wins 63.6%  0.35 matches/s
2026-10-08 06:52:15,859 INFO     league_010 — C10__vs__vonneumann 7600/10000  C10 wins 64.3%  0.34 matches/s
2026-10-08 06:52:52,470 INFO     league_010 — C5__vs__vonneumann 7500/10000  C5 wins 64.5%  0.34 matches/s
2026-10-08 06:53:53,391 INFO     league_010 — C20__vs__vonneumann 7800/10000  C20 wins 63.7%  0.35 matches/s
2026-10-08 06:57:43,631 INFO     league_010 — C10__vs__vonneumann 7700/10000  C10 wins 64.3%  0.34 matches/s
2026-10-08 06:57:54,233 INFO     league_010 — C5__vs__vonneumann 7600/10000  C5 wins 64.5%  0.34 matches/s
2026-10-08 06:57:55,250 INFO     league_010 — C20__vs__vonneumann 7900/10000  C20 wins 63.7%  0.35 matches/s
2026-10-08 07:02:07,982 INFO     league_010 — C20__vs__vonneumann 8000/10000  C20 wins 63.6%  0.35 matches/s
2026-10-08 07:02:56,459 INFO     league_010 — C10__vs__vonneumann 7800/10000  C10 wins 64.2%  0.34 matches/s
2026-10-08 07:03:07,355 INFO     league_010 — C5__vs__vonneumann 7700/10000  C5 wins 64.5%  0.34 matches/s
2026-10-08 07:06:15,345 INFO     league_010 — C20__vs__vonneumann 8100/10000  C20 wins 63.7%  0.35 matches/s
2026-10-08 07:08:18,343 INFO     league_010 — C10__vs__vonneumann 7900/10000  C10 wins 64.1%  0.34 matches/s
2026-10-08 07:08:20,952 INFO     league_010 — C5__vs__vonneumann 7800/10000  C5 wins 64.6%  0.34 matches/s
2026-10-08 07:10:17,251 INFO     league_010 — C20__vs__vonneumann 8200/10000  C20 wins 63.6%  0.35 matches/s
2026-10-08 07:13:17,302 INFO     league_010 — C5__vs__vonneumann 7900/10000  C5 wins 64.5%  0.34 matches/s
2026-10-08 07:14:02,838 INFO     league_010 — C10__vs__vonneumann 8000/10000  C10 wins 64.1%  0.34 matches/s
2026-10-08 07:14:32,104 INFO     league_010 — C20__vs__vonneumann 8300/10000  C20 wins 63.7%  0.35 matches/s
2026-10-08 07:18:30,962 INFO     league_010 — C5__vs__vonneumann 8000/10000  C5 wins 64.5%  0.34 matches/s
2026-10-08 07:18:48,165 INFO     league_010 — C20__vs__vonneumann 8400/10000  C20 wins 63.5%  0.35 matches/s
2026-10-08 07:19:41,825 INFO     league_010 — C10__vs__vonneumann 8100/10000  C10 wins 64.1%  0.34 matches/s
2026-10-08 07:23:08,660 INFO     league_010 — C20__vs__vonneumann 8500/10000  C20 wins 63.4%  0.35 matches/s
2026-10-08 07:24:10,060 INFO     league_010 — C5__vs__vonneumann 8100/10000  C5 wins 64.5%  0.34 matches/s
2026-10-08 07:25:01,769 INFO     league_010 — C10__vs__vonneumann 8200/10000  C10 wins 64.1%  0.34 matches/s
2026-10-08 07:27:31,567 INFO     league_010 — C20__vs__vonneumann 8600/10000  C20 wins 63.5%  0.35 matches/s
2026-10-08 07:29:41,771 INFO     league_010 — C5__vs__vonneumann 8200/10000  C5 wins 64.5%  0.33 matches/s
2026-10-08 07:30:22,788 INFO     league_010 — C10__vs__vonneumann 8300/10000  C10 wins 64.0%  0.34 matches/s
2026-10-08 07:31:35,986 INFO     league_010 — C20__vs__vonneumann 8700/10000  C20 wins 63.5%  0.35 matches/s
2026-10-08 07:34:39,353 INFO     league_010 — C5__vs__vonneumann 8300/10000  C5 wins 64.6%  0.33 matches/s
2026-10-08 07:35:27,099 INFO     league_010 — C20__vs__vonneumann 8800/10000  C20 wins 63.6%  0.35 matches/s
2026-10-08 07:35:33,751 INFO     league_010 — C10__vs__vonneumann 8400/10000  C10 wins 64.2%  0.34 matches/s
2026-10-08 07:39:45,680 INFO     league_010 — C20__vs__vonneumann 8900/10000  C20 wins 63.6%  0.35 matches/s
2026-10-08 07:39:55,864 INFO     league_010 — C5__vs__vonneumann 8400/10000  C5 wins 64.7%  0.33 matches/s
2026-10-08 07:41:01,007 INFO     league_010 — C10__vs__vonneumann 8500/10000  C10 wins 64.1%  0.34 matches/s
2026-10-08 07:43:57,447 INFO     league_010 — C20__vs__vonneumann 9000/10000  C20 wins 63.6%  0.36 matches/s
2026-10-08 07:44:47,988 INFO     league_010 — C5__vs__vonneumann 8500/10000  C5 wins 64.7%  0.33 matches/s
2026-10-08 07:46:09,290 INFO     league_010 — C10__vs__vonneumann 8600/10000  C10 wins 64.1%  0.34 matches/s
2026-10-08 07:48:03,937 INFO     league_010 — C20__vs__vonneumann 9100/10000  C20 wins 63.7%  0.36 matches/s
2026-10-08 07:49:57,274 INFO     league_010 — C5__vs__vonneumann 8600/10000  C5 wins 64.6%  0.33 matches/s
2026-10-08 07:51:12,389 INFO     league_010 — C10__vs__vonneumann 8700/10000  C10 wins 64.2%  0.34 matches/s
2026-10-08 07:52:20,908 INFO     league_010 — C20__vs__vonneumann 9200/10000  C20 wins 63.7%  0.36 matches/s
2026-10-08 07:54:54,903 INFO     league_010 — C5__vs__vonneumann 8700/10000  C5 wins 64.7%  0.33 matches/s
2026-10-08 07:56:18,541 INFO     league_010 — C20__vs__vonneumann 9300/10000  C20 wins 63.6%  0.36 matches/s
2026-10-08 07:56:29,594 INFO     league_010 — C10__vs__vonneumann 8800/10000  C10 wins 64.2%  0.34 matches/s
2026-10-08 08:00:12,727 INFO     league_010 — C20__vs__vonneumann 9400/10000  C20 wins 63.7%  0.36 matches/s
2026-10-08 08:00:43,933 INFO     league_010 — C5__vs__vonneumann 8800/10000  C5 wins 64.8%  0.33 matches/s
2026-10-08 08:01:54,774 INFO     league_010 — C10__vs__vonneumann 8900/10000  C10 wins 64.2%  0.34 matches/s
2026-10-08 08:04:20,937 INFO     league_010 — C20__vs__vonneumann 9500/10000  C20 wins 63.7%  0.36 matches/s
2026-10-08 08:05:52,362 INFO     league_010 — C5__vs__vonneumann 8900/10000  C5 wins 64.7%  0.33 matches/s
2026-10-08 08:07:01,669 INFO     league_010 — C10__vs__vonneumann 9000/10000  C10 wins 64.2%  0.34 matches/s
2026-10-08 08:08:26,666 INFO     league_010 — C20__vs__vonneumann 9600/10000  C20 wins 63.6%  0.36 matches/s
2026-10-08 08:11:15,131 INFO     league_010 — C5__vs__vonneumann 9000/10000  C5 wins 64.8%  0.33 matches/s
2026-10-08 08:12:07,660 INFO     league_010 — C10__vs__vonneumann 9100/10000  C10 wins 64.2%  0.34 matches/s
2026-10-08 08:12:40,431 INFO     league_010 — C20__vs__vonneumann 9700/10000  C20 wins 63.6%  0.36 matches/s
2026-10-08 08:16:15,028 INFO     league_010 — C5__vs__vonneumann 9100/10000  C5 wins 64.8%  0.33 matches/s
2026-10-08 08:16:59,787 INFO     league_010 — C20__vs__vonneumann 9800/10000  C20 wins 63.6%  0.36 matches/s
2026-10-08 08:17:23,100 INFO     league_010 — C10__vs__vonneumann 9200/10000  C10 wins 64.2%  0.34 matches/s
2026-10-08 08:21:06,150 INFO     league_010 — C20__vs__vonneumann 9900/10000  C20 wins 63.5%  0.36 matches/s
2026-10-08 08:21:32,920 INFO     league_010 — C5__vs__vonneumann 9200/10000  C5 wins 64.8%  0.33 matches/s
2026-10-08 08:22:36,776 INFO     league_010 — C10__vs__vonneumann 9300/10000  C10 wins 64.2%  0.34 matches/s
2026-10-08 08:25:08,240 INFO     league_010 — C20__vs__vonneumann 10000/10000  C20 wins 63.5%  0.36 matches/s
2026-10-08 08:25:08,242 INFO     league_010 — C20__vs__vonneumann winners_sha256=e9ce5b36bb2f438965ad0066bba907c27deede4d6b508a377c6aa03e81f28e90
2026-10-08 08:26:28,297 INFO     league_010 — C5__vs__vonneumann 9300/10000  C5 wins 64.7%  0.33 matches/s
2026-10-08 08:27:44,328 INFO     league_010 — C10__vs__vonneumann 9400/10000  C10 wins 64.3%  0.34 matches/s
2026-10-08 08:28:14,292 INFO     league_010 — M10__vs__vonneumann 100/10000  M10 wins 60.0%  0.54 matches/s
2026-10-08 08:31:19,150 INFO     league_010 — M10__vs__vonneumann 200/10000  M10 wins 55.5%  0.54 matches/s
2026-10-08 08:31:42,384 INFO     league_010 — C5__vs__vonneumann 9400/10000  C5 wins 64.8%  0.33 matches/s
2026-10-08 08:33:02,282 INFO     league_010 — C10__vs__vonneumann 9500/10000  C10 wins 64.3%  0.34 matches/s
2026-10-08 08:34:18,547 INFO     league_010 — M10__vs__vonneumann 300/10000  M10 wins 57.0%  0.55 matches/s
2026-10-08 08:36:48,144 INFO     league_010 — C5__vs__vonneumann 9500/10000  C5 wins 64.7%  0.33 matches/s
2026-10-08 08:37:19,765 INFO     league_010 — M10__vs__vonneumann 400/10000  M10 wins 60.5%  0.55 matches/s
2026-10-08 08:38:23,805 INFO     league_010 — C10__vs__vonneumann 9600/10000  C10 wins 64.3%  0.34 matches/s
2026-10-08 08:40:18,250 INFO     league_010 — M10__vs__vonneumann 500/10000  M10 wins 60.4%  0.55 matches/s
2026-10-08 08:41:43,680 INFO     league_010 — C5__vs__vonneumann 9600/10000  C5 wins 64.7%  0.33 matches/s
2026-10-08 08:43:22,241 INFO     league_010 — M10__vs__vonneumann 600/10000  M10 wins 59.8%  0.55 matches/s
2026-10-08 08:43:49,893 INFO     league_010 — C10__vs__vonneumann 9700/10000  C10 wins 64.3%  0.34 matches/s
2026-10-08 08:46:11,284 INFO     league_010 — M10__vs__vonneumann 700/10000  M10 wins 60.0%  0.55 matches/s
2026-10-08 08:46:46,265 INFO     league_010 — C5__vs__vonneumann 9700/10000  C5 wins 64.6%  0.33 matches/s
2026-10-08 08:48:57,832 INFO     league_010 — C10__vs__vonneumann 9800/10000  C10 wins 64.4%  0.34 matches/s
2026-10-08 08:49:46,202 INFO     league_010 — M10__vs__vonneumann 800/10000  M10 wins 60.6%  0.54 matches/s
2026-10-08 08:52:06,338 INFO     league_010 — C5__vs__vonneumann 9800/10000  C5 wins 64.7%  0.33 matches/s
2026-10-08 08:53:09,541 INFO     league_010 — M10__vs__vonneumann 900/10000  M10 wins 60.3%  0.54 matches/s
2026-10-08 08:53:39,235 INFO     league_010 — C10__vs__vonneumann 9900/10000  C10 wins 64.4%  0.34 matches/s
2026-10-08 08:56:50,269 INFO     league_010 — M10__vs__vonneumann 1000/10000  M10 wins 60.0%  0.53 matches/s
2026-10-08 08:57:29,224 INFO     league_010 — C5__vs__vonneumann 9900/10000  C5 wins 64.6%  0.33 matches/s
2026-10-08 08:57:35,332 INFO     league_010 — C10__vs__vonneumann 10000/10000  C10 wins 64.3%  0.34 matches/s
2026-10-08 08:57:35,334 INFO     league_010 — C10__vs__vonneumann winners_sha256=a24e17af27020b2a057de0fdf4741bfa5a130736d8230244d00b2c08bce5b33a
2026-10-08 08:57:35,921 INFO     league_010 — finished C10__vs__vonneumann
2026-10-08 08:57:35,922 INFO     league_010 — finished C20__vs__vonneumann
2026-10-08 09:00:16,400 INFO     league_010 — M20__vs__vonneumann 100/10000  M20 wins 58.0%  0.62 matches/s
2026-10-08 09:00:27,471 INFO     league_010 — M10__vs__vonneumann 1100/10000  M10 wins 59.6%  0.52 matches/s
2026-10-08 09:02:51,419 INFO     league_010 — M20__vs__vonneumann 200/10000  M20 wins 59.0%  0.63 matches/s
2026-10-08 09:02:57,392 INFO     league_010 — C5__vs__vonneumann 10000/10000  C5 wins 64.7%  0.33 matches/s
2026-10-08 09:02:57,395 INFO     league_010 — C5__vs__vonneumann winners_sha256=0d922fb10280575f11a7645e09769b2ac0145b16b76950f8f030d25395cedac6
2026-10-08 09:02:58,050 INFO     league_010 — finished C5__vs__vonneumann
2026-10-08 09:04:37,536 INFO     league_010 — M10__vs__vonneumann 1200/10000  M10 wins 59.7%  0.51 matches/s
2026-10-08 09:05:38,108 INFO     league_010 — M20__vs__vonneumann 300/10000  M20 wins 59.0%  0.62 matches/s
2026-10-08 09:05:49,199 INFO     league_010 — M5__vs__vonneumann 100/10000  M5 wins 64.0%  0.59 matches/s
2026-10-08 09:08:15,584 INFO     league_010 — M20__vs__vonneumann 400/10000  M20 wins 58.0%  0.63 matches/s
2026-10-08 09:08:35,784 INFO     league_010 — M10__vs__vonneumann 1300/10000  M10 wins 59.6%  0.50 matches/s
2026-10-08 09:08:50,255 INFO     league_010 — M5__vs__vonneumann 200/10000  M5 wins 65.0%  0.57 matches/s
2026-10-08 09:10:52,352 INFO     league_010 — M20__vs__vonneumann 500/10000  M20 wins 58.8%  0.63 matches/s
2026-10-08 09:12:07,592 INFO     league_010 — M5__vs__vonneumann 300/10000  M5 wins 61.7%  0.55 matches/s
2026-10-08 09:12:19,262 INFO     league_010 — M10__vs__vonneumann 1400/10000  M10 wins 59.7%  0.49 matches/s
2026-10-08 09:13:40,424 INFO     league_010 — M20__vs__vonneumann 600/10000  M20 wins 57.2%  0.62 matches/s
2026-10-08 09:15:24,470 INFO     league_010 — M5__vs__vonneumann 400/10000  M5 wins 62.8%  0.54 matches/s
2026-10-08 09:16:06,750 INFO     league_010 — M20__vs__vonneumann 700/10000  M20 wins 58.4%  0.63 matches/s
2026-10-08 09:16:28,937 INFO     league_010 — M10__vs__vonneumann 1500/10000  M10 wins 59.5%  0.49 matches/s
2026-10-08 09:18:51,223 INFO     league_010 — M5__vs__vonneumann 500/10000  M5 wins 61.2%  0.52 matches/s
2026-10-08 09:19:20,118 INFO     league_010 — M20__vs__vonneumann 800/10000  M20 wins 58.9%  0.61 matches/s
2026-10-08 09:19:36,878 INFO     league_010 — M10__vs__vonneumann 1600/10000  M10 wins 59.8%  0.49 matches/s
2026-10-08 09:21:33,924 INFO     league_010 — M5__vs__vonneumann 600/10000  M5 wins 61.3%  0.54 matches/s
2026-10-08 09:22:37,544 INFO     league_010 — M20__vs__vonneumann 900/10000  M20 wins 58.7%  0.60 matches/s
2026-10-08 09:22:47,238 INFO     league_010 — M10__vs__vonneumann 1700/10000  M10 wins 59.5%  0.49 matches/s
2026-10-08 09:24:24,809 INFO     league_010 — M5__vs__vonneumann 700/10000  M5 wins 59.6%  0.54 matches/s
2026-10-08 09:25:47,503 INFO     league_010 — M10__vs__vonneumann 1800/10000  M10 wins 59.6%  0.49 matches/s
2026-10-08 09:25:55,746 INFO     league_010 — M20__vs__vonneumann 1000/10000  M20 wins 58.7%  0.59 matches/s
2026-10-08 09:27:09,720 INFO     league_010 — M5__vs__vonneumann 800/10000  M5 wins 58.9%  0.55 matches/s
2026-10-08 09:28:48,084 INFO     league_010 — M10__vs__vonneumann 1900/10000  M10 wins 59.6%  0.50 matches/s
2026-10-08 09:29:04,341 INFO     league_010 — M20__vs__vonneumann 1100/10000  M20 wins 58.5%  0.58 matches/s
2026-10-08 09:30:02,248 INFO     league_010 — M5__vs__vonneumann 900/10000  M5 wins 59.1%  0.55 matches/s
2026-10-08 09:32:10,843 INFO     league_010 — M10__vs__vonneumann 2000/10000  M10 wins 59.5%  0.50 matches/s
2026-10-08 09:32:40,468 INFO     league_010 — M20__vs__vonneumann 1200/10000  M20 wins 57.7%  0.57 matches/s
2026-10-08 09:32:58,726 INFO     league_010 — M5__vs__vonneumann 1000/10000  M5 wins 58.9%  0.56 matches/s
2026-10-08 09:35:04,332 INFO     league_010 — M10__vs__vonneumann 2100/10000  M10 wins 59.6%  0.50 matches/s
2026-10-08 09:35:51,074 INFO     league_010 — M5__vs__vonneumann 1100/10000  M5 wins 59.4%  0.56 matches/s
2026-10-08 09:35:55,358 INFO     league_010 — M20__vs__vonneumann 1300/10000  M20 wins 57.4%  0.57 matches/s
2026-10-08 09:37:55,568 INFO     league_010 — M10__vs__vonneumann 2200/10000  M10 wins 59.6%  0.50 matches/s
2026-10-08 09:38:48,124 INFO     league_010 — M5__vs__vonneumann 1200/10000  M5 wins 59.7%  0.56 matches/s
2026-10-08 09:39:41,626 INFO     league_010 — M20__vs__vonneumann 1400/10000  M20 wins 57.4%  0.55 matches/s
2026-10-08 09:40:50,026 INFO     league_010 — M10__vs__vonneumann 2300/10000  M10 wins 59.5%  0.51 matches/s
2026-10-08 09:41:47,769 INFO     league_010 — M5__vs__vonneumann 1300/10000  M5 wins 60.3%  0.56 matches/s
2026-10-08 09:43:14,771 INFO     league_010 — M20__vs__vonneumann 1500/10000  M20 wins 57.4%  0.55 matches/s
2026-10-08 09:44:08,650 INFO     league_010 — M10__vs__vonneumann 2400/10000  M10 wins 59.3%  0.51 matches/s
2026-10-08 09:44:35,821 INFO     league_010 — M5__vs__vonneumann 1400/10000  M5 wins 60.7%  0.56 matches/s
2026-10-08 09:46:46,115 INFO     league_010 — M20__vs__vonneumann 1600/10000  M20 wins 57.9%  0.54 matches/s
2026-10-08 09:46:48,239 INFO     league_010 — M10__vs__vonneumann 2500/10000  M10 wins 59.4%  0.51 matches/s
2026-10-08 09:47:29,019 INFO     league_010 — M5__vs__vonneumann 1500/10000  M5 wins 60.1%  0.56 matches/s
2026-10-08 09:49:34,840 INFO     league_010 — M10__vs__vonneumann 2600/10000  M10 wins 59.4%  0.51 matches/s
2026-10-08 09:50:17,589 INFO     league_010 — M5__vs__vonneumann 1600/10000  M5 wins 60.2%  0.56 matches/s
2026-10-08 09:50:18,878 INFO     league_010 — M20__vs__vonneumann 1700/10000  M20 wins 58.1%  0.54 matches/s
2026-10-08 09:52:29,355 INFO     league_010 — M10__vs__vonneumann 2700/10000  M10 wins 59.6%  0.52 matches/s
2026-10-08 09:53:29,026 INFO     league_010 — M5__vs__vonneumann 1700/10000  M5 wins 59.4%  0.56 matches/s
2026-10-08 09:53:49,679 INFO     league_010 — M20__vs__vonneumann 1800/10000  M20 wins 58.1%  0.53 matches/s
2026-10-08 09:55:28,944 INFO     league_010 — M10__vs__vonneumann 2800/10000  M10 wins 59.6%  0.52 matches/s
2026-10-08 09:56:38,816 INFO     league_010 — M5__vs__vonneumann 1800/10000  M5 wins 59.2%  0.56 matches/s
2026-10-08 09:57:21,249 INFO     league_010 — M20__vs__vonneumann 1900/10000  M20 wins 58.2%  0.53 matches/s
2026-10-08 09:58:26,205 INFO     league_010 — M10__vs__vonneumann 2900/10000  M10 wins 59.4%  0.52 matches/s
2026-10-08 09:59:18,478 INFO     league_010 — M5__vs__vonneumann 1900/10000  M5 wins 59.2%  0.56 matches/s
2026-10-08 10:00:44,431 INFO     league_010 — M20__vs__vonneumann 2000/10000  M20 wins 58.0%  0.53 matches/s
2026-10-08 10:01:25,835 INFO     league_010 — M10__vs__vonneumann 3000/10000  M10 wins 59.5%  0.52 matches/s
2026-10-08 10:02:13,819 INFO     league_010 — M5__vs__vonneumann 2000/10000  M5 wins 59.0%  0.56 matches/s
2026-10-08 10:03:58,329 INFO     league_010 — M20__vs__vonneumann 2100/10000  M20 wins 57.9%  0.53 matches/s
2026-10-08 10:04:36,024 INFO     league_010 — M10__vs__vonneumann 3100/10000  M10 wins 59.4%  0.52 matches/s
2026-10-08 10:05:09,791 INFO     league_010 — M5__vs__vonneumann 2100/10000  M5 wins 58.7%  0.56 matches/s
2026-10-08 10:07:29,110 INFO     league_010 — M10__vs__vonneumann 3200/10000  M10 wins 59.3%  0.52 matches/s
2026-10-08 10:07:44,900 INFO     league_010 — M20__vs__vonneumann 2200/10000  M20 wins 58.1%  0.52 matches/s
2026-10-08 10:08:22,442 INFO     league_010 — M5__vs__vonneumann 2200/10000  M5 wins 58.7%  0.56 matches/s
2026-10-08 10:10:49,586 INFO     league_010 — M10__vs__vonneumann 3300/10000  M10 wins 59.3%  0.52 matches/s
2026-10-08 10:11:02,539 INFO     league_010 — M20__vs__vonneumann 2300/10000  M20 wins 58.0%  0.52 matches/s
2026-10-08 10:11:06,898 INFO     league_010 — M5__vs__vonneumann 2300/10000  M5 wins 58.5%  0.56 matches/s
2026-10-08 10:13:51,074 INFO     league_010 — M10__vs__vonneumann 3400/10000  M10 wins 59.2%  0.52 matches/s
2026-10-08 10:14:18,599 INFO     league_010 — M20__vs__vonneumann 2400/10000  M20 wins 58.1%  0.52 matches/s
2026-10-08 10:14:29,090 INFO     league_010 — M5__vs__vonneumann 2400/10000  M5 wins 58.8%  0.56 matches/s
2026-10-08 10:16:41,920 INFO     league_010 — M10__vs__vonneumann 3500/10000  M10 wins 59.3%  0.52 matches/s
2026-10-08 10:17:16,156 INFO     league_010 — M5__vs__vonneumann 2500/10000  M5 wins 58.7%  0.56 matches/s
2026-10-08 10:17:35,832 INFO     league_010 — M20__vs__vonneumann 2500/10000  M20 wins 58.1%  0.52 matches/s
2026-10-08 10:19:38,727 INFO     league_010 — M10__vs__vonneumann 3600/10000  M10 wins 59.2%  0.52 matches/s
2026-10-08 10:20:22,515 INFO     league_010 — M5__vs__vonneumann 2600/10000  M5 wins 58.6%  0.56 matches/s
2026-10-08 10:20:53,707 INFO     league_010 — M20__vs__vonneumann 2600/10000  M20 wins 57.9%  0.52 matches/s
2026-10-08 10:22:41,729 INFO     league_010 — M10__vs__vonneumann 3700/10000  M10 wins 59.2%  0.52 matches/s
2026-10-08 10:23:30,828 INFO     league_010 — M5__vs__vonneumann 2700/10000  M5 wins 58.7%  0.56 matches/s
2026-10-08 10:24:20,477 INFO     league_010 — M20__vs__vonneumann 2700/10000  M20 wins 58.1%  0.52 matches/s
2026-10-08 10:25:44,236 INFO     league_010 — M10__vs__vonneumann 3800/10000  M10 wins 59.2%  0.53 matches/s
2026-10-08 10:26:32,878 INFO     league_010 — M5__vs__vonneumann 2800/10000  M5 wins 58.6%  0.56 matches/s
2026-10-08 10:27:51,339 INFO     league_010 — M20__vs__vonneumann 2800/10000  M20 wins 58.1%  0.52 matches/s
2026-10-08 10:28:41,894 INFO     league_010 — M10__vs__vonneumann 3900/10000  M10 wins 59.4%  0.53 matches/s
2026-10-08 10:29:26,526 INFO     league_010 — M5__vs__vonneumann 2900/10000  M5 wins 58.7%  0.56 matches/s
2026-10-08 10:31:28,793 INFO     league_010 — M20__vs__vonneumann 2900/10000  M20 wins 57.9%  0.51 matches/s
2026-10-08 10:31:33,589 INFO     league_010 — M10__vs__vonneumann 4000/10000  M10 wins 59.4%  0.53 matches/s
2026-10-08 10:32:34,698 INFO     league_010 — M5__vs__vonneumann 3000/10000  M5 wins 58.4%  0.56 matches/s
2026-10-08 10:34:36,627 INFO     league_010 — M10__vs__vonneumann 4100/10000  M10 wins 59.4%  0.53 matches/s
2026-10-08 10:34:51,696 INFO     league_010 — M20__vs__vonneumann 3000/10000  M20 wins 57.6%  0.51 matches/s
2026-10-08 10:35:54,389 INFO     league_010 — M5__vs__vonneumann 3100/10000  M5 wins 58.3%  0.56 matches/s
2026-10-08 10:37:44,137 INFO     league_010 — M10__vs__vonneumann 4200/10000  M10 wins 59.4%  0.53 matches/s
2026-10-08 10:38:09,970 INFO     league_010 — M20__vs__vonneumann 3100/10000  M20 wins 57.6%  0.51 matches/s
2026-10-08 10:38:55,549 INFO     league_010 — M5__vs__vonneumann 3200/10000  M5 wins 58.1%  0.56 matches/s
2026-10-08 10:40:37,469 INFO     league_010 — M10__vs__vonneumann 4300/10000  M10 wins 59.2%  0.53 matches/s
2026-10-08 10:41:34,331 INFO     league_010 — M20__vs__vonneumann 3200/10000  M20 wins 57.8%  0.51 matches/s
2026-10-08 10:41:49,927 INFO     league_010 — M5__vs__vonneumann 3300/10000  M5 wins 57.8%  0.56 matches/s
2026-10-08 10:43:32,946 INFO     league_010 — M10__vs__vonneumann 4400/10000  M10 wins 59.3%  0.53 matches/s
2026-10-08 10:44:57,745 INFO     league_010 — M5__vs__vonneumann 3400/10000  M5 wins 57.8%  0.56 matches/s
2026-10-08 10:45:09,817 INFO     league_010 — M20__vs__vonneumann 3300/10000  M20 wins 57.7%  0.51 matches/s
2026-10-08 10:46:32,281 INFO     league_010 — M10__vs__vonneumann 4500/10000  M10 wins 59.2%  0.53 matches/s
2026-10-08 10:48:07,079 INFO     league_010 — M5__vs__vonneumann 3500/10000  M5 wins 58.0%  0.55 matches/s
2026-10-08 10:48:47,630 INFO     league_010 — M20__vs__vonneumann 3400/10000  M20 wins 57.8%  0.51 matches/s
2026-10-08 10:49:53,520 INFO     league_010 — M10__vs__vonneumann 4600/10000  M10 wins 59.3%  0.53 matches/s
2026-10-08 10:50:50,984 INFO     league_010 — M5__vs__vonneumann 3600/10000  M5 wins 58.0%  0.56 matches/s
2026-10-08 10:52:07,121 INFO     league_010 — M20__vs__vonneumann 3500/10000  M20 wins 57.5%  0.51 matches/s
2026-10-08 10:52:44,356 INFO     league_010 — M10__vs__vonneumann 4700/10000  M10 wins 59.2%  0.53 matches/s
2026-10-08 10:53:58,535 INFO     league_010 — M5__vs__vonneumann 3700/10000  M5 wins 58.1%  0.56 matches/s
2026-10-08 10:55:45,259 INFO     league_010 — M20__vs__vonneumann 3600/10000  M20 wins 57.4%  0.51 matches/s
2026-10-08 10:55:47,611 INFO     league_010 — M10__vs__vonneumann 4800/10000  M10 wins 59.2%  0.53 matches/s
2026-10-08 10:56:44,524 INFO     league_010 — M5__vs__vonneumann 3800/10000  M5 wins 58.0%  0.56 matches/s
2026-10-08 10:58:43,654 INFO     league_010 — M10__vs__vonneumann 4900/10000  M10 wins 59.2%  0.53 matches/s
2026-10-08 10:59:03,879 INFO     league_010 — M20__vs__vonneumann 3700/10000  M20 wins 57.5%  0.51 matches/s
2026-10-08 10:59:39,596 INFO     league_010 — M5__vs__vonneumann 3900/10000  M5 wins 58.1%  0.56 matches/s
2026-10-08 11:01:57,699 INFO     league_010 — M10__vs__vonneumann 5000/10000  M10 wins 59.2%  0.53 matches/s
2026-10-08 11:02:26,687 INFO     league_010 — M20__vs__vonneumann 3800/10000  M20 wins 57.3%  0.51 matches/s
2026-10-08 11:02:37,722 INFO     league_010 — M5__vs__vonneumann 4000/10000  M5 wins 58.0%  0.56 matches/s
2026-10-08 11:04:59,381 INFO     league_010 — M10__vs__vonneumann 5100/10000  M10 wins 59.2%  0.53 matches/s
2026-10-08 11:05:40,050 INFO     league_010 — M5__vs__vonneumann 4100/10000  M5 wins 58.1%  0.56 matches/s
2026-10-08 11:06:08,625 INFO     league_010 — M20__vs__vonneumann 3900/10000  M20 wins 57.2%  0.51 matches/s
2026-10-08 11:08:07,902 INFO     league_010 — M10__vs__vonneumann 5200/10000  M10 wins 59.1%  0.53 matches/s
2026-10-08 11:08:30,669 INFO     league_010 — M5__vs__vonneumann 4200/10000  M5 wins 57.9%  0.56 matches/s
2026-10-08 11:09:47,242 INFO     league_010 — M20__vs__vonneumann 4000/10000  M20 wins 57.2%  0.50 matches/s
2026-10-08 11:11:09,546 INFO     league_010 — M5__vs__vonneumann 4300/10000  M5 wins 58.1%  0.56 matches/s
2026-10-08 11:11:18,793 INFO     league_010 — M10__vs__vonneumann 5300/10000  M10 wins 59.2%  0.53 matches/s
2026-10-08 11:13:18,584 INFO     league_010 — M20__vs__vonneumann 4100/10000  M20 wins 57.1%  0.50 matches/s
2026-10-08 11:14:26,248 INFO     league_010 — M10__vs__vonneumann 5400/10000  M10 wins 59.1%  0.53 matches/s
2026-10-08 11:14:29,723 INFO     league_010 — M5__vs__vonneumann 4400/10000  M5 wins 58.2%  0.56 matches/s
2026-10-08 11:16:34,862 INFO     league_010 — M20__vs__vonneumann 4200/10000  M20 wins 57.1%  0.50 matches/s
2026-10-08 11:17:30,885 INFO     league_010 — M10__vs__vonneumann 5500/10000  M10 wins 59.1%  0.53 matches/s
2026-10-08 11:17:35,540 INFO     league_010 — M5__vs__vonneumann 4500/10000  M5 wins 58.1%  0.56 matches/s
2026-10-08 11:19:48,695 INFO     league_010 — M20__vs__vonneumann 4300/10000  M20 wins 57.1%  0.50 matches/s
2026-10-08 11:20:13,015 INFO     league_010 — M10__vs__vonneumann 5600/10000  M10 wins 59.1%  0.53 matches/s
2026-10-08 11:20:21,798 INFO     league_010 — M5__vs__vonneumann 4600/10000  M5 wins 57.9%  0.56 matches/s
2026-10-08 11:23:11,250 INFO     league_010 — M10__vs__vonneumann 5700/10000  M10 wins 59.1%  0.53 matches/s
2026-10-08 11:23:35,361 INFO     league_010 — M20__vs__vonneumann 4400/10000  M20 wins 57.2%  0.50 matches/s
2026-10-08 11:23:36,445 INFO     league_010 — M5__vs__vonneumann 4700/10000  M5 wins 57.8%  0.56 matches/s
2026-10-08 11:26:17,076 INFO     league_010 — M10__vs__vonneumann 5800/10000  M10 wins 59.1%  0.53 matches/s
2026-10-08 11:26:33,871 INFO     league_010 — M5__vs__vonneumann 4800/10000  M5 wins 57.8%  0.56 matches/s
2026-10-08 11:27:06,509 INFO     league_010 — M20__vs__vonneumann 4500/10000  M20 wins 57.1%  0.50 matches/s
2026-10-08 11:29:15,227 INFO     league_010 — M10__vs__vonneumann 5900/10000  M10 wins 59.3%  0.53 matches/s
2026-10-08 11:29:42,122 INFO     league_010 — M5__vs__vonneumann 4900/10000  M5 wins 57.8%  0.56 matches/s
2026-10-08 11:30:38,443 INFO     league_010 — M20__vs__vonneumann 4600/10000  M20 wins 57.2%  0.50 matches/s
2026-10-08 11:32:21,887 INFO     league_010 — M10__vs__vonneumann 6000/10000  M10 wins 59.2%  0.53 matches/s
2026-10-08 11:32:47,735 INFO     league_010 — M5__vs__vonneumann 5000/10000  M5 wins 57.9%  0.56 matches/s
2026-10-08 11:33:56,235 INFO     league_010 — M20__vs__vonneumann 4700/10000  M20 wins 57.1%  0.50 matches/s
2026-10-08 11:35:03,562 INFO     league_010 — M10__vs__vonneumann 6100/10000  M10 wins 59.4%  0.54 matches/s
2026-10-08 11:36:10,676 INFO     league_010 — M5__vs__vonneumann 5100/10000  M5 wins 58.0%  0.55 matches/s
2026-10-08 11:37:17,322 INFO     league_010 — M20__vs__vonneumann 4800/10000  M20 wins 57.1%  0.50 matches/s
2026-10-08 11:37:58,413 INFO     league_010 — M10__vs__vonneumann 6200/10000  M10 wins 59.3%  0.54 matches/s
2026-10-08 11:39:26,094 INFO     league_010 — M5__vs__vonneumann 5200/10000  M5 wins 58.1%  0.55 matches/s
2026-10-08 11:40:40,579 INFO     league_010 — M20__vs__vonneumann 4900/10000  M20 wins 57.2%  0.50 matches/s
2026-10-08 11:40:53,398 INFO     league_010 — M10__vs__vonneumann 6300/10000  M10 wins 59.3%  0.54 matches/s
2026-10-08 11:42:42,168 INFO     league_010 — M5__vs__vonneumann 5300/10000  M5 wins 58.1%  0.55 matches/s
2026-10-08 11:44:08,832 INFO     league_010 — M10__vs__vonneumann 6400/10000  M10 wins 59.2%  0.54 matches/s
2026-10-08 11:44:11,339 INFO     league_010 — M20__vs__vonneumann 5000/10000  M20 wins 57.1%  0.50 matches/s
2026-10-08 11:45:53,933 INFO     league_010 — M5__vs__vonneumann 5400/10000  M5 wins 58.2%  0.55 matches/s
2026-10-08 11:47:10,521 INFO     league_010 — M10__vs__vonneumann 6500/10000  M10 wins 59.2%  0.54 matches/s
2026-10-08 11:47:28,600 INFO     league_010 — M20__vs__vonneumann 5100/10000  M20 wins 57.1%  0.50 matches/s
2026-10-08 11:49:09,891 INFO     league_010 — M5__vs__vonneumann 5500/10000  M5 wins 58.1%  0.55 matches/s
2026-10-08 11:50:26,255 INFO     league_010 — M20__vs__vonneumann 5200/10000  M20 wins 57.1%  0.50 matches/s
2026-10-08 11:50:53,278 INFO     league_010 — M10__vs__vonneumann 6600/10000  M10 wins 59.2%  0.53 matches/s
2026-10-08 11:51:49,455 INFO     league_010 — M5__vs__vonneumann 5600/10000  M5 wins 58.0%  0.55 matches/s
2026-10-08 11:53:00,879 INFO     league_010 — M20__vs__vonneumann 5300/10000  M20 wins 57.1%  0.50 matches/s
2026-10-08 11:54:35,036 INFO     league_010 — M10__vs__vonneumann 6700/10000  M10 wins 59.2%  0.53 matches/s
2026-10-08 11:54:51,135 INFO     league_010 — M5__vs__vonneumann 5700/10000  M5 wins 58.1%  0.55 matches/s
2026-10-08 11:55:37,672 INFO     league_010 — M20__vs__vonneumann 5400/10000  M20 wins 57.1%  0.51 matches/s
2026-10-08 11:57:59,394 INFO     league_010 — M5__vs__vonneumann 5800/10000  M5 wins 58.0%  0.55 matches/s
2026-10-08 11:58:22,235 INFO     league_010 — M20__vs__vonneumann 5500/10000  M20 wins 57.1%  0.51 matches/s
2026-10-08 11:58:33,157 INFO     league_010 — M10__vs__vonneumann 6800/10000  M10 wins 59.2%  0.53 matches/s
2026-10-08 12:00:43,093 INFO     league_010 — M5__vs__vonneumann 5900/10000  M5 wins 58.0%  0.55 matches/s
2026-10-08 12:01:07,611 INFO     league_010 — M20__vs__vonneumann 5600/10000  M20 wins 57.3%  0.51 matches/s
2026-10-08 12:02:08,640 INFO     league_010 — M10__vs__vonneumann 6900/10000  M10 wins 59.2%  0.53 matches/s
2026-10-08 12:03:39,847 INFO     league_010 — M5__vs__vonneumann 6000/10000  M5 wins 58.0%  0.55 matches/s
2026-10-08 12:03:52,223 INFO     league_010 — M20__vs__vonneumann 5700/10000  M20 wins 57.2%  0.51 matches/s
2026-10-08 12:05:44,980 INFO     league_010 — M10__vs__vonneumann 7000/10000  M10 wins 59.2%  0.53 matches/s
2026-10-08 12:06:17,008 INFO     league_010 — M5__vs__vonneumann 6100/10000  M5 wins 57.9%  0.55 matches/s
2026-10-08 12:06:42,334 INFO     league_010 — M20__vs__vonneumann 5800/10000  M20 wins 57.2%  0.51 matches/s
2026-10-08 12:09:36,030 INFO     league_010 — M10__vs__vonneumann 7100/10000  M10 wins 59.4%  0.53 matches/s
2026-10-08 12:09:36,217 INFO     league_010 — M20__vs__vonneumann 5900/10000  M20 wins 57.3%  0.51 matches/s
2026-10-08 12:09:39,270 INFO     league_010 — M5__vs__vonneumann 6200/10000  M5 wins 57.9%  0.55 matches/s
2026-10-08 12:12:10,301 INFO     league_010 — M20__vs__vonneumann 6000/10000  M20 wins 57.3%  0.51 matches/s
2026-10-08 12:12:29,895 INFO     league_010 — M5__vs__vonneumann 6300/10000  M5 wins 57.8%  0.55 matches/s
2026-10-08 12:13:19,714 INFO     league_010 — M10__vs__vonneumann 7200/10000  M10 wins 59.3%  0.53 matches/s
2026-10-08 12:15:01,068 INFO     league_010 — M20__vs__vonneumann 6100/10000  M20 wins 57.3%  0.51 matches/s
2026-10-08 12:15:48,000 INFO     league_010 — M5__vs__vonneumann 6400/10000  M5 wins 57.8%  0.55 matches/s
2026-10-08 12:17:23,557 INFO     league_010 — M10__vs__vonneumann 7300/10000  M10 wins 59.3%  0.52 matches/s
2026-10-08 12:17:42,740 INFO     league_010 — M20__vs__vonneumann 6200/10000  M20 wins 57.3%  0.52 matches/s
2026-10-08 12:18:55,160 INFO     league_010 — M5__vs__vonneumann 6500/10000  M5 wins 57.8%  0.55 matches/s
2026-10-08 12:20:16,612 INFO     league_010 — M20__vs__vonneumann 6300/10000  M20 wins 57.2%  0.52 matches/s
2026-10-08 12:21:04,263 INFO     league_010 — M10__vs__vonneumann 7400/10000  M10 wins 59.3%  0.52 matches/s
2026-10-08 12:21:58,173 INFO     league_010 — M5__vs__vonneumann 6600/10000  M5 wins 57.6%  0.55 matches/s
2026-10-08 12:23:05,602 INFO     league_010 — M20__vs__vonneumann 6400/10000  M20 wins 57.3%  0.52 matches/s
2026-10-08 12:24:50,132 INFO     league_010 — M10__vs__vonneumann 7500/10000  M10 wins 59.3%  0.52 matches/s
2026-10-08 12:24:57,316 INFO     league_010 — M5__vs__vonneumann 6700/10000  M5 wins 57.7%  0.55 matches/s
2026-10-08 12:25:34,719 INFO     league_010 — M20__vs__vonneumann 6500/10000  M20 wins 57.1%  0.52 matches/s
2026-10-08 12:27:48,914 INFO     league_010 — M5__vs__vonneumann 6800/10000  M5 wins 57.8%  0.55 matches/s
2026-10-08 12:28:21,576 INFO     league_010 — M10__vs__vonneumann 7600/10000  M10 wins 59.3%  0.52 matches/s
2026-10-08 12:28:27,098 INFO     league_010 — M20__vs__vonneumann 6600/10000  M20 wins 57.1%  0.52 matches/s
2026-10-08 12:30:58,834 INFO     league_010 — M5__vs__vonneumann 6900/10000  M5 wins 57.8%  0.55 matches/s
2026-10-08 12:31:33,833 INFO     league_010 — M20__vs__vonneumann 6700/10000  M20 wins 57.0%  0.52 matches/s
2026-10-08 12:32:03,122 INFO     league_010 — M10__vs__vonneumann 7700/10000  M10 wins 59.2%  0.52 matches/s
2026-10-08 12:33:58,779 INFO     league_010 — M5__vs__vonneumann 7000/10000  M5 wins 57.8%  0.55 matches/s
2026-10-08 12:34:10,443 INFO     league_010 — M20__vs__vonneumann 6800/10000  M20 wins 57.0%  0.52 matches/s
2026-10-08 12:35:45,073 INFO     league_010 — M10__vs__vonneumann 7800/10000  M10 wins 59.3%  0.52 matches/s
2026-10-08 12:36:57,722 INFO     league_010 — M20__vs__vonneumann 6900/10000  M20 wins 57.0%  0.52 matches/s
2026-10-08 12:37:05,760 INFO     league_010 — M5__vs__vonneumann 7100/10000  M5 wins 57.9%  0.55 matches/s
2026-10-08 12:39:38,402 INFO     league_010 — M10__vs__vonneumann 7900/10000  M10 wins 59.3%  0.52 matches/s
2026-10-08 12:40:02,307 INFO     league_010 — M20__vs__vonneumann 7000/10000  M20 wins 57.0%  0.52 matches/s
2026-10-08 12:40:02,631 INFO     league_010 — M5__vs__vonneumann 7200/10000  M5 wins 58.1%  0.55 matches/s
2026-10-08 12:42:33,754 INFO     league_010 — M20__vs__vonneumann 7100/10000  M20 wins 56.9%  0.53 matches/s
2026-10-08 12:42:44,831 INFO     league_010 — M5__vs__vonneumann 7300/10000  M5 wins 58.0%  0.55 matches/s
2026-10-08 12:43:32,867 INFO     league_010 — M10__vs__vonneumann 8000/10000  M10 wins 59.3%  0.52 matches/s
2026-10-08 12:45:24,322 INFO     league_010 — M20__vs__vonneumann 7200/10000  M20 wins 56.9%  0.53 matches/s
2026-10-08 12:46:16,665 INFO     league_010 — M5__vs__vonneumann 7400/10000  M5 wins 58.0%  0.55 matches/s
2026-10-08 12:47:36,438 INFO     league_010 — M10__vs__vonneumann 8100/10000  M10 wins 59.4%  0.51 matches/s
2026-10-08 12:48:18,700 INFO     league_010 — M20__vs__vonneumann 7300/10000  M20 wins 56.9%  0.53 matches/s
2026-10-08 12:49:37,534 INFO     league_010 — M5__vs__vonneumann 7500/10000  M5 wins 58.1%  0.55 matches/s
2026-10-08 12:50:53,433 INFO     league_010 — M20__vs__vonneumann 7400/10000  M20 wins 56.9%  0.53 matches/s
2026-10-08 12:51:21,733 INFO     league_010 — M10__vs__vonneumann 8200/10000  M10 wins 59.5%  0.51 matches/s
2026-10-08 12:53:01,303 INFO     league_010 — M5__vs__vonneumann 7600/10000  M5 wins 58.0%  0.55 matches/s
2026-10-08 12:53:35,832 INFO     league_010 — M20__vs__vonneumann 7500/10000  M20 wins 56.8%  0.53 matches/s
2026-10-08 12:55:13,517 INFO     league_010 — M10__vs__vonneumann 8300/10000  M10 wins 59.5%  0.51 matches/s
2026-10-08 12:55:56,577 INFO     league_010 — M5__vs__vonneumann 7700/10000  M5 wins 58.1%  0.55 matches/s
2026-10-08 12:56:20,958 INFO     league_010 — M20__vs__vonneumann 7600/10000  M20 wins 56.7%  0.53 matches/s
2026-10-08 12:58:52,648 INFO     league_010 — M5__vs__vonneumann 7800/10000  M5 wins 58.1%  0.55 matches/s
2026-10-08 12:58:55,960 INFO     league_010 — M20__vs__vonneumann 7700/10000  M20 wins 56.6%  0.53 matches/s
2026-10-08 12:59:14,665 INFO     league_010 — M10__vs__vonneumann 8400/10000  M10 wins 59.5%  0.51 matches/s
2026-10-08 13:01:42,706 INFO     league_010 — M20__vs__vonneumann 7800/10000  M20 wins 56.5%  0.53 matches/s
2026-10-08 13:02:20,606 INFO     league_010 — M5__vs__vonneumann 7900/10000  M5 wins 58.2%  0.55 matches/s
2026-10-08 13:03:01,088 INFO     league_010 — M10__vs__vonneumann 8500/10000  M10 wins 59.6%  0.51 matches/s
2026-10-08 13:04:32,428 INFO     league_010 — M20__vs__vonneumann 7900/10000  M20 wins 56.5%  0.53 matches/s
2026-10-08 13:05:14,428 INFO     league_010 — M5__vs__vonneumann 8000/10000  M5 wins 58.1%  0.55 matches/s
2026-10-08 13:06:40,838 INFO     league_010 — M10__vs__vonneumann 8600/10000  M10 wins 59.6%  0.51 matches/s
2026-10-08 13:07:21,882 INFO     league_010 — M20__vs__vonneumann 8000/10000  M20 wins 56.6%  0.53 matches/s
2026-10-08 13:08:09,139 INFO     league_010 — M5__vs__vonneumann 8100/10000  M5 wins 58.2%  0.55 matches/s
2026-10-08 13:10:05,239 INFO     league_010 — M20__vs__vonneumann 8100/10000  M20 wins 56.7%  0.53 matches/s
2026-10-08 13:10:28,422 INFO     league_010 — M10__vs__vonneumann 8700/10000  M10 wins 59.6%  0.51 matches/s
2026-10-08 13:10:54,207 INFO     league_010 — M5__vs__vonneumann 8200/10000  M5 wins 58.2%  0.55 matches/s
2026-10-08 13:12:50,087 INFO     league_010 — M20__vs__vonneumann 8200/10000  M20 wins 56.7%  0.54 matches/s
2026-10-08 13:13:43,087 INFO     league_010 — M5__vs__vonneumann 8300/10000  M5 wins 58.1%  0.55 matches/s
2026-10-08 13:14:03,121 INFO     league_010 — M10__vs__vonneumann 8800/10000  M10 wins 59.5%  0.51 matches/s
2026-10-08 13:15:31,303 INFO     league_010 — M20__vs__vonneumann 8300/10000  M20 wins 56.7%  0.54 matches/s
2026-10-08 13:16:49,020 INFO     league_010 — M5__vs__vonneumann 8400/10000  M5 wins 58.1%  0.55 matches/s
2026-10-08 13:17:58,943 INFO     league_010 — M20__vs__vonneumann 8400/10000  M20 wins 56.7%  0.54 matches/s
2026-10-08 13:18:00,430 INFO     league_010 — M10__vs__vonneumann 8900/10000  M10 wins 59.5%  0.51 matches/s
2026-10-08 13:19:58,949 INFO     league_010 — M5__vs__vonneumann 8500/10000  M5 wins 58.1%  0.55 matches/s
2026-10-08 13:20:53,265 INFO     league_010 — M20__vs__vonneumann 8500/10000  M20 wins 56.7%  0.54 matches/s
2026-10-08 13:22:11,513 INFO     league_010 — M10__vs__vonneumann 9000/10000  M10 wins 59.6%  0.50 matches/s
2026-10-08 13:22:59,174 INFO     league_010 — M5__vs__vonneumann 8600/10000  M5 wins 58.1%  0.55 matches/s
2026-10-08 13:23:41,169 INFO     league_010 — M20__vs__vonneumann 8600/10000  M20 wins 56.7%  0.54 matches/s
2026-10-08 13:25:42,949 INFO     league_010 — M5__vs__vonneumann 8700/10000  M5 wins 58.2%  0.55 matches/s
2026-10-08 13:25:56,359 INFO     league_010 — M10__vs__vonneumann 9100/10000  M10 wins 59.6%  0.50 matches/s
2026-10-08 13:26:30,565 INFO     league_010 — M20__vs__vonneumann 8700/10000  M20 wins 56.7%  0.54 matches/s
2026-10-08 13:28:45,443 INFO     league_010 — M5__vs__vonneumann 8800/10000  M5 wins 58.1%  0.55 matches/s
2026-10-08 13:29:00,402 INFO     league_010 — M20__vs__vonneumann 8800/10000  M20 wins 56.7%  0.54 matches/s
2026-10-08 13:29:55,486 INFO     league_010 — M10__vs__vonneumann 9200/10000  M10 wins 59.6%  0.50 matches/s
2026-10-08 13:31:52,748 INFO     league_010 — M20__vs__vonneumann 8900/10000  M20 wins 56.8%  0.54 matches/s
2026-10-08 13:31:56,258 INFO     league_010 — M5__vs__vonneumann 8900/10000  M5 wins 58.2%  0.55 matches/s
2026-10-08 13:33:34,913 INFO     league_010 — M10__vs__vonneumann 9300/10000  M10 wins 59.6%  0.50 matches/s
2026-10-08 13:34:20,177 INFO     league_010 — M20__vs__vonneumann 9000/10000  M20 wins 56.8%  0.54 matches/s
2026-10-08 13:34:54,662 INFO     league_010 — M5__vs__vonneumann 9000/10000  M5 wins 58.1%  0.55 matches/s
2026-10-08 13:37:11,691 INFO     league_010 — M10__vs__vonneumann 9400/10000  M10 wins 59.6%  0.50 matches/s
2026-10-08 13:37:12,272 INFO     league_010 — M20__vs__vonneumann 9100/10000  M20 wins 56.8%  0.54 matches/s
2026-10-08 13:37:56,150 INFO     league_010 — M5__vs__vonneumann 9100/10000  M5 wins 58.1%  0.55 matches/s
2026-10-08 13:40:09,693 INFO     league_010 — M20__vs__vonneumann 9200/10000  M20 wins 56.9%  0.54 matches/s
2026-10-08 13:40:46,624 INFO     league_010 — M10__vs__vonneumann 9500/10000  M10 wins 59.7%  0.50 matches/s
2026-10-08 13:40:47,797 INFO     league_010 — M5__vs__vonneumann 9200/10000  M5 wins 58.0%  0.55 matches/s
2026-10-08 13:42:48,404 INFO     league_010 — M20__vs__vonneumann 9300/10000  M20 wins 57.0%  0.54 matches/s
2026-10-08 13:43:57,604 INFO     league_010 — M5__vs__vonneumann 9300/10000  M5 wins 58.1%  0.55 matches/s
2026-10-08 13:44:28,043 INFO     league_010 — M10__vs__vonneumann 9600/10000  M10 wins 59.8%  0.50 matches/s
2026-10-08 13:45:36,888 INFO     league_010 — M20__vs__vonneumann 9400/10000  M20 wins 56.9%  0.54 matches/s
2026-10-08 13:47:15,804 INFO     league_010 — M5__vs__vonneumann 9400/10000  M5 wins 58.1%  0.55 matches/s
2026-10-08 13:48:01,818 INFO     league_010 — M20__vs__vonneumann 9500/10000  M20 wins 56.9%  0.55 matches/s
2026-10-08 13:48:22,541 INFO     league_010 — M10__vs__vonneumann 9700/10000  M10 wins 59.9%  0.50 matches/s
2026-10-08 13:50:26,012 INFO     league_010 — M5__vs__vonneumann 9500/10000  M5 wins 58.1%  0.55 matches/s
2026-10-08 13:51:07,752 INFO     league_010 — M20__vs__vonneumann 9600/10000  M20 wins 57.0%  0.55 matches/s
2026-10-08 13:52:22,049 INFO     league_010 — M10__vs__vonneumann 9800/10000  M10 wins 59.9%  0.50 matches/s
2026-10-08 13:53:05,859 INFO     league_010 — M5__vs__vonneumann 9600/10000  M5 wins 58.2%  0.55 matches/s
2026-10-08 13:53:41,915 INFO     league_010 — M20__vs__vonneumann 9700/10000  M20 wins 57.0%  0.55 matches/s
2026-10-08 13:56:05,011 INFO     league_010 — M5__vs__vonneumann 9700/10000  M5 wins 58.1%  0.55 matches/s
2026-10-08 13:56:19,864 INFO     league_010 — M20__vs__vonneumann 9800/10000  M20 wins 57.0%  0.55 matches/s
2026-10-08 13:56:24,307 INFO     league_010 — M10__vs__vonneumann 9900/10000  M10 wins 59.8%  0.50 matches/s
2026-10-08 13:59:02,231 INFO     league_010 — M20__vs__vonneumann 9900/10000  M20 wins 57.0%  0.55 matches/s
2026-10-08 13:59:19,993 INFO     league_010 — M5__vs__vonneumann 9800/10000  M5 wins 58.2%  0.55 matches/s
2026-10-08 14:00:20,506 INFO     league_010 — M10__vs__vonneumann 10000/10000  M10 wins 59.9%  0.50 matches/s
2026-10-08 14:00:20,509 INFO     league_010 — M10__vs__vonneumann winners_sha256=b6a31c23b6a4df59c7d74aca3d9474e12ab26df9296b72055fe62b3976e8a706
2026-10-08 14:00:20,991 INFO     league_010 — finished M10__vs__vonneumann
2026-10-08 14:01:28,559 INFO     league_010 — M20__vs__vonneumann 10000/10000  M20 wins 57.0%  0.55 matches/s
2026-10-08 14:01:28,561 INFO     league_010 — M20__vs__vonneumann winners_sha256=cfd78597b2a91da27861b650641b0c5f6fc4e8876a12e568b8838f48be88373e
2026-10-08 14:01:28,952 INFO     league_010 — finished M20__vs__vonneumann
2026-10-08 14:02:27,280 INFO     league_010 — M5__vs__vonneumann 9900/10000  M5 wins 58.1%  0.55 matches/s
2026-10-08 14:03:35,760 INFO     league_010 — random__vs__vonneumann 100/10000  random wins 20.0%  0.79 matches/s
2026-10-08 14:04:29,275 INFO     league_010 — bc_init__vs__vonneumann 100/10000  bc_init wins 41.0%  0.40 matches/s
2026-10-08 14:05:10,550 INFO     league_010 — M5__vs__vonneumann 10000/10000  M5 wins 58.0%  0.55 matches/s
2026-10-08 14:05:10,552 INFO     league_010 — M5__vs__vonneumann winners_sha256=6515b278811362e6bb82325461073da1fd49fef0f45d46ff56e30e1d8ed94613
2026-10-08 14:05:10,949 INFO     league_010 — finished M5__vs__vonneumann
2026-10-08 14:05:32,016 INFO     league_010 — random__vs__vonneumann 200/10000  random wins 17.5%  0.82 matches/s
2026-10-08 14:07:11,971 INFO     league_010 — random__vs__vonneumann 300/10000  random wins 19.3%  0.88 matches/s
2026-10-08 14:08:31,864 INFO     league_010 — threshold__vs__vonneumann 100/10000  threshold wins 59.0%  0.50 matches/s
2026-10-08 14:08:33,994 INFO     league_010 — bc_init__vs__vonneumann 200/10000  bc_init wins 44.0%  0.41 matches/s
2026-10-08 14:09:01,616 INFO     league_010 — random__vs__vonneumann 400/10000  random wins 20.5%  0.88 matches/s
2026-10-08 14:10:54,080 INFO     league_010 — random__vs__vonneumann 500/10000  random wins 18.8%  0.89 matches/s
2026-10-08 14:12:05,542 INFO     league_010 — threshold__vs__vonneumann 200/10000  threshold wins 60.5%  0.48 matches/s
2026-10-08 14:12:22,956 INFO     league_010 — bc_init__vs__vonneumann 300/10000  bc_init wins 44.7%  0.42 matches/s
2026-10-08 14:12:45,863 INFO     league_010 — random__vs__vonneumann 600/10000  random wins 18.7%  0.89 matches/s
2026-10-08 14:14:44,123 INFO     league_010 — random__vs__vonneumann 700/10000  random wins 17.6%  0.88 matches/s
2026-10-08 14:15:50,145 INFO     league_010 — threshold__vs__vonneumann 300/10000  threshold wins 64.0%  0.47 matches/s
2026-10-08 14:16:35,031 INFO     league_010 — bc_init__vs__vonneumann 400/10000  bc_init wins 46.8%  0.41 matches/s
2026-10-08 14:16:37,154 INFO     league_010 — random__vs__vonneumann 800/10000  random wins 16.8%  0.88 matches/s
2026-10-08 14:18:22,057 INFO     league_010 — random__vs__vonneumann 900/10000  random wins 17.1%  0.89 matches/s
2026-10-08 14:19:02,885 INFO     league_010 — threshold__vs__vonneumann 400/10000  threshold wins 62.8%  0.48 matches/s
2026-10-08 14:20:32,746 INFO     league_010 — random__vs__vonneumann 1000/10000  random wins 17.1%  0.87 matches/s
2026-10-08 14:20:33,257 INFO     league_010 — bc_init__vs__vonneumann 500/10000  bc_init wins 47.6%  0.41 matches/s
2026-10-08 14:22:18,546 INFO     league_010 — random__vs__vonneumann 1100/10000  random wins 17.6%  0.88 matches/s
2026-10-08 14:22:22,266 INFO     league_010 — threshold__vs__vonneumann 500/10000  threshold wins 62.6%  0.48 matches/s
2026-10-08 14:24:18,110 INFO     league_010 — random__vs__vonneumann 1200/10000  random wins 17.7%  0.88 matches/s
2026-10-08 14:24:21,245 INFO     league_010 — bc_init__vs__vonneumann 600/10000  bc_init wins 47.8%  0.42 matches/s
2026-10-08 14:25:35,724 INFO     league_010 — threshold__vs__vonneumann 600/10000  threshold wins 63.2%  0.49 matches/s
2026-10-08 14:26:08,153 INFO     league_010 — random__vs__vonneumann 1300/10000  random wins 18.0%  0.88 matches/s
2026-10-08 14:28:13,247 INFO     league_010 — random__vs__vonneumann 1400/10000  random wins 18.1%  0.87 matches/s
2026-10-08 14:28:19,618 INFO     league_010 — bc_init__vs__vonneumann 700/10000  bc_init wins 48.6%  0.42 matches/s
2026-10-08 14:29:08,719 INFO     league_010 — threshold__vs__vonneumann 700/10000  threshold wins 63.7%  0.49 matches/s
2026-10-08 14:30:00,595 INFO     league_010 — random__vs__vonneumann 1500/10000  random wins 18.3%  0.88 matches/s
2026-10-08 14:31:51,656 INFO     league_010 — random__vs__vonneumann 1600/10000  random wins 18.3%  0.88 matches/s
2026-10-08 14:32:43,522 INFO     league_010 — bc_init__vs__vonneumann 800/10000  bc_init wins 49.2%  0.41 matches/s
2026-10-08 14:32:48,399 INFO     league_010 — threshold__vs__vonneumann 800/10000  threshold wins 63.5%  0.48 matches/s
2026-10-08 14:33:57,832 INFO     league_010 — random__vs__vonneumann 1700/10000  random wins 18.0%  0.87 matches/s
2026-10-08 14:35:57,675 INFO     league_010 — random__vs__vonneumann 1800/10000  random wins 18.1%  0.87 matches/s
2026-10-08 14:36:17,640 INFO     league_010 — threshold__vs__vonneumann 900/10000  threshold wins 64.1%  0.48 matches/s
2026-10-08 14:36:35,748 INFO     league_010 — bc_init__vs__vonneumann 900/10000  bc_init wins 49.6%  0.41 matches/s
2026-10-08 14:37:43,758 INFO     league_010 — random__vs__vonneumann 1900/10000  random wins 17.8%  0.87 matches/s
2026-10-08 14:39:25,329 INFO     league_010 — random__vs__vonneumann 2000/10000  random wins 17.7%  0.88 matches/s
2026-10-08 14:39:31,152 INFO     league_010 — threshold__vs__vonneumann 1000/10000  threshold wins 63.8%  0.49 matches/s
2026-10-08 14:40:48,094 INFO     league_010 — bc_init__vs__vonneumann 1000/10000  bc_init wins 50.7%  0.41 matches/s
2026-10-08 14:41:25,320 INFO     league_010 — random__vs__vonneumann 2100/10000  random wins 17.8%  0.88 matches/s
2026-10-08 14:43:12,889 INFO     league_010 — threshold__vs__vonneumann 1100/10000  threshold wins 63.7%  0.48 matches/s
2026-10-08 14:43:13,871 INFO     league_010 — random__vs__vonneumann 2200/10000  random wins 17.7%  0.88 matches/s
2026-10-08 14:44:41,629 INFO     league_010 — bc_init__vs__vonneumann 1100/10000  bc_init wins 50.9%  0.41 matches/s
2026-10-08 14:45:18,278 INFO     league_010 — random__vs__vonneumann 2300/10000  random wins 17.9%  0.87 matches/s
2026-10-08 14:47:05,088 INFO     league_010 — threshold__vs__vonneumann 1200/10000  threshold wins 63.5%  0.48 matches/s
2026-10-08 14:47:24,196 INFO     league_010 — random__vs__vonneumann 2400/10000  random wins 17.7%  0.87 matches/s
2026-10-08 14:48:45,471 INFO     league_010 — bc_init__vs__vonneumann 1200/10000  bc_init wins 50.2%  0.41 matches/s
2026-10-08 14:49:14,571 INFO     league_010 — random__vs__vonneumann 2500/10000  random wins 17.6%  0.87 matches/s
2026-10-08 14:50:41,709 INFO     league_010 — threshold__vs__vonneumann 1300/10000  threshold wins 63.6%  0.48 matches/s
2026-10-08 14:51:15,173 INFO     league_010 — random__vs__vonneumann 2600/10000  random wins 17.5%  0.87 matches/s
2026-10-08 14:52:36,002 INFO     league_010 — bc_init__vs__vonneumann 1300/10000  bc_init wins 50.7%  0.41 matches/s
2026-10-08 14:53:21,500 INFO     league_010 — random__vs__vonneumann 2700/10000  random wins 17.5%  0.87 matches/s
2026-10-08 14:54:17,362 INFO     league_010 — threshold__vs__vonneumann 1400/10000  threshold wins 63.5%  0.48 matches/s
2026-10-08 14:55:17,090 INFO     league_010 — random__vs__vonneumann 2800/10000  random wins 17.4%  0.87 matches/s
2026-10-08 14:56:48,013 INFO     league_010 — bc_init__vs__vonneumann 1400/10000  bc_init wins 50.6%  0.41 matches/s
2026-10-08 14:57:15,114 INFO     league_010 — random__vs__vonneumann 2900/10000  random wins 17.5%  0.87 matches/s
2026-10-08 14:58:01,896 INFO     league_010 — threshold__vs__vonneumann 1500/10000  threshold wins 64.2%  0.47 matches/s
2026-10-08 14:59:18,918 INFO     league_010 — random__vs__vonneumann 3000/10000  random wins 17.7%  0.86 matches/s
2026-10-08 15:00:40,703 INFO     league_010 — bc_init__vs__vonneumann 1500/10000  bc_init wins 51.0%  0.41 matches/s
2026-10-08 15:01:14,737 INFO     league_010 — random__vs__vonneumann 3100/10000  random wins 17.5%  0.86 matches/s
2026-10-08 15:01:19,089 INFO     league_010 — threshold__vs__vonneumann 1600/10000  threshold wins 64.8%  0.48 matches/s
2026-10-08 15:03:06,952 INFO     league_010 — random__vs__vonneumann 3200/10000  random wins 17.6%  0.87 matches/s
2026-10-08 15:04:38,599 INFO     league_010 — bc_init__vs__vonneumann 1600/10000  bc_init wins 50.8%  0.41 matches/s
2026-10-08 15:04:53,824 INFO     league_010 — threshold__vs__vonneumann 1700/10000  threshold wins 64.9%  0.47 matches/s
2026-10-08 15:05:02,047 INFO     league_010 — random__vs__vonneumann 3300/10000  random wins 17.7%  0.87 matches/s
2026-10-08 15:06:43,303 INFO     league_010 — random__vs__vonneumann 3400/10000  random wins 17.7%  0.87 matches/s
2026-10-08 15:08:08,259 INFO     league_010 — threshold__vs__vonneumann 1800/10000  threshold wins 64.6%  0.48 matches/s
2026-10-08 15:08:34,791 INFO     league_010 — random__vs__vonneumann 3500/10000  random wins 17.7%  0.87 matches/s
2026-10-08 15:08:39,438 INFO     league_010 — bc_init__vs__vonneumann 1700/10000  bc_init wins 51.0%  0.41 matches/s
2026-10-08 15:10:24,436 INFO     league_010 — random__vs__vonneumann 3600/10000  random wins 17.6%  0.87 matches/s
2026-10-08 15:11:51,897 INFO     league_010 — threshold__vs__vonneumann 1900/10000  threshold wins 64.8%  0.47 matches/s
2026-10-08 15:12:10,870 INFO     league_010 — random__vs__vonneumann 3700/10000  random wins 17.6%  0.87 matches/s
2026-10-08 15:12:45,380 INFO     league_010 — bc_init__vs__vonneumann 1800/10000  bc_init wins 50.6%  0.41 matches/s
2026-10-08 15:14:05,114 INFO     league_010 — random__vs__vonneumann 3800/10000  random wins 17.8%  0.87 matches/s
2026-10-08 15:15:27,331 INFO     league_010 — threshold__vs__vonneumann 2000/10000  threshold wins 64.5%  0.47 matches/s
2026-10-08 15:16:05,221 INFO     league_010 — random__vs__vonneumann 3900/10000  random wins 17.8%  0.87 matches/s
2026-10-08 15:17:04,916 INFO     league_010 — bc_init__vs__vonneumann 1900/10000  bc_init wins 50.5%  0.41 matches/s
2026-10-08 15:17:55,679 INFO     league_010 — random__vs__vonneumann 4000/10000  random wins 17.9%  0.87 matches/s
2026-10-08 15:18:53,908 INFO     league_010 — threshold__vs__vonneumann 2100/10000  threshold wins 64.7%  0.47 matches/s
2026-10-08 15:19:52,673 INFO     league_010 — random__vs__vonneumann 4100/10000  random wins 17.8%  0.87 matches/s
2026-10-08 15:21:13,157 INFO     league_010 — bc_init__vs__vonneumann 2000/10000  bc_init wins 51.1%  0.41 matches/s
2026-10-08 15:21:57,478 INFO     league_010 — random__vs__vonneumann 4200/10000  random wins 17.8%  0.87 matches/s
2026-10-08 15:22:50,101 INFO     league_010 — threshold__vs__vonneumann 2200/10000  threshold wins 64.2%  0.47 matches/s
2026-10-08 15:23:43,394 INFO     league_010 — random__vs__vonneumann 4300/10000  random wins 17.9%  0.87 matches/s
2026-10-08 15:25:13,728 INFO     league_010 — bc_init__vs__vonneumann 2100/10000  bc_init wins 51.4%  0.41 matches/s
2026-10-08 15:25:32,361 INFO     league_010 — random__vs__vonneumann 4400/10000  random wins 17.8%  0.87 matches/s
2026-10-08 15:26:18,075 INFO     league_010 — threshold__vs__vonneumann 2300/10000  threshold wins 64.3%  0.47 matches/s
2026-10-08 15:27:24,344 INFO     league_010 — random__vs__vonneumann 4500/10000  random wins 17.7%  0.87 matches/s
2026-10-08 15:29:11,550 INFO     league_010 — bc_init__vs__vonneumann 2200/10000  bc_init wins 51.4%  0.41 matches/s
2026-10-08 15:29:18,171 INFO     league_010 — random__vs__vonneumann 4600/10000  random wins 17.8%  0.87 matches/s
2026-10-08 15:30:01,169 INFO     league_010 — threshold__vs__vonneumann 2400/10000  threshold wins 64.3%  0.47 matches/s
2026-10-08 15:31:18,116 INFO     league_010 — random__vs__vonneumann 4700/10000  random wins 17.9%  0.87 matches/s
2026-10-08 15:33:04,727 INFO     league_010 — random__vs__vonneumann 4800/10000  random wins 17.9%  0.87 matches/s
2026-10-08 15:33:25,418 INFO     league_010 — bc_init__vs__vonneumann 2300/10000  bc_init wins 51.3%  0.41 matches/s
2026-10-08 15:33:45,592 INFO     league_010 — threshold__vs__vonneumann 2500/10000  threshold wins 64.2%  0.47 matches/s
2026-10-08 15:35:13,680 INFO     league_010 — random__vs__vonneumann 4900/10000  random wins 17.9%  0.87 matches/s
2026-10-08 15:36:47,896 INFO     league_010 — threshold__vs__vonneumann 2600/10000  threshold wins 64.1%  0.47 matches/s
2026-10-08 15:37:33,204 INFO     league_010 — bc_init__vs__vonneumann 2400/10000  bc_init wins 51.2%  0.41 matches/s
2026-10-08 15:37:40,107 INFO     league_010 — random__vs__vonneumann 5000/10000  random wins 18.0%  0.87 matches/s
2026-10-08 15:39:39,891 INFO     league_010 — threshold__vs__vonneumann 2700/10000  threshold wins 64.2%  0.48 matches/s
2026-10-08 15:39:51,656 INFO     league_010 — random__vs__vonneumann 5100/10000  random wins 18.0%  0.86 matches/s
2026-10-08 15:41:43,036 INFO     league_010 — bc_init__vs__vonneumann 2500/10000  bc_init wins 51.1%  0.41 matches/s
2026-10-08 15:42:19,110 INFO     league_010 — threshold__vs__vonneumann 2800/10000  threshold wins 64.5%  0.48 matches/s
2026-10-08 15:42:22,351 INFO     league_010 — random__vs__vonneumann 5200/10000  random wins 17.9%  0.86 matches/s
2026-10-08 15:44:43,014 INFO     league_010 — random__vs__vonneumann 5300/10000  random wins 18.0%  0.86 matches/s
2026-10-08 15:45:13,127 INFO     league_010 — threshold__vs__vonneumann 2900/10000  threshold wins 64.2%  0.48 matches/s
2026-10-08 15:45:36,580 INFO     league_010 — bc_init__vs__vonneumann 2600/10000  bc_init wins 50.9%  0.41 matches/s
2026-10-08 15:47:03,509 INFO     league_010 — random__vs__vonneumann 5400/10000  random wins 17.9%  0.85 matches/s
2026-10-08 15:48:01,124 INFO     league_010 — threshold__vs__vonneumann 3000/10000  threshold wins 64.2%  0.49 matches/s
2026-10-08 15:49:29,381 INFO     league_010 — random__vs__vonneumann 5500/10000  random wins 18.0%  0.85 matches/s
2026-10-08 15:50:06,018 INFO     league_010 — bc_init__vs__vonneumann 2700/10000  bc_init wins 50.8%  0.41 matches/s
2026-10-08 15:50:29,818 INFO     league_010 — threshold__vs__vonneumann 3100/10000  threshold wins 64.2%  0.49 matches/s
2026-10-08 15:51:46,946 INFO     league_010 — random__vs__vonneumann 5600/10000  random wins 18.0%  0.85 matches/s
2026-10-08 15:53:06,955 INFO     league_010 — threshold__vs__vonneumann 3200/10000  threshold wins 63.9%  0.49 matches/s
2026-10-08 15:53:53,854 INFO     league_010 — bc_init__vs__vonneumann 2800/10000  bc_init wins 51.0%  0.41 matches/s
2026-10-08 15:54:17,351 INFO     league_010 — random__vs__vonneumann 5700/10000  random wins 18.1%  0.84 matches/s
2026-10-08 15:55:55,800 INFO     league_010 — threshold__vs__vonneumann 3300/10000  threshold wins 63.9%  0.50 matches/s
2026-10-08 15:56:48,639 INFO     league_010 — random__vs__vonneumann 5800/10000  random wins 18.0%  0.84 matches/s
2026-10-08 15:58:02,054 INFO     league_010 — bc_init__vs__vonneumann 2900/10000  bc_init wins 50.8%  0.41 matches/s
2026-10-08 15:58:49,322 INFO     league_010 — threshold__vs__vonneumann 3400/10000  threshold wins 63.9%  0.50 matches/s
2026-10-08 15:59:04,093 INFO     league_010 — random__vs__vonneumann 5900/10000  random wins 18.0%  0.84 matches/s
2026-10-08 16:01:28,380 INFO     league_010 — random__vs__vonneumann 6000/10000  random wins 18.0%  0.83 matches/s
2026-10-08 16:01:52,839 INFO     league_010 — threshold__vs__vonneumann 3500/10000  threshold wins 63.9%  0.50 matches/s
2026-10-08 16:02:07,818 INFO     league_010 — bc_init__vs__vonneumann 3000/10000  bc_init wins 51.0%  0.41 matches/s
2026-10-08 16:04:03,646 INFO     league_010 — random__vs__vonneumann 6100/10000  random wins 17.9%  0.83 matches/s
2026-10-08 16:04:51,596 INFO     league_010 — threshold__vs__vonneumann 3600/10000  threshold wins 64.1%  0.50 matches/s
2026-10-08 16:06:26,377 INFO     league_010 — random__vs__vonneumann 6200/10000  random wins 17.9%  0.83 matches/s
2026-10-08 16:06:27,522 INFO     league_010 — bc_init__vs__vonneumann 3100/10000  bc_init wins 51.0%  0.41 matches/s
2026-10-08 16:07:38,972 INFO     league_010 — threshold__vs__vonneumann 3700/10000  threshold wins 64.0%  0.50 matches/s
2026-10-08 16:09:15,530 INFO     league_010 — random__vs__vonneumann 6300/10000  random wins 17.9%  0.82 matches/s
2026-10-08 16:10:21,431 INFO     league_010 — threshold__vs__vonneumann 3800/10000  threshold wins 63.9%  0.51 matches/s
2026-10-08 16:10:31,127 INFO     league_010 — bc_init__vs__vonneumann 3200/10000  bc_init wins 50.8%  0.41 matches/s
2026-10-08 16:11:45,254 INFO     league_010 — random__vs__vonneumann 6400/10000  random wins 18.0%  0.82 matches/s
2026-10-08 16:13:10,968 INFO     league_010 — threshold__vs__vonneumann 3900/10000  threshold wins 63.9%  0.51 matches/s
2026-10-08 16:14:13,538 INFO     league_010 — random__vs__vonneumann 6500/10000  random wins 18.0%  0.82 matches/s
2026-10-08 16:14:29,055 INFO     league_010 — bc_init__vs__vonneumann 3300/10000  bc_init wins 51.0%  0.41 matches/s
2026-10-08 16:15:54,020 INFO     league_010 — threshold__vs__vonneumann 4000/10000  threshold wins 63.7%  0.51 matches/s
2026-10-08 16:16:48,745 INFO     league_010 — random__vs__vonneumann 6600/10000  random wins 18.0%  0.81 matches/s
2026-10-08 16:18:34,960 INFO     league_010 — bc_init__vs__vonneumann 3400/10000  bc_init wins 50.9%  0.41 matches/s
2026-10-08 16:18:50,392 INFO     league_010 — threshold__vs__vonneumann 4100/10000  threshold wins 63.6%  0.51 matches/s
2026-10-08 16:19:19,584 INFO     league_010 — random__vs__vonneumann 6700/10000  random wins 17.8%  0.81 matches/s
2026-10-08 16:21:31,429 INFO     league_010 — threshold__vs__vonneumann 4200/10000  threshold wins 63.6%  0.51 matches/s
2026-10-08 16:21:45,624 INFO     league_010 — random__vs__vonneumann 6800/10000  random wins 17.8%  0.81 matches/s
2026-10-08 16:22:28,527 INFO     league_010 — bc_init__vs__vonneumann 3500/10000  bc_init wins 50.9%  0.41 matches/s
2026-10-08 16:23:58,470 INFO     league_010 — random__vs__vonneumann 6900/10000  random wins 18.0%  0.81 matches/s
2026-10-08 16:24:22,306 INFO     league_010 — threshold__vs__vonneumann 4300/10000  threshold wins 63.5%  0.51 matches/s
2026-10-08 16:26:28,699 INFO     league_010 — random__vs__vonneumann 7000/10000  random wins 17.9%  0.80 matches/s
2026-10-08 16:26:32,409 INFO     league_010 — bc_init__vs__vonneumann 3600/10000  bc_init wins 50.8%  0.41 matches/s
2026-10-08 16:27:19,415 INFO     league_010 — threshold__vs__vonneumann 4400/10000  threshold wins 63.2%  0.52 matches/s
2026-10-08 16:28:41,395 INFO     league_010 — random__vs__vonneumann 7100/10000  random wins 18.0%  0.80 matches/s
2026-10-08 16:30:07,398 INFO     league_010 — threshold__vs__vonneumann 4500/10000  threshold wins 63.2%  0.52 matches/s
2026-10-08 16:30:34,577 INFO     league_010 — bc_init__vs__vonneumann 3700/10000  bc_init wins 50.8%  0.41 matches/s
2026-10-08 16:31:12,647 INFO     league_010 — random__vs__vonneumann 7200/10000  random wins 18.0%  0.80 matches/s
2026-10-08 16:32:49,930 INFO     league_010 — threshold__vs__vonneumann 4600/10000  threshold wins 63.2%  0.52 matches/s
2026-10-08 16:33:55,324 INFO     league_010 — random__vs__vonneumann 7300/10000  random wins 18.0%  0.80 matches/s
2026-10-08 16:34:52,105 INFO     league_010 — bc_init__vs__vonneumann 3800/10000  bc_init wins 50.9%  0.41 matches/s
2026-10-08 16:35:31,482 INFO     league_010 — threshold__vs__vonneumann 4700/10000  threshold wins 63.2%  0.52 matches/s
2026-10-08 16:36:07,203 INFO     league_010 — random__vs__vonneumann 7400/10000  random wins 17.9%  0.80 matches/s
2026-10-08 16:38:11,892 INFO     league_010 — threshold__vs__vonneumann 4800/10000  threshold wins 63.3%  0.52 matches/s
2026-10-08 16:38:36,778 INFO     league_010 — random__vs__vonneumann 7500/10000  random wins 17.8%  0.80 matches/s
2026-10-08 16:39:08,297 INFO     league_010 — bc_init__vs__vonneumann 3900/10000  bc_init wins 51.0%  0.41 matches/s
2026-10-08 16:40:39,930 INFO     league_010 — threshold__vs__vonneumann 4900/10000  threshold wins 63.3%  0.53 matches/s
2026-10-08 16:41:04,301 INFO     league_010 — random__vs__vonneumann 7600/10000  random wins 17.8%  0.79 matches/s
2026-10-08 16:43:23,068 INFO     league_010 — bc_init__vs__vonneumann 4000/10000  bc_init wins 51.1%  0.41 matches/s
2026-10-08 16:43:27,000 INFO     league_010 — threshold__vs__vonneumann 5000/10000  threshold wins 63.4%  0.53 matches/s
2026-10-08 16:43:40,501 INFO     league_010 — random__vs__vonneumann 7700/10000  random wins 17.8%  0.79 matches/s
2026-10-08 16:46:01,955 INFO     league_010 — random__vs__vonneumann 7800/10000  random wins 17.8%  0.79 matches/s
2026-10-08 16:46:12,730 INFO     league_010 — threshold__vs__vonneumann 5100/10000  threshold wins 63.4%  0.53 matches/s
2026-10-08 16:47:25,464 INFO     league_010 — bc_init__vs__vonneumann 4100/10000  bc_init wins 51.0%  0.41 matches/s
2026-10-08 16:48:35,296 INFO     league_010 — random__vs__vonneumann 7900/10000  random wins 17.8%  0.79 matches/s
2026-10-08 16:48:45,165 INFO     league_010 — threshold__vs__vonneumann 5200/10000  threshold wins 63.2%  0.53 matches/s
2026-10-08 16:51:14,088 INFO     league_010 — random__vs__vonneumann 8000/10000  random wins 17.9%  0.79 matches/s
2026-10-08 16:51:30,053 INFO     league_010 — bc_init__vs__vonneumann 4200/10000  bc_init wins 51.0%  0.41 matches/s
2026-10-08 16:51:35,061 INFO     league_010 — threshold__vs__vonneumann 5300/10000  threshold wins 63.2%  0.53 matches/s
2026-10-08 16:53:30,978 INFO     league_010 — random__vs__vonneumann 8100/10000  random wins 17.9%  0.78 matches/s
2026-10-08 16:54:23,176 INFO     league_010 — threshold__vs__vonneumann 5400/10000  threshold wins 63.2%  0.53 matches/s
2026-10-08 16:55:39,303 INFO     league_010 — bc_init__vs__vonneumann 4300/10000  bc_init wins 50.9%  0.41 matches/s
2026-10-08 16:55:59,649 INFO     league_010 — random__vs__vonneumann 8200/10000  random wins 18.0%  0.78 matches/s
2026-10-08 16:57:09,190 INFO     league_010 — threshold__vs__vonneumann 5500/10000  threshold wins 63.2%  0.53 matches/s
2026-10-08 16:58:20,353 INFO     league_010 — random__vs__vonneumann 8300/10000  random wins 18.0%  0.78 matches/s
2026-10-08 16:59:38,932 INFO     league_010 — bc_init__vs__vonneumann 4400/10000  bc_init wins 51.1%  0.41 matches/s
2026-10-08 16:59:58,703 INFO     league_010 — threshold__vs__vonneumann 5600/10000  threshold wins 63.2%  0.53 matches/s
2026-10-08 17:00:41,334 INFO     league_010 — random__vs__vonneumann 8400/10000  random wins 18.0%  0.78 matches/s
2026-10-08 17:02:46,928 INFO     league_010 — threshold__vs__vonneumann 5700/10000  threshold wins 63.4%  0.53 matches/s
2026-10-08 17:03:02,637 INFO     league_010 — random__vs__vonneumann 8500/10000  random wins 17.9%  0.78 matches/s
2026-10-08 17:03:38,150 INFO     league_010 — bc_init__vs__vonneumann 4500/10000  bc_init wins 51.1%  0.41 matches/s
2026-10-08 17:05:17,116 INFO     league_010 — random__vs__vonneumann 8600/10000  random wins 18.0%  0.78 matches/s
2026-10-08 17:05:20,471 INFO     league_010 — threshold__vs__vonneumann 5800/10000  threshold wins 63.4%  0.54 matches/s
2026-10-08 17:07:39,260 INFO     league_010 — random__vs__vonneumann 8700/10000  random wins 18.0%  0.78 matches/s
2026-10-08 17:07:54,121 INFO     league_010 — bc_init__vs__vonneumann 4600/10000  bc_init wins 51.0%  0.41 matches/s
2026-10-08 17:08:14,109 INFO     league_010 — threshold__vs__vonneumann 5900/10000  threshold wins 63.5%  0.54 matches/s
2026-10-08 17:09:51,263 INFO     league_010 — random__vs__vonneumann 8800/10000  random wins 18.0%  0.78 matches/s
2026-10-08 17:11:06,601 INFO     league_010 — threshold__vs__vonneumann 6000/10000  threshold wins 63.5%  0.54 matches/s
2026-10-08 17:12:22,642 INFO     league_010 — bc_init__vs__vonneumann 4700/10000  bc_init wins 51.0%  0.41 matches/s
2026-10-08 17:12:22,998 INFO     league_010 — random__vs__vonneumann 8900/10000  random wins 17.9%  0.78 matches/s
2026-10-08 17:14:13,104 INFO     league_010 — threshold__vs__vonneumann 6100/10000  threshold wins 63.6%  0.54 matches/s
2026-10-08 17:14:55,650 INFO     league_010 — random__vs__vonneumann 9000/10000  random wins 18.0%  0.78 matches/s
2026-10-08 17:16:04,241 INFO     league_010 — bc_init__vs__vonneumann 4800/10000  bc_init wins 50.7%  0.41 matches/s
2026-10-08 17:17:10,589 INFO     league_010 — threshold__vs__vonneumann 6200/10000  threshold wins 63.5%  0.54 matches/s
2026-10-08 17:17:37,617 INFO     league_010 — random__vs__vonneumann 9100/10000  random wins 17.9%  0.77 matches/s
2026-10-08 17:19:44,668 INFO     league_010 — threshold__vs__vonneumann 6300/10000  threshold wins 63.5%  0.54 matches/s
2026-10-08 17:19:55,727 INFO     league_010 — random__vs__vonneumann 9200/10000  random wins 18.0%  0.77 matches/s
2026-10-08 17:20:05,893 INFO     league_010 — bc_init__vs__vonneumann 4900/10000  bc_init wins 50.6%  0.41 matches/s
2026-10-08 17:22:13,046 INFO     league_010 — random__vs__vonneumann 9300/10000  random wins 18.1%  0.77 matches/s
2026-10-08 17:22:35,629 INFO     league_010 — threshold__vs__vonneumann 6400/10000  threshold wins 63.5%  0.54 matches/s
2026-10-08 17:23:53,507 INFO     league_010 — bc_init__vs__vonneumann 5000/10000  bc_init wins 50.5%  0.41 matches/s
2026-10-08 17:24:41,713 INFO     league_010 — random__vs__vonneumann 9400/10000  random wins 18.0%  0.77 matches/s
2026-10-08 17:25:48,270 INFO     league_010 — threshold__vs__vonneumann 6500/10000  threshold wins 63.6%  0.54 matches/s
2026-10-08 17:27:12,736 INFO     league_010 — random__vs__vonneumann 9500/10000  random wins 18.0%  0.77 matches/s
2026-10-08 17:28:03,690 INFO     league_010 — bc_init__vs__vonneumann 5100/10000  bc_init wins 50.5%  0.41 matches/s
2026-10-08 17:28:44,589 INFO     league_010 — threshold__vs__vonneumann 6600/10000  threshold wins 63.5%  0.54 matches/s
2026-10-08 17:29:31,286 INFO     league_010 — random__vs__vonneumann 9600/10000  random wins 18.0%  0.77 matches/s
2026-10-08 17:31:21,426 INFO     league_010 — threshold__vs__vonneumann 6700/10000  threshold wins 63.6%  0.54 matches/s
2026-10-08 17:31:42,891 INFO     league_010 — bc_init__vs__vonneumann 5200/10000  bc_init wins 50.4%  0.41 matches/s
2026-10-08 17:32:13,006 INFO     league_010 — random__vs__vonneumann 9700/10000  random wins 18.1%  0.77 matches/s
2026-10-08 17:33:52,808 INFO     league_010 — threshold__vs__vonneumann 6800/10000  threshold wins 63.5%  0.54 matches/s
2026-10-08 17:34:29,986 INFO     league_010 — random__vs__vonneumann 9800/10000  random wins 18.1%  0.77 matches/s
2026-10-08 17:35:37,037 INFO     league_010 — bc_init__vs__vonneumann 5300/10000  bc_init wins 50.6%  0.41 matches/s
2026-10-08 17:36:31,132 INFO     league_010 — threshold__vs__vonneumann 6900/10000  threshold wins 63.5%  0.54 matches/s
2026-10-08 17:37:01,257 INFO     league_010 — random__vs__vonneumann 9900/10000  random wins 18.0%  0.77 matches/s
2026-10-08 17:38:47,949 INFO     league_010 — threshold__vs__vonneumann 7000/10000  threshold wins 63.6%  0.55 matches/s
2026-10-08 17:39:21,217 INFO     league_010 — random__vs__vonneumann 10000/10000  random wins 18.0%  0.76 matches/s
2026-10-08 17:39:21,220 INFO     league_010 — random__vs__vonneumann winners_sha256=d1e1cf8fef4e31cede45ec301cfafa6a1f53e7f68bd69b6f7f859b90b6c96bc7
2026-10-08 17:39:34,833 INFO     league_010 — bc_init__vs__vonneumann 5400/10000  bc_init wins 50.5%  0.41 matches/s
2026-10-08 17:41:31,547 INFO     league_010 — threshold__vs__vonneumann 7100/10000  threshold wins 63.6%  0.55 matches/s
2026-10-08 17:42:50,518 INFO     league_010 — bc_init__vs__vonneumann 5500/10000  bc_init wins 50.6%  0.41 matches/s
2026-10-08 17:44:28,907 INFO     league_010 — threshold__vs__vonneumann 7200/10000  threshold wins 63.5%  0.55 matches/s
2026-10-08 17:45:50,749 INFO     league_010 — bc_init__vs__vonneumann 5600/10000  bc_init wins 50.7%  0.41 matches/s
2026-10-08 17:47:27,902 INFO     league_010 — threshold__vs__vonneumann 7300/10000  threshold wins 63.6%  0.55 matches/s
2026-10-08 17:48:58,461 INFO     league_010 — bc_init__vs__vonneumann 5700/10000  bc_init wins 50.8%  0.42 matches/s
2026-10-08 17:50:13,582 INFO     league_010 — threshold__vs__vonneumann 7400/10000  threshold wins 63.6%  0.55 matches/s
2026-10-08 17:52:25,325 INFO     league_010 — bc_init__vs__vonneumann 5800/10000  bc_init wins 50.9%  0.42 matches/s
2026-10-08 17:52:48,166 INFO     league_010 — threshold__vs__vonneumann 7500/10000  threshold wins 63.7%  0.55 matches/s
2026-10-08 17:55:21,170 INFO     league_010 — threshold__vs__vonneumann 7600/10000  threshold wins 63.8%  0.55 matches/s
2026-10-08 17:55:34,651 INFO     league_010 — bc_init__vs__vonneumann 5900/10000  bc_init wins 51.0%  0.42 matches/s
2026-10-08 17:58:12,116 INFO     league_010 — threshold__vs__vonneumann 7700/10000  threshold wins 63.7%  0.55 matches/s
2026-10-08 17:58:34,546 INFO     league_010 — bc_init__vs__vonneumann 6000/10000  bc_init wins 50.9%  0.42 matches/s
2026-10-08 18:01:13,783 INFO     league_010 — threshold__vs__vonneumann 7800/10000  threshold wins 63.7%  0.55 matches/s
2026-10-08 18:01:38,368 INFO     league_010 — bc_init__vs__vonneumann 6100/10000  bc_init wins 50.8%  0.42 matches/s
2026-10-08 18:04:04,096 INFO     league_010 — threshold__vs__vonneumann 7900/10000  threshold wins 63.9%  0.55 matches/s
2026-10-08 18:04:36,912 INFO     league_010 — bc_init__vs__vonneumann 6200/10000  bc_init wins 50.8%  0.42 matches/s
2026-10-08 18:06:55,482 INFO     league_010 — threshold__vs__vonneumann 8000/10000  threshold wins 63.8%  0.55 matches/s
2026-10-08 18:07:40,061 INFO     league_010 — bc_init__vs__vonneumann 6300/10000  bc_init wins 50.7%  0.42 matches/s
2026-10-08 18:09:34,368 INFO     league_010 — threshold__vs__vonneumann 8100/10000  threshold wins 63.8%  0.55 matches/s
2026-10-08 18:10:36,914 INFO     league_010 — bc_init__vs__vonneumann 6400/10000  bc_init wins 50.8%  0.43 matches/s
2026-10-08 18:12:20,618 INFO     league_010 — threshold__vs__vonneumann 8200/10000  threshold wins 63.7%  0.55 matches/s
2026-10-08 18:13:51,860 INFO     league_010 — bc_init__vs__vonneumann 6500/10000  bc_init wins 50.7%  0.43 matches/s
2026-10-08 18:15:08,409 INFO     league_010 — threshold__vs__vonneumann 8300/10000  threshold wins 63.7%  0.55 matches/s
2026-10-08 18:16:38,803 INFO     league_010 — bc_init__vs__vonneumann 6600/10000  bc_init wins 50.6%  0.43 matches/s
2026-10-08 18:17:34,417 INFO     league_010 — threshold__vs__vonneumann 8400/10000  threshold wins 63.7%  0.55 matches/s
2026-10-08 18:19:58,528 INFO     league_010 — bc_init__vs__vonneumann 6700/10000  bc_init wins 50.6%  0.43 matches/s
2026-10-08 18:20:18,809 INFO     league_010 — threshold__vs__vonneumann 8500/10000  threshold wins 63.6%  0.56 matches/s
2026-10-08 18:22:57,277 INFO     league_010 — bc_init__vs__vonneumann 6800/10000  bc_init wins 50.5%  0.43 matches/s
2026-10-08 18:23:12,913 INFO     league_010 — threshold__vs__vonneumann 8600/10000  threshold wins 63.6%  0.56 matches/s
2026-10-08 18:26:12,519 INFO     league_010 — threshold__vs__vonneumann 8700/10000  threshold wins 63.6%  0.56 matches/s
2026-10-08 18:26:16,964 INFO     league_010 — bc_init__vs__vonneumann 6900/10000  bc_init wins 50.5%  0.43 matches/s
2026-10-08 18:29:07,278 INFO     league_010 — threshold__vs__vonneumann 8800/10000  threshold wins 63.6%  0.56 matches/s
2026-10-08 18:29:38,722 INFO     league_010 — bc_init__vs__vonneumann 7000/10000  bc_init wins 50.5%  0.43 matches/s
2026-10-08 18:31:51,609 INFO     league_010 — threshold__vs__vonneumann 8900/10000  threshold wins 63.7%  0.56 matches/s
2026-10-08 18:32:39,662 INFO     league_010 — bc_init__vs__vonneumann 7100/10000  bc_init wins 50.7%  0.43 matches/s
2026-10-08 18:34:30,734 INFO     league_010 — threshold__vs__vonneumann 9000/10000  threshold wins 63.7%  0.56 matches/s
2026-10-08 18:35:44,507 INFO     league_010 — bc_init__vs__vonneumann 7200/10000  bc_init wins 50.6%  0.44 matches/s
2026-10-08 18:36:58,163 INFO     league_010 — threshold__vs__vonneumann 9100/10000  threshold wins 63.8%  0.56 matches/s
2026-10-08 18:38:33,056 INFO     league_010 — bc_init__vs__vonneumann 7300/10000  bc_init wins 50.5%  0.44 matches/s
2026-10-08 18:39:48,393 INFO     league_010 — threshold__vs__vonneumann 9200/10000  threshold wins 63.8%  0.56 matches/s
2026-10-08 18:41:26,925 INFO     league_010 — bc_init__vs__vonneumann 7400/10000  bc_init wins 50.6%  0.44 matches/s
2026-10-08 18:42:29,818 INFO     league_010 — threshold__vs__vonneumann 9300/10000  threshold wins 63.8%  0.56 matches/s
2026-10-08 18:44:34,710 INFO     league_010 — bc_init__vs__vonneumann 7500/10000  bc_init wins 50.5%  0.44 matches/s
2026-10-08 18:45:17,713 INFO     league_010 — threshold__vs__vonneumann 9400/10000  threshold wins 63.8%  0.56 matches/s
2026-10-08 18:47:32,314 INFO     league_010 — bc_init__vs__vonneumann 7600/10000  bc_init wins 50.5%  0.44 matches/s
2026-10-08 18:48:05,853 INFO     league_010 — threshold__vs__vonneumann 9500/10000  threshold wins 63.8%  0.56 matches/s
2026-10-08 18:50:34,589 INFO     league_010 — bc_init__vs__vonneumann 7700/10000  bc_init wins 50.5%  0.44 matches/s
2026-10-08 18:50:51,735 INFO     league_010 — threshold__vs__vonneumann 9600/10000  threshold wins 63.9%  0.56 matches/s
2026-10-08 18:53:41,921 INFO     league_010 — threshold__vs__vonneumann 9700/10000  threshold wins 63.8%  0.56 matches/s
2026-10-08 18:53:43,436 INFO     league_010 — bc_init__vs__vonneumann 7800/10000  bc_init wins 50.6%  0.44 matches/s
2026-10-08 18:56:35,361 INFO     league_010 — threshold__vs__vonneumann 9800/10000  threshold wins 63.8%  0.56 matches/s
2026-10-08 18:57:00,045 INFO     league_010 — bc_init__vs__vonneumann 7900/10000  bc_init wins 50.5%  0.44 matches/s
2026-10-08 18:59:23,720 INFO     league_010 — threshold__vs__vonneumann 9900/10000  threshold wins 63.7%  0.56 matches/s
2026-10-08 19:00:11,501 INFO     league_010 — bc_init__vs__vonneumann 8000/10000  bc_init wins 50.4%  0.44 matches/s
2026-10-08 19:02:16,808 INFO     league_010 — threshold__vs__vonneumann 10000/10000  threshold wins 63.8%  0.56 matches/s
2026-10-08 19:02:16,810 INFO     league_010 — threshold__vs__vonneumann winners_sha256=2b0bb4de6137c491b10be9d256b2fd83190c3fe132ccefd54403ebb6b7857d77
2026-10-08 19:03:24,236 INFO     league_010 — bc_init__vs__vonneumann 8100/10000  bc_init wins 50.5%  0.45 matches/s
2026-10-08 19:06:32,912 INFO     league_010 — bc_init__vs__vonneumann 8200/10000  bc_init wins 50.5%  0.45 matches/s
2026-10-08 19:09:24,182 INFO     league_010 — bc_init__vs__vonneumann 8300/10000  bc_init wins 50.5%  0.45 matches/s
2026-10-08 19:12:35,260 INFO     league_010 — bc_init__vs__vonneumann 8400/10000  bc_init wins 50.5%  0.45 matches/s
2026-10-08 19:15:59,273 INFO     league_010 — bc_init__vs__vonneumann 8500/10000  bc_init wins 50.4%  0.45 matches/s
2026-10-08 19:19:09,457 INFO     league_010 — bc_init__vs__vonneumann 8600/10000  bc_init wins 50.5%  0.45 matches/s
2026-10-08 19:22:40,490 INFO     league_010 — bc_init__vs__vonneumann 8700/10000  bc_init wins 50.5%  0.45 matches/s
2026-10-08 19:25:52,494 INFO     league_010 — bc_init__vs__vonneumann 8800/10000  bc_init wins 50.4%  0.45 matches/s
2026-10-08 19:29:09,400 INFO     league_010 — bc_init__vs__vonneumann 8900/10000  bc_init wins 50.5%  0.45 matches/s
2026-10-08 19:32:16,638 INFO     league_010 — bc_init__vs__vonneumann 9000/10000  bc_init wins 50.4%  0.45 matches/s
2026-10-08 19:35:31,605 INFO     league_010 — bc_init__vs__vonneumann 9100/10000  bc_init wins 50.4%  0.45 matches/s
2026-10-08 19:39:03,088 INFO     league_010 — bc_init__vs__vonneumann 9200/10000  bc_init wins 50.4%  0.45 matches/s
2026-10-08 19:42:20,488 INFO     league_010 — bc_init__vs__vonneumann 9300/10000  bc_init wins 50.5%  0.45 matches/s
2026-10-08 19:45:18,302 INFO     league_010 — bc_init__vs__vonneumann 9400/10000  bc_init wins 50.5%  0.45 matches/s
2026-10-08 19:48:38,952 INFO     league_010 — bc_init__vs__vonneumann 9500/10000  bc_init wins 50.4%  0.45 matches/s
2026-10-08 19:51:57,889 INFO     league_010 — bc_init__vs__vonneumann 9600/10000  bc_init wins 50.4%  0.46 matches/s
2026-10-08 19:55:11,605 INFO     league_010 — bc_init__vs__vonneumann 9700/10000  bc_init wins 50.4%  0.46 matches/s
2026-10-08 19:58:06,948 INFO     league_010 — bc_init__vs__vonneumann 9800/10000  bc_init wins 50.4%  0.46 matches/s
2026-10-08 20:01:02,168 INFO     league_010 — bc_init__vs__vonneumann 9900/10000  bc_init wins 50.5%  0.46 matches/s
2026-10-08 20:04:07,464 INFO     league_010 — bc_init__vs__vonneumann 10000/10000  bc_init wins 50.4%  0.46 matches/s
2026-10-08 20:04:07,466 INFO     league_010 — bc_init__vs__vonneumann winners_sha256=58b0483e3fd91613d2dc17631831f8cff33983a5c1977d37d1a2279a3a420673
2026-10-08 20:04:07,920 INFO     league_010 — finished bc_init__vs__vonneumann
2026-10-08 20:04:07,921 INFO     league_010 — finished random__vs__vonneumann
2026-10-08 20:04:07,921 INFO     league_010 — finished threshold__vs__vonneumann
2026-10-08 20:04:08,001 INFO     league_010 — league league: all pairings done
exit 0 2026-10-08T20:04:08+00:00
